[  0%] Built target expat-2.0_autogen_timestamp_deps
[  0%] Automatic MOC and UIC for target expat-2.0
[  0%] Built target expat-2.0_autogen
[  0%] Building CXX object external/expat-2.0.1/CMakeFiles/expat-2.0.dir/expat-2.0_autogen/mocs_compilation.cpp.obj
[  0%] Building C object external/expat-2.0.1/CMakeFiles/expat-2.0.dir/lib/xmlparse.c.obj
[  0%] Building C object external/expat-2.0.1/CMakeFiles/expat-2.0.dir/lib/xmlrole.c.obj
[  1%] Building C object external/expat-2.0.1/CMakeFiles/expat-2.0.dir/lib/xmltok.c.obj
[  1%] Linking CXX static library libexpat-2.0.a
[  1%] Built target expat-2.0
[  1%] Built target lua-5.1_autogen_timestamp_deps
[  1%] Automatic MOC and UIC for target lua-5.1
[  1%] Built target lua-5.1_autogen
[  1%] Building CXX object external/lua-5.1.3/CMakeFiles/lua-5.1.dir/lua-5.1_autogen/mocs_compilation.cpp.obj
[  1%] Building C object external/lua-5.1.3/CMakeFiles/lua-5.1.dir/src/bit.c.obj
[  3%] Building C object external/lua-5.1.3/CMakeFiles/lua-5.1.dir/src/lapi.c.obj
[  3%] Building C object external/lua-5.1.3/CMakeFiles/lua-5.1.dir/src/lauxlib.c.obj
[  3%] Building C object external/lua-5.1.3/CMakeFiles/lua-5.1.dir/src/lbaselib.c.obj
[  3%] Building C object external/lua-5.1.3/CMakeFiles/lua-5.1.dir/src/lcode.c.obj
[  3%] Building C object external/lua-5.1.3/CMakeFiles/lua-5.1.dir/src/ldblib.c.obj
[  3%] Building C object external/lua-5.1.3/CMakeFiles/lua-5.1.dir/src/ldebug.c.obj
[  3%] Building C object external/lua-5.1.3/CMakeFiles/lua-5.1.dir/src/ldo.c.obj
[  3%] Building C object external/lua-5.1.3/CMakeFiles/lua-5.1.dir/src/ldump.c.obj
[  3%] Building C object external/lua-5.1.3/CMakeFiles/lua-5.1.dir/src/lfunc.c.obj
[  5%] Building C object external/lua-5.1.3/CMakeFiles/lua-5.1.dir/src/lgc.c.obj
[  5%] Building C object external/lua-5.1.3/CMakeFiles/lua-5.1.dir/src/linit.c.obj
[  5%] Building C object external/lua-5.1.3/CMakeFiles/lua-5.1.dir/src/liolib.c.obj
[  5%] Building C object external/lua-5.1.3/CMakeFiles/lua-5.1.dir/src/llex.c.obj
[  5%] Building C object external/lua-5.1.3/CMakeFiles/lua-5.1.dir/src/lmathlib.c.obj
[  5%] Building C object external/lua-5.1.3/CMakeFiles/lua-5.1.dir/src/lmem.c.obj
[  5%] Building C object external/lua-5.1.3/CMakeFiles/lua-5.1.dir/src/loadlib.c.obj
[  5%] Building C object external/lua-5.1.3/CMakeFiles/lua-5.1.dir/src/lobject.c.obj
[  5%] Building C object external/lua-5.1.3/CMakeFiles/lua-5.1.dir/src/lopcodes.c.obj
[  5%] Building C object external/lua-5.1.3/CMakeFiles/lua-5.1.dir/src/loslib.c.obj
[  6%] Building C object external/lua-5.1.3/CMakeFiles/lua-5.1.dir/src/lparser.c.obj
[  6%] Building C object external/lua-5.1.3/CMakeFiles/lua-5.1.dir/src/lstate.c.obj
[  6%] Building C object external/lua-5.1.3/CMakeFiles/lua-5.1.dir/src/lstring.c.obj
[  6%] Building C object external/lua-5.1.3/CMakeFiles/lua-5.1.dir/src/lstrlib.c.obj
[  6%] Building C object external/lua-5.1.3/CMakeFiles/lua-5.1.dir/src/ltable.c.obj
[  6%] Building C object external/lua-5.1.3/CMakeFiles/lua-5.1.dir/src/ltablib.c.obj
[  6%] Building C object external/lua-5.1.3/CMakeFiles/lua-5.1.dir/src/ltm.c.obj
[  6%] Building C object external/lua-5.1.3/CMakeFiles/lua-5.1.dir/src/lundump.c.obj
[  6%] Building C object external/lua-5.1.3/CMakeFiles/lua-5.1.dir/src/lvm.c.obj
[  6%] Building C object external/lua-5.1.3/CMakeFiles/lua-5.1.dir/src/lzio.c.obj
[  8%] Building C object external/lua-5.1.3/CMakeFiles/lua-5.1.dir/src/print.c.obj
[  8%] Linking CXX static library liblua-5.1.a
[  8%] Built target lua-5.1
[  8%] Built target freetype-2.0_autogen_timestamp_deps
[  8%] Automatic MOC and UIC for target freetype-2.0
[  8%] Built target freetype-2.0_autogen
[  8%] Building CXX object external/freetype-2.0.9/CMakeFiles/freetype-2.0.dir/freetype-2.0_autogen/mocs_compilation.cpp.obj
[  8%] Building C object external/freetype-2.0.9/CMakeFiles/freetype-2.0.dir/src/autohint/ahoptim.c.obj
[ 10%] Building C object external/freetype-2.0.9/CMakeFiles/freetype-2.0.dir/src/autohint/autohint.c.obj
[ 10%] Building C object external/freetype-2.0.9/CMakeFiles/freetype-2.0.dir/src/base/ftbase.c.obj
[ 10%] Building C object external/freetype-2.0.9/CMakeFiles/freetype-2.0.dir/src/base/ftbbox.c.obj
[ 10%] Building C object external/freetype-2.0.9/CMakeFiles/freetype-2.0.dir/src/base/ftextend.c.obj
[ 10%] Building C object external/freetype-2.0.9/CMakeFiles/freetype-2.0.dir/src/base/ftglyph.c.obj
[ 10%] Building C object external/freetype-2.0.9/CMakeFiles/freetype-2.0.dir/src/base/ftinit.c.obj
[ 10%] Building C object external/freetype-2.0.9/CMakeFiles/freetype-2.0.dir/src/base/ftmm.c.obj
[ 10%] Building C object external/freetype-2.0.9/CMakeFiles/freetype-2.0.dir/src/base/ftsynth.c.obj
[ 10%] Building C object external/freetype-2.0.9/CMakeFiles/freetype-2.0.dir/src/base/ftsystem.c.obj
[ 10%] Building C object external/freetype-2.0.9/CMakeFiles/freetype-2.0.dir/src/cid/cidgload.c.obj
[ 12%] Building C object external/freetype-2.0.9/CMakeFiles/freetype-2.0.dir/src/cid/cidload.c.obj
[ 12%] Building C object external/freetype-2.0.9/CMakeFiles/freetype-2.0.dir/src/cid/cidobjs.c.obj
[ 12%] Building C object external/freetype-2.0.9/CMakeFiles/freetype-2.0.dir/src/cid/cidparse.c.obj
[ 12%] Building C object external/freetype-2.0.9/CMakeFiles/freetype-2.0.dir/src/cid/cidriver.c.obj
[ 12%] Building C object external/freetype-2.0.9/CMakeFiles/freetype-2.0.dir/src/cff/cff.c.obj
cmake.exe : In file included from [01m[KD:\workcode\game\warden\external\freetype-2.0.9\src\cff\cff.c:26[m[K:
所在位置 行:1 字符: 121
+ ... rget clean; & "C:\Program Files\JetBrains\CLion 2026.2.1\bin\cmake\wi ...
+                 ~~~~~~~~~~~~~~~~~~~~~~~~~~~~~~~~~~~~~~~~~~~~~~~~~~~~~~~~~
    + CategoryInfo          : NotSpecified: (In file include...cff.c:26[m[K::String) [], RemoteException
    + FullyQualifiedErrorId : NativeCommandError
 
[01m[KD:\workcode\game\warden\external\freetype-2.0.9\src\cff\cffgload.c:[m[K In function '[01m[KCFF_Parse_CharSt
rings[m[K':
[01m[KD:\workcode\game\warden\external\freetype-2.0.9\src\cff\cffgload.c:724:12:[m[K [01;35m[Kwarning: [m[Kcast
 from pointer to integer of different size [[01;35m[K-Wpointer-to-int-cast[m[K]
  724 |     seed = [01;35m[K([m[KFT_Fixed)(char*)&seed           ^
      |            [01;35m[K^[m[K
[01m[KD:\workcode\game\warden\external\freetype-2.0.9\src\cff\cffgload.c:725:12:[m[K [01;35m[Kwarning: [m[Kcast
 from pointer to integer of different size [[01;35m[K-Wpointer-to-int-cast[m[K]
  725 |            [01;35m[K([m[KFT_Fixed)(char*)&decoder        ^
      |            [01;35m[K^[m[K
[01m[KD:\workcode\game\warden\external\freetype-2.0.9\src\cff\cffgload.c:726:12:[m[K [01;35m[Kwarning: [m[Kcast
 from pointer to integer of different size [[01;35m[K-Wpointer-to-int-cast[m[K]
  726 |            [01;35m[K([m[KFT_Fixed)(char*)&charstring_base;
      |            [01;35m[K^[m[K
[ 12%] Building C object external/freetype-2.0.9/CMakeFiles/freetype-2.0.dir/src/pcf/pcf.c.obj
[ 12%] Building C object external/freetype-2.0.9/CMakeFiles/freetype-2.0.dir/src/psaux/psaux.c.obj
[ 12%] Building C object external/freetype-2.0.9/CMakeFiles/freetype-2.0.dir/src/pshinter/pshinter.c.obj
[ 12%] Building C object external/freetype-2.0.9/CMakeFiles/freetype-2.0.dir/src/psnames/psnames.c.obj
[ 12%] Building C object external/freetype-2.0.9/CMakeFiles/freetype-2.0.dir/src/raster/raster.c.obj
[ 13%] Building C object external/freetype-2.0.9/CMakeFiles/freetype-2.0.dir/src/sfnt/sfnt.c.obj
[ 13%] Building C object external/freetype-2.0.9/CMakeFiles/freetype-2.0.dir/src/smooth/smooth.c.obj
[ 13%] Building C object external/freetype-2.0.9/CMakeFiles/freetype-2.0.dir/src/truetype/truetype.c.obj
[ 13%] Building C object external/freetype-2.0.9/CMakeFiles/freetype-2.0.dir/src/type1/type1.c.obj
[ 13%] Building C object external/freetype-2.0.9/CMakeFiles/freetype-2.0.dir/src/winfonts/winfnt.c.obj
[ 13%] Linking CXX static library D:\workcode\game\warden\build\libfreetype-2.0.a
[ 13%] Built target freetype-2.0
[ 13%] Built target warden_autogen_timestamp_deps
[ 13%] Automatic MOC and UIC for target warden
[ 13%] Built target warden_autogen
[ 13%] Building CXX object CMakeFiles/warden.dir/warden_autogen/mocs_compilation.cpp.obj
[ 13%] Building CXX object CMakeFiles/warden.dir/Source/main.cpp.obj
[ 13%] Building C object CMakeFiles/warden.dir/external/glad/src/glad.c.obj
[ 13%] Building CXX object CMakeFiles/warden.dir/Source/AI/CCaptainAI.cpp.obj
[ 13%] Building CXX object CMakeFiles/warden.dir/Source/Engine.cpp.obj
[ 13%] Building CXX object CMakeFiles/warden.dir/Source/Engine/Source/Agile/AgentRef.cpp.obj
[ 13%] Building CXX object CMakeFiles/warden.dir/Source/Engine/Source/Agile/AgentRefListener.cpp.obj
[ 15%] Building CXX object CMakeFiles/warden.dir/Source/Engine/Source/Agile/AgentRefMini.cpp.obj
[ 15%] Building CXX object CMakeFiles/warden.dir/Source/Engine/Source/Agile/Agile.cpp.obj
[ 15%] Building CXX object CMakeFiles/warden.dir/Source/Engine/Source/Agile/CAbility.cpp.obj
[ 15%] Building CXX object CMakeFiles/warden.dir/Source/Engine/Source/Agile/CAbilityBaseBuild.cpp.obj
[ 15%] Building CXX object CMakeFiles/warden.dir/Source/Engine/Source/Agile/CAbilityBaseSell.cpp.obj
[ 15%] Building CXX object CMakeFiles/warden.dir/Source/Engine/Source/Agile/CAbilityInterfaced.cpp.obj
[ 15%] Building CXX object CMakeFiles/warden.dir/Source/Engine/Source/Agile/CAgent.cpp.obj
[ 15%] Building CXX object CMakeFiles/warden.dir/Source/Engine/Source/Agile/CAgentBase.cpp.obj
[ 15%] Building CXX object CMakeFiles/warden.dir/Source/Engine/Source/Agile/CAgentField.cpp.obj
[ 17%] Building CXX object CMakeFiles/warden.dir/Source/Engine/Source/Agile/CAgentFieldMini.cpp.obj
[ 17%] Building CXX object CMakeFiles/warden.dir/Source/Engine/Source/Agile/CAgentTimer.cpp.obj
[ 17%] Building CXX object CMakeFiles/warden.dir/Source/Engine/Source/Agile/CAgentTimerEvent.cpp.obj
[ 17%] Building CXX object CMakeFiles/warden.dir/Source/Engine/Source/Agile/CAgentWar3.cpp.obj
[ 17%] Building CXX object CMakeFiles/warden.dir/Source/Engine/Source/Agile/CAngle.cpp.obj
[ 17%] Building CXX object CMakeFiles/warden.dir/Source/Engine/Source/Agile/CBitInput.cpp.obj
[ 17%] Building CXX object CMakeFiles/warden.dir/Source/Engine/Source/Agile/CDBDatabase.cpp.obj
[ 17%] Building CXX object CMakeFiles/warden.dir/Source/Engine/Source/Agile/CDatabaseBase.cpp.obj
[ 17%] Building CXX object CMakeFiles/warden.dir/Source/Engine/Source/Agile/CEvent.cpp.obj
[ 17%] Building CXX object CMakeFiles/warden.dir/Source/Engine/Source/Agile/CEventTimer.cpp.obj
[ 18%] Building CXX object CMakeFiles/warden.dir/Source/Engine/Source/Agile/CEventTimerEvent.cpp.obj
[ 18%] Building CXX object CMakeFiles/warden.dir/Source/Engine/Source/Agile/CHuffman.cpp.obj
[ 18%] Building CXX object CMakeFiles/warden.dir/Source/Engine/Source/Agile/CLeaveEvent.cpp.obj
[ 18%] Building CXX object CMakeFiles/warden.dir/Source/Engine/Source/Agile/CListener.cpp.obj
[ 18%] Building CXX object CMakeFiles/warden.dir/Source/Engine/Source/Agile/CListenerEvent.cpp.obj
[ 18%] Building CXX object CMakeFiles/warden.dir/Source/Engine/Source/Agile/CModifier.cpp.obj
[ 18%] Building CXX object CMakeFiles/warden.dir/Source/Engine/Source/Agile/CObserver.cpp.obj
[ 18%] Building CXX object CMakeFiles/warden.dir/Source/Engine/Source/Agile/CPresenceRef.cpp.obj
[ 18%] Building CXX object CMakeFiles/warden.dir/Source/Engine/Source/Agile/CRelation.cpp.obj
[ 18%] Building CXX object CMakeFiles/warden.dir/Source/Engine/Source/Agile/CSLKDatabase.cpp.obj
[ 20%] Building CXX object CMakeFiles/warden.dir/Source/Engine/Source/Agile/CStatus.cpp.obj
[ 20%] Building CXX object CMakeFiles/warden.dir/Source/Engine/Source/Agile/CStringManager.cpp.obj
[ 20%] Building CXX object CMakeFiles/warden.dir/Source/Engine/Source/Agile/CStringMemory.cpp.obj
[ 20%] Building CXX object CMakeFiles/warden.dir/Source/Engine/Source/Agile/CUnitRefList.cpp.obj
[ 20%] Building CXX object CMakeFiles/warden.dir/Source/Engine/Source/Agile/Float.cpp.obj
[ 20%] Building CXX object CMakeFiles/warden.dir/Source/Engine/Source/Agile/FloatListener.cpp.obj
[ 20%] Building CXX object CMakeFiles/warden.dir/Source/Engine/Source/Agile/FloatModifier.cpp.obj
[ 20%] Building CXX object CMakeFiles/warden.dir/Source/Engine/Source/Agile/FloatProp.cpp.obj
[ 20%] Building CXX object CMakeFiles/warden.dir/Source/Engine/Source/Agile/Integer.cpp.obj
[ 20%] Building CXX object CMakeFiles/warden.dir/Source/Engine/Source/Agile/IntegerListener.cpp.obj
[ 22%] Building CXX object CMakeFiles/warden.dir/Source/Engine/Source/Agile/IntegerModifier.cpp.obj
[ 22%] Building CXX object CMakeFiles/warden.dir/Source/Engine/Source/Agile/MovementModifier.cpp.obj
[ 22%] Building CXX object CMakeFiles/warden.dir/Source/Engine/Source/Agile/Position.cpp.obj
[ 22%] Building CXX object CMakeFiles/warden.dir/Source/Engine/Source/Agile/ProjectilePosition.cpp.obj
[ 22%] Building CXX object CMakeFiles/warden.dir/Source/Engine/Source/Agile/RangeListener.cpp.obj
[ 22%] Building CXX object CMakeFiles/warden.dir/Source/Engine/Source/Agile/SmartPosition.cpp.obj
[ 22%] Building CXX object CMakeFiles/warden.dir/Source/Engine/Source/Agile/TInstanceCache.cpp.obj
[ 22%] Building CXX object CMakeFiles/warden.dir/Source/Engine/Source/Anim/CM2Cache.cpp.obj
[ 22%] Building CXX object CMakeFiles/warden.dir/Source/Engine/Source/Anim/CM2Light.cpp.obj
[ 24%] Building CXX object CMakeFiles/warden.dir/Source/Engine/Source/Anim/CM2Lighting.cpp.obj
[ 24%] Building CXX object CMakeFiles/warden.dir/Source/Engine/Source/Anim/CM2Model.cpp.obj
[ 24%] Building CXX object CMakeFiles/warden.dir/Source/Engine/Source/Anim/CM2Scene.cpp.obj
[ 24%] Building CXX object CMakeFiles/warden.dir/Source/Engine/Source/Anim/CM2SceneRender.cpp.obj
[ 24%] Building CXX object CMakeFiles/warden.dir/Source/Engine/Source/Anim/CM2Shared.cpp.obj
[ 24%] Building CXX object CMakeFiles/warden.dir/Source/Engine/Source/Anim/Interp.cpp.obj
[ 24%] Building CXX object CMakeFiles/warden.dir/Source/Engine/Source/Anim/M2Init.cpp.obj
[ 24%] Building CXX object CMakeFiles/warden.dir/Source/Engine/Source/Anim/M2Internal.cpp.obj
[ 24%] Building CXX object CMakeFiles/warden.dir/Source/Engine/Source/Anim/M2Sort.cpp.obj
[ 24%] Building CXX object CMakeFiles/warden.dir/Source/Engine/Source/Anim/MdlAnim.cpp.obj
[ 25%] Building CXX object CMakeFiles/warden.dir/Source/Engine/Source/Anim/Model2.cpp.obj
[ 25%] Building CXX object CMakeFiles/warden.dir/Source/Engine/Source/Anim/Type.cpp.obj
[ 25%] Building CXX object CMakeFiles/warden.dir/Source/Engine/Source/Anim/WorldMatrix.cpp.obj
[ 25%] Building CXX object CMakeFiles/warden.dir/Source/Engine/Source/BLPFile/IJG/jmemstorm.cpp.obj
[ 25%] Building CXX object CMakeFiles/warden.dir/Source/Engine/Source/BLPFile/blp.cpp.obj
[ 25%] Building CXX object CMakeFiles/warden.dir/Source/Engine/Source/Base/CDataAllocator.cpp.obj
[ 25%] Building CXX object CMakeFiles/warden.dir/Source/Engine/Source/Base/CDataRecycler.cpp.obj
[ 25%] Building CXX object CMakeFiles/warden.dir/Source/Engine/Source/Base/CDataStore.cpp.obj
[ 25%] Building CXX object CMakeFiles/warden.dir/Source/Engine/Source/Base/CDataStoreChunked.cpp.obj
[ 25%] Building CXX object CMakeFiles/warden.dir/Source/Engine/Source/Base/FileCache.cpp.obj
[ 27%] Building CXX object CMakeFiles/warden.dir/Source/Engine/Source/Base/MsgBuffer.cpp.obj
[ 27%] Building CXX object CMakeFiles/warden.dir/Source/Engine/Source/Base/Param.cpp.obj
[ 27%] Building CXX object CMakeFiles/warden.dir/Source/Engine/Source/Base/Prop.cpp.obj
[ 27%] Building CXX object CMakeFiles/warden.dir/Source/Engine/Source/Base/RCString.cpp.obj
[ 27%] Building CXX object CMakeFiles/warden.dir/Source/Engine/Source/Base/Status.cpp.obj
[ 27%] Building CXX object CMakeFiles/warden.dir/Source/Engine/Source/BattleNet/BattleNetCache.cpp.obj
[ 27%] Building CXX object CMakeFiles/warden.dir/Source/Engine/Source/BattleNet/BattleNetChat.cpp.obj
[ 27%] Building CXX object CMakeFiles/warden.dir/Source/Engine/Source/Common/CSBaseArray.cpp.obj
[ 27%] Building CXX object CMakeFiles/warden.dir/Source/Engine/Source/Common/CSBasePriority.cpp.obj
[ 29%] Building CXX object CMakeFiles/warden.dir/Source/Engine/Source/Common/CSBasePriorityQueue.cpp.obj
[ 29%] Building CXX object CMakeFiles/warden.dir/Source/Engine/Source/Common/Call.cpp.obj
[ 29%] Building CXX object CMakeFiles/warden.dir/Source/Engine/Source/Common/DataMgr.cpp.obj
[ 29%] Building CXX object CMakeFiles/warden.dir/Source/Engine/Source/Common/Hashkey.cpp.obj
[ 29%] Building CXX object CMakeFiles/warden.dir/Source/Engine/Source/Common/ObjectAlloc.cpp.obj
[ 29%] Building CXX object CMakeFiles/warden.dir/Source/Engine/Source/Common/Prop.cpp.obj
[ 29%] Building CXX object CMakeFiles/warden.dir/Source/Engine/Source/Common/RCString.cpp.obj
[ 29%] Building CXX object CMakeFiles/warden.dir/Source/Engine/Source/Common/Region.cpp.obj
In file included from [01m[KC:/Program Files/JetBrains/CLion 2026.2.1/bin/mingw/x86_64-w64-mingw32/include/stdint.h:3
2[m[K,
                 from [01m[KC:/Program Files/JetBrains/CLion 2026.2.1/bin/mingw/lib/gcc/x86_64-w64-mingw32/15.2.0/inc
lude/stdint.h:11[m[K,
                 from [01m[KC:/Program Files/JetBrains/CLion 2026.2.1/bin/mingw/lib/gcc/x86_64-w64-mingw32/15.2.0/inc
lude/c++/cstdint:47[m[K,
                 from [01m[KD:\workcode\game\warden\Source\Engine\Source\Common\Region.h:3[m[K,
                 from [01m[KD:\workcode\game\warden\Source\Engine\Source\Common\Region.cpp:1[m[K:
D:\workcode\game\warden\Source\Engine\Source\Common\TSHashTable.h: In instantiation of '[01m[Kclass TSHashTable<RGN, 
HASHKEY_NONE>[m[K':
[01m[KD:\workcode\game\warden\Source\Engine\Source\Common\TSHashTableReuse.h:10:7:[m[K   required from '[01m[Kcla
ss TSHashTableReuse<RGN, HASHKEY_NONE>[m[K'
   10 | class [01;36m[KTSHashTableReuse[m[K : public TSHashTable<T, TKey> {
      |       [01;36m[K^~~~~~~~~~~~~~~~[m[K
[01m[KD:\workcode\game\warden\Source\Engine\Source\Common\TSExportTableSimpleReuse.h:7:7:[m[K   required from '[01
m[Kclass TSExportTableSimpleReuse<RGN, HSRGN__*>[m[K'
    7 | class [01;36m[KTSExportTableSimpleReuse[m[K : public TSHashTableReuse<T, HASHKEY_NONE> {
      |       [01;36m[K^~~~~~~~~~~~~~~~~~~~~~~~[m[K
[01m[KD:\workcode\game\warden\Source\Engine\Source\Common\TSExportTableSyncReuse.h:8:7:[m[K   required from '[01m
[Kclass TSExportTableSyncReuse<RGN, HSRGN__*, HLOCKEDRGN__*, CCritSect>[m[K'
    8 | class [01;36m[KTSExportTableSyncReuse[m[K : public TSExportTableSimpleReuse<T, THandle> {
      |       [01;36m[K^~~~~~~~~~~~~~~~~~~~~~[m[K
[01m[KD:\workcode\game\warden\Source\Engine\Source\Common\Region.cpp:9:66:[m[K   required from here
    9 | static TSExportTableSyncReuse<RGN, HSRGN, HLOCKEDRGN, CCritSect> [01;36m[Ks_rgntable[m[K;
      |                                                                  [01;36m[K^~~~~~~~~~[m[K
[01m[KD:\workcode\game\warden\Source\Engine\Source\Common\TSHashTable.h:41:25:[m[K [01;35m[Kwarning: [m[K'[01m
[Koffsetof[m[K' within non-standard-layout type '[01m[KRGN[m[K' is conditionally-supported [[01;35m[K-Winvalid
-offsetof[m[K]
   41 |     STORM_EXPLICIT_LIST(T, m_linktofull) m_fulllist;
[01m[KD:\workcode\game\warden\Source\Engine\Source\Common\TSHashTable.h:41:5:[m[K [01;36m[Knote: [m[Kin expansi
on of macro '[01m[KSTORM_EXPLICIT_LIST[m[K'
   41 |     [01;36m[KSTORM_EXPLICIT_LIST[m[K(T, m_linktofull) m_fulllist;
      |     [01;36m[K^~~~~~~~~~~~~~~~~~~[m[K
[01m[KD:\workcode\game\warden\Source\Engine\Source\Common\TSHashTable.h:49:41:[m[K [01;35m[Kwarning: [m[K'[01m
[Koffsetof[m[K' within non-standard-layout type '[01m[KRGN[m[K' is conditionally-supported [[01;35m[K-Winvalid
-offsetof[m[K]
   49 |     TSGrowableArray<STORM_EXPLICIT_LIST(T, m_linktoslot) > m_slotlistarray;
[01m[KD:\workcode\game\warden\Source\Engine\Source\Common\TSHashTable.h:49:21:[m[K [01;36m[Knote: [m[Kin expans
ion of macro '[01m[KSTORM_EXPLICIT_LIST[m[K'
   49 |     TSGrowableArray<[01;36m[KSTORM_EXPLICIT_LIST[m[K(T, m_linktoslot) > m_slotlistarray;
      |                     [01;36m[K^~~~~~~~~~~~~~~~~~~[m[K
[01m[KD:\workcode\game\warden\Source\Engine\Source\Common\TSHashTable.h:49:41:[m[K [01;35m[Kwarning: [m[K'[01m
[Koffsetof[m[K' within non-standard-layout type '[01m[KRGN[m[K' is conditionally-supported [[01;35m[K-Winvalid
-offsetof[m[K]
   49 |     TSGrowableArray<STORM_EXPLICIT_LIST(T, m_linktoslot) > m_slotlistarray;
[01m[KD:\workcode\game\warden\Source\Engine\Source\Common\TSHashTable.h:49:21:[m[K [01;36m[Knote: [m[Kin expans
ion of macro '[01m[KSTORM_EXPLICIT_LIST[m[K'
   49 |     TSGrowableArray<[01;36m[KSTORM_EXPLICIT_LIST[m[K(T, m_linktoslot) > m_slotlistarray;
      |                     [01;36m[K^~~~~~~~~~~~~~~~~~~[m[K
[01m[KD:\workcode\game\warden\Source\Engine\Source\Common\TSHashTable.h:49:41:[m[K [01;35m[Kwarning: [m[K'[01m
[Koffsetof[m[K' within non-standard-layout type '[01m[KRGN[m[K' is conditionally-supported [[01;35m[K-Winvalid
-offsetof[m[K]
   49 |     TSGrowableArray<STORM_EXPLICIT_LIST(T, m_linktoslot) > m_slotlistarray;
[01m[KD:\workcode\game\warden\Source\Engine\Source\Common\TSHashTable.h:49:21:[m[K [01;36m[Knote: [m[Kin expans
ion of macro '[01m[KSTORM_EXPLICIT_LIST[m[K'
   49 |     TSGrowableArray<[01;36m[KSTORM_EXPLICIT_LIST[m[K(T, m_linktoslot) > m_slotlistarray;
      |                     [01;36m[K^~~~~~~~~~~~~~~~~~~[m[K
D:\workcode\game\warden\Source\Engine\Source\Common\TSHashTable.h: In instantiation of '[01m[Kclass TSHashTableReuse<
RGN, HASHKEY_NONE>[m[K':
[01m[KD:\workcode\game\warden\Source\Engine\Source\Common\TSExportTableSimpleReuse.h:7:7:[m[K   required from '[01
m[Kclass TSExportTableSimpleReuse<RGN, HSRGN__*>[m[K'
    7 | class [01;36m[KTSExportTableSimpleReuse[m[K : public TSHashTableReuse<T, HASHKEY_NONE> {
      |       [01;36m[K^~~~~~~~~~~~~~~~~~~~~~~~[m[K
[01m[KD:\workcode\game\warden\Source\Engine\Source\Common\TSExportTableSyncReuse.h:8:7:[m[K   required from '[01m
[Kclass TSExportTableSyncReuse<RGN, HSRGN__*, HLOCKEDRGN__*, CCritSect>[m[K'
    8 | class [01;36m[KTSExportTableSyncReuse[m[K : public TSExportTableSimpleReuse<T, THandle> {
      |       [01;36m[K^~~~~~~~~~~~~~~~~~~~~~[m[K
[01m[KD:\workcode\game\warden\Source\Engine\Source\Common\Region.cpp:9:66:[m[K   required from here
    9 | static TSExportTableSyncReuse<RGN, HSRGN, HLOCKEDRGN, CCritSect> [01;36m[Ks_rgntable[m[K;
      |                                                                  [01;36m[K^~~~~~~~~~[m[K
[01m[KD:\workcode\game\warden\Source\Engine\Source\Common\TSHashTable.h:49:41:[m[K [01;35m[Kwarning: [m[K'[01m
[Koffsetof[m[K' within non-standard-layout type '[01m[KRGN[m[K' is conditionally-supported [[01;35m[K-Winvalid
-offsetof[m[K]
   49 |     TSGrowableArray<STORM_EXPLICIT_LIST(T, m_linktoslot) > m_slotlistarray;
[01m[KD:\workcode\game\warden\Source\Engine\Source\Common\TSHashTable.h:49:21:[m[K [01;36m[Knote: [m[Kin expans
ion of macro '[01m[KSTORM_EXPLICIT_LIST[m[K'
   49 |     TSGrowableArray<[01;36m[KSTORM_EXPLICIT_LIST[m[K(T, m_linktoslot) > m_slotlistarray;
      |                     [01;36m[K^~~~~~~~~~~~~~~~~~~[m[K
[01m[KD:\workcode\game\warden\Source\Engine\Source\Common\TSHashTableReuse.h:23:25:[m[K [01;35m[Kwarning: [m[K'
[01m[Koffsetof[m[K' within non-standard-layout type '[01m[KTSHashObjectChunk<RGN, HASHKEY_NONE>[m[K' is conditi
onally-supported [[01;35m[K-Winvalid-offsetof[m[K]
   23 |     STORM_EXPLICIT_LIST(object_chunk_t, m_link) m_chunkList;
[01m[KD:\workcode\game\warden\Source\Engine\Source\Common\TSHashTableReuse.h:23:5:[m[K [01;36m[Knote: [m[Kin ex
pansion of macro '[01m[KSTORM_EXPLICIT_LIST[m[K'
   23 |     [01;36m[KSTORM_EXPLICIT_LIST[m[K(object_chunk_t, m_link) m_chunkList;
      |     [01;36m[K^~~~~~~~~~~~~~~~~~~[m[K
[01m[KD:\workcode\game\warden\Source\Engine\Source\Common\TSHashTable.h:49:41:[m[K [01;35m[Kwarning: [m[K'[01m
[Koffsetof[m[K' within non-standard-layout type '[01m[KRGN[m[K' is conditionally-supported [[01;35m[K-Winvalid
-offsetof[m[K]
   49 |     TSGrowableArray<STORM_EXPLICIT_LIST(T, m_linktoslot) > m_slotlistarray;
[01m[KD:\workcode\game\warden\Source\Engine\Source\Common\TSHashTable.h:49:21:[m[K [01;36m[Knote: [m[Kin expans
ion of macro '[01m[KSTORM_EXPLICIT_LIST[m[K'
   49 |     TSGrowableArray<[01;36m[KSTORM_EXPLICIT_LIST[m[K(T, m_linktoslot) > m_slotlistarray;
      |                     [01;36m[K^~~~~~~~~~~~~~~~~~~[m[K
[01m[KD:\workcode\game\warden\Source\Engine\Source\Common\TSHashTable.h:49:41:[m[K [01;35m[Kwarning: [m[K'[01m
[Koffsetof[m[K' within non-standard-layout type '[01m[KRGN[m[K' is conditionally-supported [[01;35m[K-Winvalid
-offsetof[m[K]
   49 |     TSGrowableArray<STORM_EXPLICIT_LIST(T, m_linktoslot) > m_slotlistarray;
[01m[KD:\workcode\game\warden\Source\Engine\Source\Common\TSHashTable.h:49:21:[m[K [01;36m[Knote: [m[Kin expans
ion of macro '[01m[KSTORM_EXPLICIT_LIST[m[K'
   49 |     TSGrowableArray<[01;36m[KSTORM_EXPLICIT_LIST[m[K(T, m_linktoslot) > m_slotlistarray;
      |                     [01;36m[K^~~~~~~~~~~~~~~~~~~[m[K
D:\workcode\game\warden\Source\Engine\Source\Common\TSHashTable.h: In instantiation of '[01m[KT* TSHashTable<T, TKey>
::[01;32m[KInternalNewNode[m[K(uint32_t, size_t, uint32_t) [35m[K[with T = RGN; TKey = HASHKEY_NONE; uint32_t = u
nsigned int; size_t = long long unsigned int][m[K[m[K':
[01m[KD:\workcode\game\warden\Source\Engine\Source\Common\TSHashTable.h:231:20:[m[K   required from '[01m[KT* TSH
ashTable<T, TKey>::[01;32m[KNew[m[K(uint32_t, const TKey&, size_t, uint32_t) [35m[K[with T = RGN; TKey = HASHKEY_
NONE; uint32_t = unsigned int; size_t = long long unsigned int][m[K[m[K'
  231 |     T *ptr = [01;36m[Kthis->InternalNewNode[m[K(hashval, extrabytes, flags);
      |              [01;36m[K~~~~~~^~~~~~~~~~~~~~~[m[K
[01m[KD:\workcode\game\warden\Source\Engine\Source\Common\TSExportTableSimpleReuse.h:61:51:[m[K   required from '[
01m[KT* TSExportTableSimpleReuse<T, THandle>::[01;32m[KNew[m[K(THandle*) [35m[K[with T = RGN; THandle = HSRGN__*
][m[K[m[K'
   61 |     return [01;36m[Kthis->TSHashTable<T, HASHKEY_NONE>::New(hashval, this->m_key, 0, 0x0)[m[K;
      |            [01;36m[K~~~~~~~~~~~~~~~~~~~~~~~~~~~~~~~~~~~~~~~^~~~~~~~~~~~~~~~~~~~~~~~~~~~~~[m[K
[01m[KD:\workcode\game\warden\Source\Engine\Source\Common\TSExportTableSyncReuse.h:74:21:[m[K   required from '[01
m[KT* TSExportTableSyncReuse<T, THandle, TLockedHandle, TSync>::[01;32m[KNewLock[m[K(THandle*, TLockedHandle*) [3
5m[K[with T = RGN; THandle = HSRGN__*; TLockedHandle = HLOCKEDRGN__*; TSync = CCritSect][m[K[m[K'
   74 |     return [01;36m[Kthis->New(handlePtr)[m[K;
      |            [01;36m[K~~~~~~~~~^~~~~~~~~~~[m[K
[01m[KD:\workcode\game\warden\Source\Engine\Source\Common\Region.cpp:200:34:[m[K   required from here
  200 |     auto rgn = [01;36m[Ks_rgntable.NewLock(handlePtr, &lockedHandle)[m[K;
      |                [01;36m[K~~~~~~~~~~~~~~~~~~^~~~~~~~~~~~~~~~~~~~~~~~~~[m[K
[01m[KD:\workcode\game\warden\Source\Engine\Source\Common\TSHashTable.h:49:41:[m[K [01;35m[Kwarning: [m[K'[01m
[Koffsetof[m[K' within non-standard-layout type '[01m[KRGN[m[K' is conditionally-supported [[01;35m[K-Winvalid
-offsetof[m[K]
   49 |     TSGrowableArray<STORM_EXPLICIT_LIST(T, m_linktoslot) > m_slotlistarray;
[01m[KD:\workcode\game\warden\Source\Engine\Source\Common\TSHashTable.h:49:21:[m[K [01;36m[Knote: [m[Kin expans
ion of macro '[01m[KSTORM_EXPLICIT_LIST[m[K'
   49 |     TSGrowableArray<[01;36m[KSTORM_EXPLICIT_LIST[m[K(T, m_linktoslot) > m_slotlistarray;
      |                     [01;36m[K^~~~~~~~~~~~~~~~~~~[m[K
D:\workcode\game\warden\Source\Engine\Source\Common\TSHashTable.h: In instantiation of '[01m[Kvoid TSHashTable<T, TKe
y>::[01;32m[KInitialize[m[K() [35m[K[with T = RGN; TKey = HASHKEY_NONE][m[K[m[K':
[01m[KD:\workcode\game\warden\Source\Engine\Source\Common\TSHashTable.h:190:15:[m[K   required from '[01m[KT* TSH
ashTable<T, TKey>::[01;32m[KInternalNewNode[m[K(uint32_t, size_t, uint32_t) [35m[K[with T = RGN; TKey = HASHKEY_N
ONE; uint32_t = unsigned int; size_t = long long unsigned int][m[K[m[K'
  190 |         [01;36m[Kthis->Initialize[m[K();
      |         [01;36m[K~~~~~~^~~~~~~~~~[m[K
[01m[KD:\workcode\game\warden\Source\Engine\Source\Common\TSHashTable.h:231:20:[m[K   required from '[01m[KT* TSH
ashTable<T, TKey>::[01;32m[KNew[m[K(uint32_t, const TKey&, size_t, uint32_t) [35m[K[with T = RGN; TKey = HASHKEY_
NONE; uint32_t = unsigned int; size_t = long long unsigned int][m[K[m[K'
  231 |     T *ptr = [01;36m[Kthis->InternalNewNode[m[K(hashval, extrabytes, flags);
      |              [01;36m[K~~~~~~^~~~~~~~~~~~~~~[m[K
[01m[KD:\workcode\game\warden\Source\Engine\Source\Common\TSExportTableSimpleReuse.h:61:51:[m[K   required from '[
01m[KT* TSExportTableSimpleReuse<T, THandle>::[01;32m[KNew[m[K(THandle*) [35m[K[with T = RGN; THandle = HSRGN__*
][m[K[m[K'
   61 |     return [01;36m[Kthis->TSHashTable<T, HASHKEY_NONE>::New(hashval, this->m_key, 0, 0x0)[m[K;
      |            [01;36m[K~~~~~~~~~~~~~~~~~~~~~~~~~~~~~~~~~~~~~~~^~~~~~~~~~~~~~~~~~~~~~~~~~~~~~[m[K
[01m[KD:\workcode\game\warden\Source\Engine\Source\Common\TSExportTableSyncReuse.h:74:21:[m[K   required from '[01
m[KT* TSExportTableSyncReuse<T, THandle, TLockedHandle, TSync>::[01;32m[KNewLock[m[K(THandle*, TLockedHandle*) [3
5m[K[with T = RGN; THandle = HSRGN__*; TLockedHandle = HLOCKEDRGN__*; TSync = CCritSect][m[K[m[K'
   74 |     return [01;36m[Kthis->New(handlePtr)[m[K;
      |            [01;36m[K~~~~~~~~~^~~~~~~~~~~[m[K
[01m[KD:\workcode\game\warden\Source\Engine\Source\Common\Region.cpp:200:34:[m[K   required from here
  200 |     auto rgn = [01;36m[Ks_rgntable.NewLock(handlePtr, &lockedHandle)[m[K;
      |                [01;36m[K~~~~~~~~~~~~~~~~~~^~~~~~~~~~~~~~~~~~~~~~~~~~[m[K
[01m[KD:\workcode\game\warden\Source\Engine\Source\Common\TSHashTable.h:49:41:[m[K [01;35m[Kwarning: [m[K'[01m
[Koffsetof[m[K' within non-standard-layout type '[01m[KRGN[m[K' is conditionally-supported [[01;35m[K-Winvalid
-offsetof[m[K]
   49 |     TSGrowableArray<STORM_EXPLICIT_LIST(T, m_linktoslot) > m_slotlistarray;
[01m[KD:\workcode\game\warden\Source\Engine\Source\Common\TSHashTable.h:49:21:[m[K [01;36m[Knote: [m[Kin expans
ion of macro '[01m[KSTORM_EXPLICIT_LIST[m[K'
   49 |     TSGrowableArray<[01;36m[KSTORM_EXPLICIT_LIST[m[K(T, m_linktoslot) > m_slotlistarray;
      |                     [01;36m[K^~~~~~~~~~~~~~~~~~~[m[K
D:\workcode\game\warden\Source\Engine\Source\Common\TSHashTable.h: In instantiation of '[01m[KT* TSHashTable<T, TKey>
::[01;32m[KInternalNew[m[K(TSExplicitList<T, offsetof(T, m_linktoslot)>*, size_t, uint32_t) [35m[K[with T = RGN; 
TKey = HASHKEY_NONE; size_t = long long unsigned int; uint32_t = unsigned int][m[K[m[K':
[01m[KD:\workcode\game\warden\Source\Engine\Source\Common\TSHashTable.h:200:19:[m[K   required from '[01m[KT* TSH
ashTable<T, TKey>::[01;32m[KInternalNewNode[m[K(uint32_t, size_t, uint32_t) [35m[K[with T = RGN; TKey = HASHKEY_N
ONE; uint32_t = unsigned int; size_t = long long unsigned int][m[K[m[K'
  200 |     T *v8 = [01;36m[Kthis->InternalNew[m[K(v7, extrabytes, flags);
      |             [01;36m[K~~~~~~^~~~~~~~~~~[m[K
[01m[KD:\workcode\game\warden\Source\Engine\Source\Common\TSHashTable.h:231:20:[m[K   required from '[01m[KT* TSH
ashTable<T, TKey>::[01;32m[KNew[m[K(uint32_t, const TKey&, size_t, uint32_t) [35m[K[with T = RGN; TKey = HASHKEY_
NONE; uint32_t = unsigned int; size_t = long long unsigned int][m[K[m[K'
  231 |     T *ptr = [01;36m[Kthis->InternalNewNode[m[K(hashval, extrabytes, flags);
      |              [01;36m[K~~~~~~^~~~~~~~~~~~~~~[m[K
[01m[KD:\workcode\game\warden\Source\Engine\Source\Common\TSExportTableSimpleReuse.h:61:51:[m[K   required from '[
01m[KT* TSExportTableSimpleReuse<T, THandle>::[01;32m[KNew[m[K(THandle*) [35m[K[with T = RGN; THandle = HSRGN__*
][m[K[m[K'
   61 |     return [01;36m[Kthis->TSHashTable<T, HASHKEY_NONE>::New(hashval, this->m_key, 0, 0x0)[m[K;
      |            [01;36m[K~~~~~~~~~~~~~~~~~~~~~~~~~~~~~~~~~~~~~~~^~~~~~~~~~~~~~~~~~~~~~~~~~~~~~[m[K
[01m[KD:\workcode\game\warden\Source\Engine\Source\Common\TSExportTableSyncReuse.h:74:21:[m[K   required from '[01
m[KT* TSExportTableSyncReuse<T, THandle, TLockedHandle, TSync>::[01;32m[KNewLock[m[K(THandle*, TLockedHandle*) [3
5m[K[with T = RGN; THandle = HSRGN__*; TLockedHandle = HLOCKEDRGN__*; TSync = CCritSect][m[K[m[K'
   74 |     return [01;36m[Kthis->New(handlePtr)[m[K;
      |            [01;36m[K~~~~~~~~~^~~~~~~~~~~[m[K
[01m[KD:\workcode\game\warden\Source\Engine\Source\Common\Region.cpp:200:34:[m[K   required from here
  200 |     auto rgn = [01;36m[Ks_rgntable.NewLock(handlePtr, &lockedHandle)[m[K;
      |                [01;36m[K~~~~~~~~~~~~~~~~~~^~~~~~~~~~~~~~~~~~~~~~~~~~[m[K
[01m[KD:\workcode\game\warden\Source\Engine\Source\Common\TSHashTable.h:49:41:[m[K [01;35m[Kwarning: [m[K'[01m
[Koffsetof[m[K' within non-standard-layout type '[01m[KRGN[m[K' is conditionally-supported [[01;35m[K-Winvalid
-offsetof[m[K]
   49 |     TSGrowableArray<STORM_EXPLICIT_LIST(T, m_linktoslot) > m_slotlistarray;
[01m[KD:\workcode\game\warden\Source\Engine\Source\Common\TSHashTable.h:49:21:[m[K [01;36m[Knote: [m[Kin expans
ion of macro '[01m[KSTORM_EXPLICIT_LIST[m[K'
   49 |     TSGrowableArray<[01;36m[KSTORM_EXPLICIT_LIST[m[K(T, m_linktoslot) > m_slotlistarray;
      |                     [01;36m[K^~~~~~~~~~~~~~~~~~~[m[K
D:\workcode\game\warden\Source\Engine\Source\Common\TSHashTable.h: In instantiation of '[01m[Kint32_t TSHashTable<T, 
TKey>::[01;32m[KGetLinkOffset[m[K() [35m[K[with T = RGN; TKey = HASHKEY_NONE; int32_t = int][m[K[m[K':
[01m[KD:\workcode\game\warden\Source\Engine\Source\Common\TSHashTable.h:117:29:[m[K   required from '[01m[Kvoid T
SHashTable<T, TKey>::[01;32m[KInitialize[m[K() [35m[K[with T = RGN; TKey = HASHKEY_NONE][m[K[m[K'
  117 |     int32_t linkOfs = [01;36m[Kthis->GetLinkOffset[m[K();
      |                       [01;36m[K~~~~~~^~~~~~~~~~~~~[m[K
[01m[KD:\workcode\game\warden\Source\Engine\Source\Common\TSHashTable.h:190:15:[m[K   required from '[01m[KT* TSH
ashTable<T, TKey>::[01;32m[KInternalNewNode[m[K(uint32_t, size_t, uint32_t) [35m[K[with T = RGN; TKey = HASHKEY_N
ONE; uint32_t = unsigned int; size_t = long long unsigned int][m[K[m[K'
  190 |         [01;36m[Kthis->Initialize[m[K();
      |         [01;36m[K~~~~~~^~~~~~~~~~[m[K
[01m[KD:\workcode\game\warden\Source\Engine\Source\Common\TSHashTable.h:231:20:[m[K   required from '[01m[KT* TSH
ashTable<T, TKey>::[01;32m[KNew[m[K(uint32_t, const TKey&, size_t, uint32_t) [35m[K[with T = RGN; TKey = HASHKEY_
NONE; uint32_t = unsigned int; size_t = long long unsigned int][m[K[m[K'
  231 |     T *ptr = [01;36m[Kthis->InternalNewNode[m[K(hashval, extrabytes, flags);
      |              [01;36m[K~~~~~~^~~~~~~~~~~~~~~[m[K
[01m[KD:\workcode\game\warden\Source\Engine\Source\Common\TSExportTableSimpleReuse.h:61:51:[m[K   required from '[
01m[KT* TSExportTableSimpleReuse<T, THandle>::[01;32m[KNew[m[K(THandle*) [35m[K[with T = RGN; THandle = HSRGN__*
][m[K[m[K'
   61 |     return [01;36m[Kthis->TSHashTable<T, HASHKEY_NONE>::New(hashval, this->m_key, 0, 0x0)[m[K;
      |            [01;36m[K~~~~~~~~~~~~~~~~~~~~~~~~~~~~~~~~~~~~~~~^~~~~~~~~~~~~~~~~~~~~~~~~~~~~~[m[K
[01m[KD:\workcode\game\warden\Source\Engine\Source\Common\TSExportTableSyncReuse.h:74:21:[m[K   required from '[01
m[KT* TSExportTableSyncReuse<T, THandle, TLockedHandle, TSync>::[01;32m[KNewLock[m[K(THandle*, TLockedHandle*) [3
5m[K[with T = RGN; THandle = HSRGN__*; TLockedHandle = HLOCKEDRGN__*; TSync = CCritSect][m[K[m[K'
   74 |     return [01;36m[Kthis->New(handlePtr)[m[K;
      |            [01;36m[K~~~~~~~~~^~~~~~~~~~~[m[K
[01m[KD:\workcode\game\warden\Source\Engine\Source\Common\Region.cpp:200:34:[m[K   required from here
  200 |     auto rgn = [01;36m[Ks_rgntable.NewLock(handlePtr, &lockedHandle)[m[K;
      |                [01;36m[K~~~~~~~~~~~~~~~~~~^~~~~~~~~~~~~~~~~~~~~~~~~~[m[K
[01m[KD:\workcode\game\warden\Source\Engine\Source\Common\TSHashTable.h:104:26:[m[K [01;35m[Kwarning: [m[K'[01
m[Koffsetof[m[K' within non-standard-layout type '[01m[KRGN[m[K' is conditionally-supported [[01;35m[K-Winvali
d-offsetof[m[K]
  104 |     return STRUCT_OFFSET(T, m_linktoslot);
[01m[KD:\workcode\game\warden\Source\Engine\Source\Common\TSHashTable.h:104:12:[m[K [01;36m[Knote: [m[Kin expan
sion of macro '[01m[KSTRUCT_OFFSET[m[K'
  104 |     return [01;36m[KSTRUCT_OFFSET[m[K(T, m_linktoslot);
      |            [01;36m[K^~~~~~~~~~~~~[m[K
D:\workcode\game\warden\Source\Engine\Source\Common\TSHashTable.h: In instantiation of '[01m[KT* TSHashTableReuse<T, 
TKey>::[01;32m[KInternalNew[m[K(TSExplicitList<T, offsetof(T, m_linktoslot)>*, size_t, uint32_t) [35m[K[with T = 
RGN; TKey = HASHKEY_NONE; size_t = long long unsigned int; uint32_t = unsigned int][m[K[m[K':
[01m[KD:\workcode\game\warden\Source\Engine\Source\Common\TSHashTableReuse.h:59:4:[m[K   required from here
   59 | T *[01;36m[KTSHashTableReuse<T, TKey>[m[K::InternalNew(STORM_EXPLICIT_LIST(T, m_linktoslot) *listptr, size_
t extrabytes,
      |    [01;36m[K^~~~~~~~~~~~~~~~~~~~~~~~~[m[K
[01m[KD:\workcode\game\warden\Source\Engine\Source\Common\TSHashTable.h:49:41:[m[K [01;35m[Kwarning: [m[K'[01m
[Koffsetof[m[K' within non-standard-layout type '[01m[KRGN[m[K' is conditionally-supported [[01;35m[K-Winvalid
-offsetof[m[K]
   49 |     TSGrowableArray<STORM_EXPLICIT_LIST(T, m_linktoslot) > m_slotlistarray;
[01m[KD:\workcode\game\warden\Source\Engine\Source\Common\TSHashTable.h:49:21:[m[K [01;36m[Knote: [m[Kin expans
ion of macro '[01m[KSTORM_EXPLICIT_LIST[m[K'
   49 |     TSGrowableArray<[01;36m[KSTORM_EXPLICIT_LIST[m[K(T, m_linktoslot) > m_slotlistarray;
      |                     [01;36m[K^~~~~~~~~~~~~~~~~~~[m[K
[ 29%] Building CXX object CMakeFiles/warden.dir/Source/Engine/Source/Common/SHA1.cpp.obj
[ 29%] Building CXX object CMakeFiles/warden.dir/Source/Engine/Source/Common/datamgr/CDataMgr.cpp.obj
[ 31%] Building CXX object CMakeFiles/warden.dir/Source/Engine/Source/Common/objectalloc/CObjectHeap.cpp.obj
[ 31%] Building CXX object CMakeFiles/warden.dir/Source/Engine/Source/Common/objectalloc/CObjectHeapList.cpp.obj
[ 31%] Building CXX object CMakeFiles/warden.dir/Source/Engine/Source/Common/objectalloc/ObjAllocGlobals.cpp.obj
[ 31%] Building CXX object CMakeFiles/warden.dir/Source/Engine/Source/Common/softfloat.cpp.obj
[ 31%] Building CXX object CMakeFiles/warden.dir/Source/Engine/Source/Event/CEvent.cpp.obj
[01m[KD:\workcode\game\warden\Source\Engine\Source\Event\CEvent.cpp:[m[K In member function '[01m[KCCharEvent& CC
harEvent::[01;32m[Koperator=[m[K(const EVENT_DATA_CHAR&)[m[K':
[01m[KD:\workcode\game\warden\Source\Engine\Source\Event\CEvent.cpp:6:11:[m[K [01;31m[Kerror: [m[K'[01m[Kclas
s CCharEvent[m[K' has no member named '[01m[Kch[m[K'
    6 |     this->[01;31m[Kch[m[K = data.ch;
      |           [01;31m[K^~[m[K
[01m[KD:\workcode\game\warden\Source\Engine\Source\Event\CEvent.cpp:6:21:[m[K [01;31m[Kerror: [m[K'[01m[Kcons
t struct EVENT_DATA_CHAR[m[K' has no member named '[01m[Kch[m[K'
    6 |     this->ch = data.[01;31m[Kch[m[K;
      |                     [01;31m[K^~[m[K
mingw32-make[3]: *** [CMakeFiles\warden.dir\build.make:1549: CMakeFiles/warden.dir/Source/Engine/Source/Event/CEvent.cp
p.obj] Error 1
[ 31%] Building CXX object CMakeFiles/warden.dir/Source/Engine/Source/Event/CInputObserver.cpp.obj
[ 31%] Building CXX object CMakeFiles/warden.dir/Source/Engine/Source/Event/Context.cpp.obj
In file included from [01m[KC:/Program Files/JetBrains/CLion 2026.2.1/bin/mingw/x86_64-w64-mingw32/include/stdint.h:3
2[m[K,
                 from [01m[KC:/Program Files/JetBrains/CLion 2026.2.1/bin/mingw/lib/gcc/x86_64-w64-mingw32/15.2.0/inc
lude/stdint.h:11[m[K,
                 from [01m[KC:/Program Files/JetBrains/CLion 2026.2.1/bin/mingw/lib/gcc/x86_64-w64-mingw32/15.2.0/inc
lude/c++/cstdint:47[m[K,
                 from [01m[KD:/workcode/game/warden/Source/Engine/Source/event/Types.h:3[m[K,
                 from [01m[KD:/workcode/game/warden/Source/Engine/Source/event/Context.h:3[m[K,
                 from [01m[KD:\workcode\game\warden\Source\Engine\Source\Event\Context.cpp:1[m[K:
[01m[KD:/workcode/game/warden/Source/Engine/Source/event/EvtContext.h:25:74:[m[K [01;35m[Kwarning: [m[K'[01m[
Koffsetof[m[K' within non-standard-layout type '[01m[KTInstanceId<EvtContext>[m[K' is conditionally-supported [[
01;35m[K-Winvalid-offsetof[m[K]
   25 | class EvtContext : public TSingletonInstanceId<EvtContext, STRUCT_OFFSET(TInstanceId<EvtContext>, m_id)> {
[01m[KD:/workcode/game/warden/Source/Engine/Source/event/EvtContext.h:25:60:[m[K [01;36m[Knote: [m[Kin expansio
n of macro '[01m[KSTRUCT_OFFSET[m[K'
   25 | class EvtContext : public TSingletonInstanceId<EvtContext, [01;36m[KSTRUCT_OFFSET[m[K(TInstanceId<EvtContex
t>, m_id)> {
      |                                                            [01;36m[K^~~~~~~~~~~~~[m[K
[01m[KD:/workcode/game/warden/Source/Engine/Source/event/EvtContext.h:48:46:[m[K [01;35m[Kwarning: [m[K'[01m[
Koffsetof[m[K' within non-standard-layout type '[01m[KEvtMessage[m[K' is conditionally-supported [[01;35m[K-Win
valid-offsetof[m[K]
   48 |     TSExplicitList<EvtMessage, STRUCT_OFFSET(EvtMessage, link)> m_queueMessageList;
[01m[KD:/workcode/game/warden/Source/Engine/Source/event/EvtContext.h:48:32:[m[K [01;36m[Knote: [m[Kin expansio
n of macro '[01m[KSTRUCT_OFFSET[m[K'
   48 |     TSExplicitList<EvtMessage, [01;36m[KSTRUCT_OFFSET[m[K(EvtMessage, link)> m_queueMessageList;
      |                                [01;36m[K^~~~~~~~~~~~~[m[K
[01m[KD:\workcode\game\warden\Source\Engine\Source\Event\Context.cpp:[m[K In function '[01m[Kvoid*[01;32m[K Att
achContextToThread[m[K(EvtContext*)[m[K':
[01m[KD:\workcode\game\warden\Source\Engine\Source\Event\Context.cpp:25:56:[m[K [01;35m[Kwarning: [m[K'[01m[K
offsetof[m[K' within non-standard-layout type '[01m[KEvtContext[m[K' is conditionally-supported [[01;35m[K-Winv
alid-offsetof[m[K]
   25 |         TSingletonInstanceId<EvtContext, STRUCT_OFFSET(EvtContext, m_id)>::s_idTable.Insert(context);
[01m[KD:\workcode\game\warden\Source\Engine\Source\Event\Context.cpp:25:42:[m[K [01;36m[Knote: [m[Kin expansion
 of macro '[01m[KSTRUCT_OFFSET[m[K'
   25 |         TSingletonInstanceId<EvtContext, [01;36m[KSTRUCT_OFFSET[m[K(EvtContext, m_id)>::s_idTable.Insert(co
ntext);
      |                                          [01;36m[K^~~~~~~~~~~~~[m[K
[ 31%] Building CXX object CMakeFiles/warden.dir/Source/Engine/Source/Event/Event.cpp.obj
In file included from [01m[KC:/Program Files/JetBrains/CLion 2026.2.1/bin/mingw/x86_64-w64-mingw32/include/stdint.h:3
2[m[K,
                 from [01m[KC:/Program Files/JetBrains/CLion 2026.2.1/bin/mingw/lib/gcc/x86_64-w64-mingw32/15.2.0/inc
lude/stdint.h:11[m[K,
                 from [01m[KC:/Program Files/JetBrains/CLion 2026.2.1/bin/mingw/lib/gcc/x86_64-w64-mingw32/15.2.0/inc
lude/c++/cstdint:47[m[K,
                 from [01m[KD:/workcode/game/warden/Source/Engine/Source/event/Types.h:3[m[K,
                 from [01m[KD:/workcode/game/warden/Source/Engine/Source/event/CEvent.h:3[m[K,
                 from [01m[KD:/workcode/game/warden/Source/Engine/Source/event/Event.h:3[m[K,
                 from [01m[KD:\workcode\game\warden\Source\Engine\Source\Event\Event.cpp:1[m[K:
[01m[KD:/workcode/game/warden/Source/Engine/Source/event/EvtContext.h:25:74:[m[K [01;35m[Kwarning: [m[K'[01m[
Koffsetof[m[K' within non-standard-layout type '[01m[KTInstanceId<EvtContext>[m[K' is conditionally-supported [[
01;35m[K-Winvalid-offsetof[m[K]
   25 | class EvtContext : public TSingletonInstanceId<EvtContext, STRUCT_OFFSET(TInstanceId<EvtContext>, m_id)> {
[01m[KD:/workcode/game/warden/Source/Engine/Source/event/EvtContext.h:25:60:[m[K [01;36m[Knote: [m[Kin expansio
n of macro '[01m[KSTRUCT_OFFSET[m[K'
   25 | class EvtContext : public TSingletonInstanceId<EvtContext, [01;36m[KSTRUCT_OFFSET[m[K(TInstanceId<EvtContex
t>, m_id)> {
      |                                                            [01;36m[K^~~~~~~~~~~~~[m[K
[01m[KD:/workcode/game/warden/Source/Engine/Source/event/EvtContext.h:48:46:[m[K [01;35m[Kwarning: [m[K'[01m[
Koffsetof[m[K' within non-standard-layout type '[01m[KEvtMessage[m[K' is conditionally-supported [[01;35m[K-Win
valid-offsetof[m[K]
   48 |     TSExplicitList<EvtMessage, STRUCT_OFFSET(EvtMessage, link)> m_queueMessageList;
[01m[KD:/workcode/game/warden/Source/Engine/Source/event/EvtContext.h:48:32:[m[K [01;36m[Knote: [m[Kin expansio
n of macro '[01m[KSTRUCT_OFFSET[m[K'
   48 |     TSExplicitList<EvtMessage, [01;36m[KSTRUCT_OFFSET[m[K(EvtMessage, link)> m_queueMessageList;
      |                                [01;36m[K^~~~~~~~~~~~~[m[K
[01m[KD:\workcode\game\warden\Source\Engine\Source\Event\Event.cpp:[m[K In function '[01m[Kvoid[01;32m[K EventP
ostCloseEx[m[K(HEVENTCONTEXT)[m[K':
[01m[KD:\workcode\game\warden\Source\Engine\Source\Event\Event.cpp:90:78:[m[K [01;35m[Kwarning: [m[K'[01m[Kof
fsetof[m[K' within non-standard-layout type '[01m[KEvtContext[m[K' is conditionally-supported [[01;35m[K-Winval
id-offsetof[m[K]
   90 |         EvtContext *context = TSingletonInstanceId<EvtContext, STRUCT_OFFSET(EvtContext, m_id)>::s_idTable.Ptr(
[01m[KD:\workcode\game\warden\Source\Engine\Source\Event\Event.cpp:90:64:[m[K [01;36m[Knote: [m[Kin expansion o
f macro '[01m[KSTRUCT_OFFSET[m[K'
   90 |         EvtContext *context = TSingletonInstanceId<EvtContext, [01;36m[KSTRUCT_OFFSET[m[K(EvtContext, m_id)
>::s_idTable.Ptr(
      |                                                                [01;36m[K^~~~~~~~~~~~~[m[K
[01m[KD:\workcode\game\warden\Source\Engine\Source\Event\Event.cpp:106:64:[m[K [01;35m[Kwarning: [m[K'[01m[Ko
ffsetof[m[K' within non-standard-layout type '[01m[KEvtContext[m[K' is conditionally-supported [[01;35m[K-Winva
lid-offsetof[m[K]
  106 |                 TSingletonInstanceId<EvtContext, STRUCT_OFFSET(EvtContext, m_id)>::s_idTable.Unlock(
[01m[KD:\workcode\game\warden\Source\Engine\Source\Event\Event.cpp:106:50:[m[K [01;36m[Knote: [m[Kin expansion 
of macro '[01m[KSTRUCT_OFFSET[m[K'
  106 |                 TSingletonInstanceId<EvtContext, [01;36m[KSTRUCT_OFFSET[m[K(EvtContext, m_id)>::s_idTable.U
nlock(
      |                                                  [01;36m[K^~~~~~~~~~~~~[m[K
[01m[KD:\workcode\game\warden\Source\Engine\Source\Event\Event.cpp:[m[K In function '[01m[Kvoid[01;32m[K EventR
egisterEx[m[K(EVENTID, EVENTHANDLERFUNC, void*, float)[m[K':
[01m[KD:\workcode\game\warden\Source\Engine\Source\Event\Event.cpp:132:74:[m[K [01;35m[Kwarning: [m[K'[01m[Ko
ffsetof[m[K' within non-standard-layout type '[01m[KEvtContext[m[K' is conditionally-supported [[01;35m[K-Winva
lid-offsetof[m[K]
  132 |     EvtContext *context = TSingletonInstanceId<EvtContext, STRUCT_OFFSET(EvtContext, m_id)>::s_idTable.Ptr(
[01m[KD:\workcode\game\warden\Source\Engine\Source\Event\Event.cpp:132:60:[m[K [01;36m[Knote: [m[Kin expansion 
of macro '[01m[KSTRUCT_OFFSET[m[K'
  132 |     EvtContext *context = TSingletonInstanceId<EvtContext, [01;36m[KSTRUCT_OFFSET[m[K(EvtContext, m_id)>::s
_idTable.Ptr(
      |                                                            [01;36m[K^~~~~~~~~~~~~[m[K
[01m[KD:\workcode\game\warden\Source\Engine\Source\Event\Event.cpp:142:60:[m[K [01;35m[Kwarning: [m[K'[01m[Ko
ffsetof[m[K' within non-standard-layout type '[01m[KEvtContext[m[K' is conditionally-supported [[01;35m[K-Winva
lid-offsetof[m[K]
  142 |             TSingletonInstanceId<EvtContext, STRUCT_OFFSET(EvtContext, m_id)>::s_idTable.Unlock(
[01m[KD:\workcode\game\warden\Source\Engine\Source\Event\Event.cpp:142:46:[m[K [01;36m[Knote: [m[Kin expansion 
of macro '[01m[KSTRUCT_OFFSET[m[K'
  142 |             TSingletonInstanceId<EvtContext, [01;36m[KSTRUCT_OFFSET[m[K(EvtContext, m_id)>::s_idTable.Unloc
k(
      |                                              [01;36m[K^~~~~~~~~~~~~[m[K
[ 31%] Building CXX object CMakeFiles/warden.dir/Source/Engine/Source/Event/EvtContext.cpp.obj
In file included from [01m[KC:/Program Files/JetBrains/CLion 2026.2.1/bin/mingw/x86_64-w64-mingw32/include/stdint.h:3
2[m[K,
                 from [01m[KC:/Program Files/JetBrains/CLion 2026.2.1/bin/mingw/lib/gcc/x86_64-w64-mingw32/15.2.0/inc
lude/stdint.h:11[m[K,
                 from [01m[KC:/Program Files/JetBrains/CLion 2026.2.1/bin/mingw/lib/gcc/x86_64-w64-mingw32/15.2.0/inc
lude/c++/cstdint:47[m[K,
                 from [01m[KD:/workcode/game/warden/Source/Engine/Source/event/EvtContext.h:3[m[K,
                 from [01m[KD:\workcode\game\warden\Source\Engine\Source\Event\EvtContext.cpp:1[m[K:
[01m[KD:/workcode/game/warden/Source/Engine/Source/event/EvtContext.h:25:74:[m[K [01;35m[Kwarning: [m[K'[01m[
Koffsetof[m[K' within non-standard-layout type '[01m[KTInstanceId<EvtContext>[m[K' is conditionally-supported [[
01;35m[K-Winvalid-offsetof[m[K]
   25 | class EvtContext : public TSingletonInstanceId<EvtContext, STRUCT_OFFSET(TInstanceId<EvtContext>, m_id)> {
[01m[KD:/workcode/game/warden/Source/Engine/Source/event/EvtContext.h:25:60:[m[K [01;36m[Knote: [m[Kin expansio
n of macro '[01m[KSTRUCT_OFFSET[m[K'
   25 | class EvtContext : public TSingletonInstanceId<EvtContext, [01;36m[KSTRUCT_OFFSET[m[K(TInstanceId<EvtContex
t>, m_id)> {
      |                                                            [01;36m[K^~~~~~~~~~~~~[m[K
[01m[KD:/workcode/game/warden/Source/Engine/Source/event/EvtContext.h:48:46:[m[K [01;35m[Kwarning: [m[K'[01m[
Koffsetof[m[K' within non-standard-layout type '[01m[KEvtMessage[m[K' is conditionally-supported [[01;35m[K-Win
valid-offsetof[m[K]
   48 |     TSExplicitList<EvtMessage, STRUCT_OFFSET(EvtMessage, link)> m_queueMessageList;
[01m[KD:/workcode/game/warden/Source/Engine/Source/event/EvtContext.h:48:32:[m[K [01;36m[Knote: [m[Kin expansio
n of macro '[01m[KSTRUCT_OFFSET[m[K'
   48 |     TSExplicitList<EvtMessage, [01;36m[KSTRUCT_OFFSET[m[K(EvtMessage, link)> m_queueMessageList;
      |                                [01;36m[K^~~~~~~~~~~~~[m[K
[01m[KD:\workcode\game\warden\Source\Engine\Source\Event\EvtContext.cpp:[m[K In constructor '[01m[KEvtContext::[
01;32m[KEvtContext[m[K(uint32_t, uint32_t, uint32_t, void*, int32_t)[m[K':
[01m[KD:\workcode\game\warden\Source\Engine\Source\Event\EvtContext.cpp:8:56:[m[K [01;35m[Kwarning: [m[K'[01m
[Koffsetof[m[K' within non-standard-layout type '[01m[KTInstanceId<EvtContext>[m[K' is conditionally-supported [
[01;35m[K-Winvalid-offsetof[m[K]
    8 |         TSingletonInstanceId<EvtContext, STRUCT_OFFSET(TInstanceId<EvtContext>, m_id)>(),
[01m[KD:\workcode\game\warden\Source\Engine\Source\Event\EvtContext.cpp:8:42:[m[K [01;36m[Knote: [m[Kin expansi
on of macro '[01m[KSTRUCT_OFFSET[m[K'
    8 |         TSingletonInstanceId<EvtContext, [01;36m[KSTRUCT_OFFSET[m[K(TInstanceId<EvtContext>, m_id)>(),
      |                                          [01;36m[K^~~~~~~~~~~~~[m[K
[01m[KD:\workcode\game\warden\Source\Engine\Source\Event\EvtContext.cpp:[m[K In constructor '[01m[KEvtContextQueu
e::[01;32m[KEvtContextQueue[m[K()[m[K':
[01m[KD:\workcode\game\warden\Source\Engine\Source\Event\EvtContext.cpp:32:80:[m[K [01;35m[Kwarning: [m[K'[01m
[Koffsetof[m[K' within non-standard-layout type '[01m[KEvtContext[m[K' is conditionally-supported [[01;35m[K-W
invalid-offsetof[m[K]
   32 | EvtContextQueue::EvtContextQueue() : TSPriorityQueue<EvtContext>(STRUCT_OFFSET(EvtContext, m_schedNextWakeTime)
) {
[01m[KD:\workcode\game\warden\Source\Engine\Source\Event\EvtContext.cpp:32:66:[m[K [01;36m[Knote: [m[Kin expans
ion of macro '[01m[KSTRUCT_OFFSET[m[K'
   32 | EvtContextQueue::EvtContextQueue() : TSPriorityQueue<EvtContext>([01;36m[KSTRUCT_OFFSET[m[K(EvtContext, m_s
chedNextWakeTime)) {
      |                                                                  [01;36m[K^~~~~~~~~~~~~[m[K
[ 31%] Building CXX object CMakeFiles/warden.dir/Source/Engine/Source/Event/EvtSched.cpp.obj
[ 32%] Building CXX object CMakeFiles/warden.dir/Source/Engine/Source/Event/EvtThread.cpp.obj
In file included from [01m[KC:/Program Files/JetBrains/CLion 2026.2.1/bin/mingw/x86_64-w64-mingw32/include/stdint.h:3
2[m[K,
                 from [01m[KC:/Program Files/JetBrains/CLion 2026.2.1/bin/mingw/lib/gcc/x86_64-w64-mingw32/15.2.0/inc
lude/stdint.h:11[m[K,
                 from [01m[KC:/Program Files/JetBrains/CLion 2026.2.1/bin/mingw/lib/gcc/x86_64-w64-mingw32/15.2.0/inc
lude/c++/cstdint:47[m[K,
                 from [01m[KD:/workcode/game/warden/Source/Engine/Source/event/EvtThread.h:3[m[K,
                 from [01m[KD:\workcode\game\warden\Source\Engine\Source\Event\EvtThread.cpp:1[m[K:
[01m[KD:/workcode/game/warden/Source/Engine/Source/event/EvtContext.h:25:74:[m[K [01;35m[Kwarning: [m[K'[01m[
Koffsetof[m[K' within non-standard-layout type '[01m[KTInstanceId<EvtContext>[m[K' is conditionally-supported [[
01;35m[K-Winvalid-offsetof[m[K]
   25 | class EvtContext : public TSingletonInstanceId<EvtContext, STRUCT_OFFSET(TInstanceId<EvtContext>, m_id)> {
[01m[KD:/workcode/game/warden/Source/Engine/Source/event/EvtContext.h:25:60:[m[K [01;36m[Knote: [m[Kin expansio
n of macro '[01m[KSTRUCT_OFFSET[m[K'
   25 | class EvtContext : public TSingletonInstanceId<EvtContext, [01;36m[KSTRUCT_OFFSET[m[K(TInstanceId<EvtContex
t>, m_id)> {
      |                                                            [01;36m[K^~~~~~~~~~~~~[m[K
[01m[KD:/workcode/game/warden/Source/Engine/Source/event/EvtContext.h:48:46:[m[K [01;35m[Kwarning: [m[K'[01m[
Koffsetof[m[K' within non-standard-layout type '[01m[KEvtMessage[m[K' is conditionally-supported [[01;35m[K-Win
valid-offsetof[m[K]
   48 |     TSExplicitList<EvtMessage, STRUCT_OFFSET(EvtMessage, link)> m_queueMessageList;
[01m[KD:/workcode/game/warden/Source/Engine/Source/event/EvtContext.h:48:32:[m[K [01;36m[Knote: [m[Kin expansio
n of macro '[01m[KSTRUCT_OFFSET[m[K'
   48 |     TSExplicitList<EvtMessage, [01;36m[KSTRUCT_OFFSET[m[K(EvtMessage, link)> m_queueMessageList;
      |                                [01;36m[K^~~~~~~~~~~~~[m[K
[ 32%] Building CXX object CMakeFiles/warden.dir/Source/Engine/Source/Event/EvtTimer.cpp.obj
[ 32%] Building CXX object CMakeFiles/warden.dir/Source/Engine/Source/Event/Input.cpp.obj
In file included from [01m[KC:/Program Files/JetBrains/CLion 2026.2.1/bin/mingw/x86_64-w64-mingw32/include/stdint.h:3
2[m[K,
                 from [01m[KC:/Program Files/JetBrains/CLion 2026.2.1/bin/mingw/lib/gcc/x86_64-w64-mingw32/15.2.0/inc
lude/stdint.h:11[m[K,
                 from [01m[KC:/Program Files/JetBrains/CLion 2026.2.1/bin/mingw/lib/gcc/x86_64-w64-mingw32/15.2.0/inc
lude/c++/cstdint:47[m[K,
                 from [01m[KD:/workcode/game/warden/Source/Engine/Source/event/Types.h:3[m[K,
                 from [01m[KD:/workcode/game/warden/Source/Engine/Source/event/Input.h:3[m[K,
                 from [01m[KD:\workcode\game\warden\Source\Engine\Source\Event\Input.cpp:1[m[K:
[01m[KD:/workcode/game/warden/Source/Engine/Source/event/EvtContext.h:25:74:[m[K [01;35m[Kwarning: [m[K'[01m[
Koffsetof[m[K' within non-standard-layout type '[01m[KTInstanceId<EvtContext>[m[K' is conditionally-supported [[
01;35m[K-Winvalid-offsetof[m[K]
   25 | class EvtContext : public TSingletonInstanceId<EvtContext, STRUCT_OFFSET(TInstanceId<EvtContext>, m_id)> {
[01m[KD:/workcode/game/warden/Source/Engine/Source/event/EvtContext.h:25:60:[m[K [01;36m[Knote: [m[Kin expansio
n of macro '[01m[KSTRUCT_OFFSET[m[K'
   25 | class EvtContext : public TSingletonInstanceId<EvtContext, [01;36m[KSTRUCT_OFFSET[m[K(TInstanceId<EvtContex
t>, m_id)> {
      |                                                            [01;36m[K^~~~~~~~~~~~~[m[K
[01m[KD:/workcode/game/warden/Source/Engine/Source/event/EvtContext.h:48:46:[m[K [01;35m[Kwarning: [m[K'[01m[
Koffsetof[m[K' within non-standard-layout type '[01m[KEvtMessage[m[K' is conditionally-supported [[01;35m[K-Win
valid-offsetof[m[K]
   48 |     TSExplicitList<EvtMessage, STRUCT_OFFSET(EvtMessage, link)> m_queueMessageList;
[01m[KD:/workcode/game/warden/Source/Engine/Source/event/EvtContext.h:48:32:[m[K [01;36m[Knote: [m[Kin expansio
n of macro '[01m[KSTRUCT_OFFSET[m[K'
   48 |     TSExplicitList<EvtMessage, [01;36m[KSTRUCT_OFFSET[m[K(EvtMessage, link)> m_queueMessageList;
      |                                [01;36m[K^~~~~~~~~~~~~[m[K
[01m[KD:\workcode\game\warden\Source\Engine\Source\Event\Input.cpp:[m[K In function '[01m[Kvoid[01;32m[K PostCh
ar[m[K(EvtContext*, int32_t, int32_t)[m[K':
[01m[KD:\workcode\game\warden\Source\Engine\Source\Event\Input.cpp:62:10:[m[K [01;31m[Kerror: [m[K'[01m[Kstru
ct EVENT_DATA_CHAR[m[K' has no member named '[01m[Kch[m[K'
   62 |     data.[01;31m[Kch[m[K = ch;
      |          [01;31m[K^~[m[K
[01m[KD:\workcode\game\warden\Source\Engine\Source\Event\Input.cpp:[m[K In function '[01m[Kvoid[01;32m[K EventS
etMouseMode[m[K(MOUSEMODE, uint32_t)[m[K':
[01m[KD:\workcode\game\warden\Source\Engine\Source\Event\Input.cpp:375:67:[m[K [01;35m[Kwarning: [m[K'[01m[Ko
ffsetof[m[K' within non-standard-layout type '[01m[KEvtContext[m[K' is conditionally-supported [[01;35m[K-Winva
lid-offsetof[m[K]
  375 |     auto context = TSingletonInstanceId<EvtContext, STRUCT_OFFSET(EvtContext, m_id)>::s_idTable.Ptr(
[01m[KD:\workcode\game\warden\Source\Engine\Source\Event\Input.cpp:375:53:[m[K [01;36m[Knote: [m[Kin expansion 
of macro '[01m[KSTRUCT_OFFSET[m[K'
  375 |     auto context = TSingletonInstanceId<EvtContext, [01;36m[KSTRUCT_OFFSET[m[K(EvtContext, m_id)>::s_idTabl
e.Ptr(
      |                                                     [01;36m[K^~~~~~~~~~~~~[m[K
[01m[KD:\workcode\game\warden\Source\Engine\Source\Event\Input.cpp:385:60:[m[K [01;35m[Kwarning: [m[K'[01m[Ko
ffsetof[m[K' within non-standard-layout type '[01m[KEvtContext[m[K' is conditionally-supported [[01;35m[K-Winva
lid-offsetof[m[K]
  385 |             TSingletonInstanceId<EvtContext, STRUCT_OFFSET(EvtContext, m_id)>::s_idTable.Unlock(
[01m[KD:\workcode\game\warden\Source\Engine\Source\Event\Input.cpp:385:46:[m[K [01;36m[Knote: [m[Kin expansion 
of macro '[01m[KSTRUCT_OFFSET[m[K'
  385 |             TSingletonInstanceId<EvtContext, [01;36m[KSTRUCT_OFFSET[m[K(EvtContext, m_id)>::s_idTable.Unloc
k(
      |                                              [01;36m[K^~~~~~~~~~~~~[m[K
mingw32-make[3]: *** [CMakeFiles\warden.dir\build.make:1669: CMakeFiles/warden.dir/Source/Engine/Source/Event/Input.cpp
.obj] Error 1
[ 32%] Building CXX object CMakeFiles/warden.dir/Source/Engine/Source/Event/Queue.cpp.obj
In file included from [01m[KC:/Program Files/JetBrains/CLion 2026.2.1/bin/mingw/x86_64-w64-mingw32/include/stdint.h:3
2[m[K,
                 from [01m[KC:/Program Files/JetBrains/CLion 2026.2.1/bin/mingw/lib/gcc/x86_64-w64-mingw32/15.2.0/inc
lude/stdint.h:11[m[K,
                 from [01m[KC:/Program Files/JetBrains/CLion 2026.2.1/bin/mingw/lib/gcc/x86_64-w64-mingw32/15.2.0/inc
lude/c++/cstdint:47[m[K,
                 from [01m[KD:/workcode/game/warden/Source/Engine/Source/event/Types.h:3[m[K,
                 from [01m[KD:/workcode/game/warden/Source/Engine/Source/event/Queue.h:3[m[K,
                 from [01m[KD:\workcode\game\warden\Source\Engine\Source\Event\Queue.cpp:1[m[K:
[01m[KD:/workcode/game/warden/Source/Engine/Source/event/EvtContext.h:25:74:[m[K [01;35m[Kwarning: [m[K'[01m[
Koffsetof[m[K' within non-standard-layout type '[01m[KTInstanceId<EvtContext>[m[K' is conditionally-supported [[
01;35m[K-Winvalid-offsetof[m[K]
   25 | class EvtContext : public TSingletonInstanceId<EvtContext, STRUCT_OFFSET(TInstanceId<EvtContext>, m_id)> {
[01m[KD:/workcode/game/warden/Source/Engine/Source/event/EvtContext.h:25:60:[m[K [01;36m[Knote: [m[Kin expansio
n of macro '[01m[KSTRUCT_OFFSET[m[K'
   25 | class EvtContext : public TSingletonInstanceId<EvtContext, [01;36m[KSTRUCT_OFFSET[m[K(TInstanceId<EvtContex
t>, m_id)> {
      |                                                            [01;36m[K^~~~~~~~~~~~~[m[K
[01m[KD:/workcode/game/warden/Source/Engine/Source/event/EvtContext.h:48:46:[m[K [01;35m[Kwarning: [m[K'[01m[
Koffsetof[m[K' within non-standard-layout type '[01m[KEvtMessage[m[K' is conditionally-supported [[01;35m[K-Win
valid-offsetof[m[K]
   48 |     TSExplicitList<EvtMessage, STRUCT_OFFSET(EvtMessage, link)> m_queueMessageList;
[01m[KD:/workcode/game/warden/Source/Engine/Source/event/EvtContext.h:48:32:[m[K [01;36m[Knote: [m[Kin expansio
n of macro '[01m[KSTRUCT_OFFSET[m[K'
   48 |     TSExplicitList<EvtMessage, [01;36m[KSTRUCT_OFFSET[m[K(EvtMessage, link)> m_queueMessageList;
      |                                [01;36m[K^~~~~~~~~~~~~[m[K
[ 32%] Building CXX object CMakeFiles/warden.dir/Source/Engine/Source/Event/Scheduler.cpp.obj
In file included from [01m[KC:/Program Files/JetBrains/CLion 2026.2.1/bin/mingw/x86_64-w64-mingw32/include/stdint.h:3
2[m[K,
                 from [01m[KC:/Program Files/JetBrains/CLion 2026.2.1/bin/mingw/lib/gcc/x86_64-w64-mingw32/15.2.0/inc
lude/stdint.h:11[m[K,
                 from [01m[KC:/Program Files/JetBrains/CLion 2026.2.1/bin/mingw/lib/gcc/x86_64-w64-mingw32/15.2.0/inc
lude/c++/cstdint:47[m[K,
                 from [01m[KD:/workcode/game/warden/Source/Engine/Source/event/Scheduler.h:3[m[K,
                 from [01m[KD:\workcode\game\warden\Source\Engine\Source\Event\Scheduler.cpp:5[m[K:
[01m[KD:/workcode/game/warden/Source/Engine/Source/event/EvtContext.h:25:74:[m[K [01;35m[Kwarning: [m[K'[01m[
Koffsetof[m[K' within non-standard-layout type '[01m[KTInstanceId<EvtContext>[m[K' is conditionally-supported [[
01;35m[K-Winvalid-offsetof[m[K]
   25 | class EvtContext : public TSingletonInstanceId<EvtContext, STRUCT_OFFSET(TInstanceId<EvtContext>, m_id)> {
[01m[KD:/workcode/game/warden/Source/Engine/Source/event/EvtContext.h:25:60:[m[K [01;36m[Knote: [m[Kin expansio
n of macro '[01m[KSTRUCT_OFFSET[m[K'
   25 | class EvtContext : public TSingletonInstanceId<EvtContext, [01;36m[KSTRUCT_OFFSET[m[K(TInstanceId<EvtContex
t>, m_id)> {
      |                                                            [01;36m[K^~~~~~~~~~~~~[m[K
[01m[KD:/workcode/game/warden/Source/Engine/Source/event/EvtContext.h:48:46:[m[K [01;35m[Kwarning: [m[K'[01m[
Koffsetof[m[K' within non-standard-layout type '[01m[KEvtMessage[m[K' is conditionally-supported [[01;35m[K-Win
valid-offsetof[m[K]
   48 |     TSExplicitList<EvtMessage, STRUCT_OFFSET(EvtMessage, link)> m_queueMessageList;
[01m[KD:/workcode/game/warden/Source/Engine/Source/event/EvtContext.h:48:32:[m[K [01;36m[Knote: [m[Kin expansio
n of macro '[01m[KSTRUCT_OFFSET[m[K'
   48 |     TSExplicitList<EvtMessage, [01;36m[KSTRUCT_OFFSET[m[K(EvtMessage, link)> m_queueMessageList;
      |                                [01;36m[K^~~~~~~~~~~~~[m[K
[ 32%] Building CXX object CMakeFiles/warden.dir/Source/Engine/Source/Event/Synthesize.cpp.obj
In file included from [01m[KC:/Program Files/JetBrains/CLion 2026.2.1/bin/mingw/x86_64-w64-mingw32/include/stdint.h:3
2[m[K,
                 from [01m[KC:/Program Files/JetBrains/CLion 2026.2.1/bin/mingw/lib/gcc/x86_64-w64-mingw32/15.2.0/inc
lude/stdint.h:11[m[K,
                 from [01m[KC:/Program Files/JetBrains/CLion 2026.2.1/bin/mingw/lib/gcc/x86_64-w64-mingw32/15.2.0/inc
lude/c++/cstdint:47[m[K,
                 from [01m[KD:/workcode/game/warden/Source/Engine/Source/event/Synthesize.h:3[m[K,
                 from [01m[KD:\workcode\game\warden\Source\Engine\Source\Event\Synthesize.cpp:1[m[K:
[01m[KD:/workcode/game/warden/Source/Engine/Source/event/EvtContext.h:25:74:[m[K [01;35m[Kwarning: [m[K'[01m[
Koffsetof[m[K' within non-standard-layout type '[01m[KTInstanceId<EvtContext>[m[K' is conditionally-supported [[
01;35m[K-Winvalid-offsetof[m[K]
   25 | class EvtContext : public TSingletonInstanceId<EvtContext, STRUCT_OFFSET(TInstanceId<EvtContext>, m_id)> {
[01m[KD:/workcode/game/warden/Source/Engine/Source/event/EvtContext.h:25:60:[m[K [01;36m[Knote: [m[Kin expansio
n of macro '[01m[KSTRUCT_OFFSET[m[K'
   25 | class EvtContext : public TSingletonInstanceId<EvtContext, [01;36m[KSTRUCT_OFFSET[m[K(TInstanceId<EvtContex
t>, m_id)> {
      |                                                            [01;36m[K^~~~~~~~~~~~~[m[K
[01m[KD:/workcode/game/warden/Source/Engine/Source/event/EvtContext.h:48:46:[m[K [01;35m[Kwarning: [m[K'[01m[
Koffsetof[m[K' within non-standard-layout type '[01m[KEvtMessage[m[K' is conditionally-supported [[01;35m[K-Win
valid-offsetof[m[K]
   48 |     TSExplicitList<EvtMessage, STRUCT_OFFSET(EvtMessage, link)> m_queueMessageList;
[01m[KD:/workcode/game/warden/Source/Engine/Source/event/EvtContext.h:48:32:[m[K [01;36m[Knote: [m[Kin expansio
n of macro '[01m[KSTRUCT_OFFSET[m[K'
   48 |     TSExplicitList<EvtMessage, [01;36m[KSTRUCT_OFFSET[m[K(EvtMessage, link)> m_queueMessageList;
      |                                [01;36m[K^~~~~~~~~~~~~[m[K
[ 32%] Building CXX object CMakeFiles/warden.dir/Source/Engine/Source/Event/Timer.cpp.obj
In file included from [01m[KC:/Program Files/JetBrains/CLion 2026.2.1/bin/mingw/x86_64-w64-mingw32/include/stdint.h:3
2[m[K,
                 from [01m[KC:/Program Files/JetBrains/CLion 2026.2.1/bin/mingw/lib/gcc/x86_64-w64-mingw32/15.2.0/inc
lude/stdint.h:11[m[K,
                 from [01m[KC:/Program Files/JetBrains/CLion 2026.2.1/bin/mingw/lib/gcc/x86_64-w64-mingw32/15.2.0/inc
lude/c++/cstdint:47[m[K,
                 from [01m[KD:/workcode/game/warden/Source/Engine/Source/event/Timer.h:3[m[K,
                 from [01m[KD:\workcode\game\warden\Source\Engine\Source\Event\Timer.cpp:1[m[K:
[01m[KD:/workcode/game/warden/Source/Engine/Source/event/EvtContext.h:25:74:[m[K [01;35m[Kwarning: [m[K'[01m[
Koffsetof[m[K' within non-standard-layout type '[01m[KTInstanceId<EvtContext>[m[K' is conditionally-supported [[
01;35m[K-Winvalid-offsetof[m[K]
   25 | class EvtContext : public TSingletonInstanceId<EvtContext, STRUCT_OFFSET(TInstanceId<EvtContext>, m_id)> {
[01m[KD:/workcode/game/warden/Source/Engine/Source/event/EvtContext.h:25:60:[m[K [01;36m[Knote: [m[Kin expansio
n of macro '[01m[KSTRUCT_OFFSET[m[K'
   25 | class EvtContext : public TSingletonInstanceId<EvtContext, [01;36m[KSTRUCT_OFFSET[m[K(TInstanceId<EvtContex
t>, m_id)> {
      |                                                            [01;36m[K^~~~~~~~~~~~~[m[K
[01m[KD:/workcode/game/warden/Source/Engine/Source/event/EvtContext.h:48:46:[m[K [01;35m[Kwarning: [m[K'[01m[
Koffsetof[m[K' within non-standard-layout type '[01m[KEvtMessage[m[K' is conditionally-supported [[01;35m[K-Win
valid-offsetof[m[K]
   48 |     TSExplicitList<EvtMessage, STRUCT_OFFSET(EvtMessage, link)> m_queueMessageList;
[01m[KD:/workcode/game/warden/Source/Engine/Source/event/EvtContext.h:48:32:[m[K [01;36m[Knote: [m[Kin expansio
n of macro '[01m[KSTRUCT_OFFSET[m[K'
   48 |     TSExplicitList<EvtMessage, [01;36m[KSTRUCT_OFFSET[m[K(EvtMessage, link)> m_queueMessageList;
      |                                [01;36m[K^~~~~~~~~~~~~[m[K
[ 32%] Building CXX object CMakeFiles/warden.dir/Source/Engine/Source/Event/win/Input.cpp.obj
[ 32%] Building CXX object CMakeFiles/warden.dir/Source/Engine/Source/FDFile/FDFile.cpp.obj
[ 34%] Building CXX object CMakeFiles/warden.dir/Source/Engine/Source/FDFile/Handlers/EditBoxHandlers.cpp.obj
[ 34%] Building CXX object CMakeFiles/warden.dir/Source/Engine/Source/FDFile/Handlers/FrameHandlers.cpp.obj
[ 34%] Building CXX object CMakeFiles/warden.dir/Source/Engine/Source/FDFile/Handlers/FrameHashNode.cpp.obj
[ 34%] Building CXX object CMakeFiles/warden.dir/Source/Engine/Source/FDFile/Handlers/MenuHashNode.cpp.obj
[ 34%] Building CXX object CMakeFiles/warden.dir/Source/Engine/Source/FDFile/Handlers/TextFrameHandlers.cpp.obj
[ 34%] Building CXX object CMakeFiles/warden.dir/Source/Engine/Source/FDFile/IFDFile.cpp.obj
[ 34%] Building CXX object CMakeFiles/warden.dir/Source/Engine/Source/Frame/CBackdropGenerator.cpp.obj
[ 34%] Building CXX object CMakeFiles/warden.dir/Source/Engine/Source/Frame/CButtonFrame.cpp.obj
[ 34%] Building CXX object CMakeFiles/warden.dir/Source/Engine/Source/Frame/CChatDisplay.cpp.obj
[ 34%] Building CXX object CMakeFiles/warden.dir/Source/Engine/Source/Frame/CCheckBox.cpp.obj
[ 36%] Building CXX object CMakeFiles/warden.dir/Source/Engine/Source/Frame/CControl.cpp.obj
[ 36%] Building CXX object CMakeFiles/warden.dir/Source/Engine/Source/Frame/CControlSet.cpp.obj
[ 36%] Building CXX object CMakeFiles/warden.dir/Source/Engine/Source/Frame/CDialog.cpp.obj
[ 36%] Building CXX object CMakeFiles/warden.dir/Source/Engine/Source/Frame/CEditBox.cpp.obj
[ 36%] Building CXX object CMakeFiles/warden.dir/Source/Engine/Source/Frame/CFrame.cpp.obj
[ 36%] Building CXX object CMakeFiles/warden.dir/Source/Engine/Source/Frame/CFramePoint.cpp.obj
[ 36%] Building CXX object CMakeFiles/warden.dir/Source/Engine/Source/Frame/CHighlightFrame.cpp.obj
[ 36%] Building CXX object CMakeFiles/warden.dir/Source/Engine/Source/Frame/CLayer.cpp.obj
[ 36%] Building CXX object CMakeFiles/warden.dir/Source/Engine/Source/Frame/CListBox.cpp.obj
[ 36%] Building CXX object CMakeFiles/warden.dir/Source/Engine/Source/Frame/CMenu.cpp.obj
[ 37%] Building CXX object CMakeFiles/warden.dir/Source/Engine/Source/Frame/CMessageFrame.cpp.obj
[ 37%] Building CXX object CMakeFiles/warden.dir/Source/Engine/Source/Frame/CModelFrame.cpp.obj
[ 37%] Building CXX object CMakeFiles/warden.dir/Source/Engine/Source/Frame/CPopupMenu.cpp.obj
[ 37%] Building CXX object CMakeFiles/warden.dir/Source/Engine/Source/Frame/CScreenFrame.cpp.obj
[ 37%] Building CXX object CMakeFiles/warden.dir/Source/Engine/Source/Frame/CScrollBar.cpp.obj
[ 37%] Building CXX object CMakeFiles/warden.dir/Source/Engine/Source/Frame/CSimpleButton.cpp.obj
[ 37%] Building CXX object CMakeFiles/warden.dir/Source/Engine/Source/Frame/CSimpleCheckbox.cpp.obj
[ 37%] Building CXX object CMakeFiles/warden.dir/Source/Engine/Source/Frame/CSimpleFrame.cpp.obj
[ 37%] Building CXX object CMakeFiles/warden.dir/Source/Engine/Source/Frame/CSimpleMessageFrame.cpp.obj
[ 39%] Building CXX object CMakeFiles/warden.dir/Source/Engine/Source/Frame/CSimpleRender.cpp.obj
[ 39%] Building CXX object CMakeFiles/warden.dir/Source/Engine/Source/Frame/CSimpleStatusBar.cpp.obj
[ 39%] Building CXX object CMakeFiles/warden.dir/Source/Engine/Source/Frame/CSimpleTop.cpp.obj
[ 39%] Building CXX object CMakeFiles/warden.dir/Source/Engine/Source/Frame/CSlider.cpp.obj
[ 39%] Building CXX object CMakeFiles/warden.dir/Source/Engine/Source/Frame/CSpriteFrame.cpp.obj
[ 39%] Building CXX object CMakeFiles/warden.dir/Source/Engine/Source/Frame/CTextArea.cpp.obj
[ 39%] Building CXX object CMakeFiles/warden.dir/Source/Engine/Source/Frame/CTextButtonFrame.cpp.obj
[ 39%] Building CXX object CMakeFiles/warden.dir/Source/Engine/Source/Frame/CTextFrame.cpp.obj
[ 39%] Building CXX object CMakeFiles/warden.dir/Source/Engine/Source/FrameDef/FrameDef.cpp.obj
[ 39%] Building CXX object CMakeFiles/warden.dir/Source/Engine/Source/FrameDef/SetupFrame.cpp.obj
[ 41%] Building CXX object CMakeFiles/warden.dir/Source/Engine/Source/Gxu/GxuFont.cpp.obj
[ 41%] Building CXX object CMakeFiles/warden.dir/Source/Engine/Source/Gxu/GxuFontUtil.cpp.obj
[ 41%] Building CXX object CMakeFiles/warden.dir/Source/Engine/Source/Gxu/GxuLight.cpp.obj
[ 41%] Building CXX object CMakeFiles/warden.dir/Source/Engine/Source/Gxu/IGxuFontGlyph.cpp.obj
[ 41%] Building CXX object CMakeFiles/warden.dir/Source/Engine/Source/Images/CBlpTexture.cpp.obj
[ 41%] Building CXX object CMakeFiles/warden.dir/Source/Engine/Source/Images/CTgaTexture.cpp.obj
[ 41%] Building CXX object CMakeFiles/warden.dir/Source/Engine/Source/Images/CWar3Image.cpp.obj
[ 41%] Building CXX object CMakeFiles/warden.dir/Source/Engine/Source/Images/funcs.cpp.obj
[ 41%] Building CXX object CMakeFiles/warden.dir/Source/Engine/Source/Images/tga.cpp.obj
[ 41%] Building CXX object CMakeFiles/warden.dir/Source/Engine/Source/Ipse/CPoReal.cpp.obj
[ 43%] Building CXX object CMakeFiles/warden.dir/Source/Engine/Source/Ipse/CPrRelation.cpp.obj
[ 43%] Building CXX object CMakeFiles/warden.dir/Source/Engine/Source/Ipse/CRlAgent.cpp.obj
[ 43%] Building CXX object CMakeFiles/warden.dir/Source/Engine/Source/Ipse/CRlAgentDef.cpp.obj
[ 43%] Building CXX object CMakeFiles/warden.dir/Source/Engine/Source/Ipse/CRlProperty.cpp.obj
[ 43%] Building CXX object CMakeFiles/warden.dir/Source/Engine/Source/Ipse/CThreadData.cpp.obj
[ 43%] Building CXX object CMakeFiles/warden.dir/Source/Engine/Source/Jass2/Compile.cpp.obj
[ 43%] Building CXX object CMakeFiles/warden.dir/Source/Engine/Source/Jass2/Instance.cpp.obj
[ 43%] Building CXX object CMakeFiles/warden.dir/Source/Engine/Source/Jass2/Jass.cpp.obj
[ 43%] Building CXX object CMakeFiles/warden.dir/Source/Engine/Source/Jass2/parser.cpp.obj
[ 44%] Building CXX object CMakeFiles/warden.dir/Source/Engine/Source/Jass2/scanner.cpp.obj
[ 44%] Building CXX object CMakeFiles/warden.dir/Source/Engine/Source/Model/ModelCreate.cpp.obj
[ 44%] Building CXX object CMakeFiles/warden.dir/Source/Engine/Source/Net/NetClient.cpp.obj
[ 44%] Building CXX object CMakeFiles/warden.dir/Source/Engine/Source/Net/NetCommon.cpp.obj
[ 44%] Building CXX object CMakeFiles/warden.dir/Source/Engine/Source/Net/NetProvider.cpp.obj
[ 44%] Building CXX object CMakeFiles/warden.dir/Source/Engine/Source/Net/NetProviderBNET.cpp.obj
[ 44%] Building CXX object CMakeFiles/warden.dir/Source/Engine/Source/Net/NetProviderLOOP.cpp.obj
[ 44%] Building CXX object CMakeFiles/warden.dir/Source/Engine/Source/Net/NetProviderLTCP.cpp.obj
[ 44%] Building CXX object CMakeFiles/warden.dir/Source/Engine/Source/Net/NetRouter.cpp.obj
[ 44%] Building CXX object CMakeFiles/warden.dir/Source/Engine/Source/Net/Poll.cpp.obj
[ 46%] Building CXX object CMakeFiles/warden.dir/Source/Engine/Source/Net/connection/ClientConnection.cpp.obj
[ 46%] Building CXX object CMakeFiles/warden.dir/Source/Engine/Source/Net/connection/NetClient.cpp.obj
[ 46%] Building CXX object CMakeFiles/warden.dir/Source/Engine/Source/Net/connection/RealmConnection.cpp.obj
[ 46%] Building CXX object CMakeFiles/warden.dir/Source/Engine/Source/Net/connection/WowConnection.cpp.obj
[ 46%] Building CXX object CMakeFiles/warden.dir/Source/Engine/Source/Net/connection/WowConnectionNet.cpp.obj
[ 46%] Building CXX object CMakeFiles/warden.dir/Source/Engine/Source/Net/connection/winsock/WowConnectionNet.cpp.obj
[ 46%] Building CXX object CMakeFiles/warden.dir/Source/Engine/Source/Net/grunt/ClientLink.cpp.obj
In file included from [01m[KC:/Program Files/JetBrains/CLion 2026.2.1/bin/mingw/x86_64-w64-mingw32/include/stdint.h:3
2[m[K,
                 from [01m[KC:/Program Files/JetBrains/CLion 2026.2.1/bin/mingw/lib/gcc/x86_64-w64-mingw32/15.2.0/inc
lude/stdint.h:11[m[K,
                 from [01m[KC:/Program Files/JetBrains/CLion 2026.2.1/bin/mingw/lib/gcc/x86_64-w64-mingw32/15.2.0/inc
lude/c++/cstdint:47[m[K,
                 from [01m[KD:/workcode/game/warden/Source/Engine/Source/net/Types.h:3[m[K,
                 from [01m[KD:/workcode/game/warden/Source/Engine/Source/net/connection/WowConnectionResponse.h:3[m
[K,
                 from [01m[KD:/workcode/game/warden/Source/Engine/Source/net/grunt/ClientLink.h:4[m[K,
                 from [01m[KD:\workcode\game\warden\Source\Engine\Source\Net\grunt\ClientLink.cpp:1[m[K:
[01m[KD:/workcode/game/warden/Source/Engine/Source/net/grunt/Timer.h:33:25:[m[K [01;35m[Kwarning: [m[K'[01m[K
offsetof[m[K' within non-standard-layout type '[01m[KGrunt::Timer::Event[m[K' is conditionally-supported [[01;35
m[K-Winvalid-offsetof[m[K]
   33 |     STORM_EXPLICIT_LIST(Event, m_link) m_eventList;
[01m[KD:/workcode/game/warden/Source/Engine/Source/net/grunt/Timer.h:33:5:[m[K [01;36m[Knote: [m[Kin expansion 
of macro '[01m[KSTORM_EXPLICIT_LIST[m[K'
   33 |     [01;36m[KSTORM_EXPLICIT_LIST[m[K(Event, m_link) m_eventList;
      |     [01;36m[K^~~~~~~~~~~~~~~~~~~[m[K
[ 46%] Building CXX object CMakeFiles/warden.dir/Source/Engine/Source/Net/grunt/Grunt.cpp.obj
[ 46%] Building CXX object CMakeFiles/warden.dir/Source/Engine/Source/Net/grunt/Timer.cpp.obj
In file included from [01m[KC:/Program Files/JetBrains/CLion 2026.2.1/bin/mingw/x86_64-w64-mingw32/include/stdint.h:3
2[m[K,
                 from [01m[KC:/Program Files/JetBrains/CLion 2026.2.1/bin/mingw/lib/gcc/x86_64-w64-mingw32/15.2.0/inc
lude/stdint.h:11[m[K,
                 from [01m[KC:/Program Files/JetBrains/CLion 2026.2.1/bin/mingw/lib/gcc/x86_64-w64-mingw32/15.2.0/inc
lude/c++/cstdint:47[m[K,
                 from [01m[KD:/workcode/game/warden/Source/StormMac/thread/SSyncObject.h:3[m[K,
                 from [01m[KD:/workcode/game/warden/Source/StormMac/thread/SEvent.h:3[m[K,
                 from [01m[KD:/workcode/game/warden/Source/Engine/Source/net/grunt/Timer.h:4[m[K,
                 from [01m[KD:\workcode\game\warden\Source\Engine\Source\Net\grunt\Timer.cpp:1[m[K:
[01m[KD:/workcode/game/warden/Source/Engine/Source/net/grunt/Timer.h:33:25:[m[K [01;35m[Kwarning: [m[K'[01m[K
offsetof[m[K' within non-standard-layout type '[01m[KGrunt::Timer::Event[m[K' is conditionally-supported [[01;35
m[K-Winvalid-offsetof[m[K]
   33 |     STORM_EXPLICIT_LIST(Event, m_link) m_eventList;
[01m[KD:/workcode/game/warden/Source/Engine/Source/net/grunt/Timer.h:33:5:[m[K [01;36m[Knote: [m[Kin expansion 
of macro '[01m[KSTORM_EXPLICIT_LIST[m[K'
   33 |     [01;36m[KSTORM_EXPLICIT_LIST[m[K(Event, m_link) m_eventList;
      |     [01;36m[K^~~~~~~~~~~~~~~~~~~[m[K
[ 46%] Building CXX object CMakeFiles/warden.dir/Source/Engine/Source/Net/login/GruntLogin.cpp.obj
[01m[KD:\workcode\game\warden\Source\Engine\Source\Net\login\GruntLogin.cpp:54:18:[m[K [01;35m[Kwarning: [m[Kmu
lti-character character constant [[01;35m[K-Wmultichar[m[K]
   54 |     logon.osID = [01;35m[K'\0Win'[m[K;
      |                  [01;35m[K^~~~~~~[m[K
In file included from [01m[KC:/Program Files/JetBrains/CLion 2026.2.1/bin/mingw/x86_64-w64-mingw32/include/stdint.h:3
2[m[K,
                 from [01m[KC:/Program Files/JetBrains/CLion 2026.2.1/bin/mingw/lib/gcc/x86_64-w64-mingw32/15.2.0/inc
lude/stdint.h:11[m[K,
                 from [01m[KC:/Program Files/JetBrains/CLion 2026.2.1/bin/mingw/lib/gcc/x86_64-w64-mingw32/15.2.0/inc
lude/c++/cstdint:47[m[K,
                 from [01m[KD:/workcode/game/warden/Source/Engine/Source/net/Types.h:3[m[K,
                 from [01m[KD:/workcode/game/warden/Source/Engine/Source/net/grunt/ClientResponse.h:4[m[K,
                 from [01m[KD:/workcode/game/warden/Source/Engine/Source/net/login/GruntLogin.h:4[m[K,
                 from [01m[KD:\workcode\game\warden\Source\Engine\Source\Net\login\GruntLogin.cpp:1[m[K:
[01m[KD:/workcode/game/warden/Source/Engine/Source/net/grunt/Timer.h:33:25:[m[K [01;35m[Kwarning: [m[K'[01m[K
offsetof[m[K' within non-standard-layout type '[01m[KGrunt::Timer::Event[m[K' is conditionally-supported [[01;35
m[K-Winvalid-offsetof[m[K]
   33 |     STORM_EXPLICIT_LIST(Event, m_link) m_eventList;
[01m[KD:/workcode/game/warden/Source/Engine/Source/net/grunt/Timer.h:33:5:[m[K [01;36m[Knote: [m[Kin expansion 
of macro '[01m[KSTORM_EXPLICIT_LIST[m[K'
   33 |     [01;36m[KSTORM_EXPLICIT_LIST[m[K(Event, m_link) m_eventList;
      |     [01;36m[K^~~~~~~~~~~~~~~~~~~[m[K
[ 48%] Building CXX object CMakeFiles/warden.dir/Source/Engine/Source/Net/login/Login.cpp.obj
[ 48%] Building CXX object CMakeFiles/warden.dir/Source/Engine/Source/Net/login/LoginResponse.cpp.obj
[ 48%] Building CXX object CMakeFiles/warden.dir/Source/Engine/Source/Net/srp/SRP6_Client.cpp.obj
[ 48%] Building CXX object CMakeFiles/warden.dir/Source/Engine/Source/Net/srp/SRP6_Random.cpp.obj
[ 48%] Building CXX object CMakeFiles/warden.dir/Source/Engine/Source/Os/Mac/CoreAudio/MIDIPlayer.cpp.obj
[ 48%] Building CXX object CMakeFiles/warden.dir/Source/Engine/Source/Os/Mac/CoreAudio/StreamingCache.cpp.obj
[ 48%] Building CXX object CMakeFiles/warden.dir/Source/Engine/Source/Os/Mac/CoreAudio/WAVPlayerCoreAudio.cpp.obj
[ 48%] Building CXX object CMakeFiles/warden.dir/Source/Engine/Source/Os/Mac/EditBoxImpl.cpp.obj
[ 48%] Building CXX object CMakeFiles/warden.dir/Source/Engine/Source/Os/Mac/MainApp.cpp.obj
[ 50%] Building CXX object CMakeFiles/warden.dir/Source/Engine/Source/Os/Mac/OsBattleNet.cpp.obj
[ 50%] Building CXX object CMakeFiles/warden.dir/Source/Engine/Source/Os/Mac/OsClipboard.cpp.obj
[ 50%] Building CXX object CMakeFiles/warden.dir/Source/Engine/Source/Os/Mac/OsGui.cpp.obj
[ 50%] Building CXX object CMakeFiles/warden.dir/Source/Engine/Source/Os/Mac/TreeViewImpl.cpp.obj
[ 50%] Building CXX object CMakeFiles/warden.dir/Source/Engine/Source/Os/W32/OSSystem.cpp.obj
[ 50%] Building CXX object CMakeFiles/warden.dir/Source/Engine/Source/Os/W32/OsLock.cpp.obj
[ 50%] Building CXX object CMakeFiles/warden.dir/Source/Engine/Source/Os/W32/OsTcp.cpp.obj
[ 50%] Building CXX object CMakeFiles/warden.dir/Source/Engine/Source/SRP/SHA.cpp.obj
[ 50%] Building CXX object CMakeFiles/warden.dir/Source/Engine/Source/Scrn/CONSOLE.CPP.obj
[ 50%] Building CXX object CMakeFiles/warden.dir/Source/Engine/Source/Services/AsyncFile.cpp.obj
[ 51%] Building CXX object CMakeFiles/warden.dir/Source/Engine/Source/Services/Database.cpp.obj
[ 51%] Building CXX object CMakeFiles/warden.dir/Source/Engine/Source/Services/GfxSingletonManager.cpp.obj
[ 51%] Building CXX object CMakeFiles/warden.dir/Source/Engine/Source/Services/Lightning.cpp.obj
[ 51%] Building CXX object CMakeFiles/warden.dir/Source/Engine/Source/Services/Profile.cpp.obj
[ 51%] Building CXX object CMakeFiles/warden.dir/Source/Engine/Source/Services/ProfileInternal.cpp.obj
[ 51%] Building CXX object CMakeFiles/warden.dir/Source/Engine/Source/Services/SprAnimList.cpp.obj
[ 51%] Building CXX object CMakeFiles/warden.dir/Source/Engine/Source/Services/SprLinkTable.cpp.obj
[ 51%] Building CXX object CMakeFiles/warden.dir/Source/Engine/Source/Services/Sprite.cpp.obj
[ 51%] Building CXX object CMakeFiles/warden.dir/Source/Engine/Source/Services/SysMessage.cpp.obj
[ 51%] Building CXX object CMakeFiles/warden.dir/Source/Engine/Source/Services/TextBlock.cpp.obj
[ 53%] Building CXX object CMakeFiles/warden.dir/Source/Engine/Source/Services/Texture.cpp.obj
[ 53%] Building CXX object CMakeFiles/warden.dir/Source/Engine/Source/Services/Tokenizer.cpp.obj
[ 53%] Building CXX object CMakeFiles/warden.dir/Source/Engine/Source/Sound/SI2.cpp.obj
[ 53%] Building CXX object CMakeFiles/warden.dir/Source/Engine/Source/Sound/SI2Script.cpp.obj
[ 53%] Building CXX object CMakeFiles/warden.dir/Source/Engine/Source/Tempest/C22uMatrix.cpp.obj
[ 53%] Building CXX object CMakeFiles/warden.dir/Source/Engine/Source/Tempest/C2Vector.cpp.obj
[ 53%] Building CXX object CMakeFiles/warden.dir/Source/Engine/Source/Tempest/C2iVector.cpp.obj
[ 53%] Building CXX object CMakeFiles/warden.dir/Source/Engine/Source/Tempest/C33Matrix.cpp.obj
[ 53%] Building CXX object CMakeFiles/warden.dir/Source/Engine/Source/Tempest/C3Vector.cpp.obj
[ 55%] Building CXX object CMakeFiles/warden.dir/Source/Engine/Source/Tempest/C44Matrix.cpp.obj
[ 55%] Building CXX object CMakeFiles/warden.dir/Source/Engine/Source/Tempest/C4Plane.cpp.obj
[ 55%] Building CXX object CMakeFiles/warden.dir/Source/Engine/Source/Tempest/C4Quaternion.cpp.obj
[ 55%] Building CXX object CMakeFiles/warden.dir/Source/Engine/Source/Tempest/C4Vector.cpp.obj
[ 55%] Building CXX object CMakeFiles/warden.dir/Source/Engine/Source/Tempest/CAaSphere.cpp.obj
[ 55%] Building CXX object CMakeFiles/warden.dir/Source/Engine/Source/Tempest/CDynParms.cpp.obj
[ 55%] Building CXX object CMakeFiles/warden.dir/Source/Engine/Source/Tempest/CMathi.cpp.obj
[ 55%] Building CXX object CMakeFiles/warden.dir/Source/Engine/Source/Tempest/CPresenceSys.cpp.obj
[ 55%] Building CXX object CMakeFiles/warden.dir/Source/Engine/Source/Tempest/CPresenceSysTagged.cpp.obj
[ 55%] Building CXX object CMakeFiles/warden.dir/Source/Engine/Source/Tempest/CRect.cpp.obj
[ 56%] Building CXX object CMakeFiles/warden.dir/Source/Engine/Source/Tempest/CiRect.cpp.obj
[ 56%] Building CXX object CMakeFiles/warden.dir/Source/Engine/Source/WardenClient/WardenClient.cpp.obj
[ 56%] Building CXX object CMakeFiles/warden.dir/Source/Game/CDialogButtonEventReg.cpp.obj
[ 56%] Building CXX object CMakeFiles/warden.dir/Source/Game/CDialogEventReg.cpp.obj
[ 56%] Building CXX object CMakeFiles/warden.dir/Source/Game/CFogOfWarMap.cpp.obj
[ 56%] Building CXX object CMakeFiles/warden.dir/Source/Game/CGameState.cpp.obj
[ 56%] Building CXX object CMakeFiles/warden.dir/Source/Game/CGameWar3.cpp.obj
[ 56%] Building CXX object CMakeFiles/warden.dir/Source/Game/CGroup.cpp.obj
[ 56%] Building CXX object CMakeFiles/warden.dir/Source/Game/CLeaderboardWar3.cpp.obj
[ 56%] Building CXX object CMakeFiles/warden.dir/Source/Game/CMultiboardWar3.cpp.obj
[ 58%] Building CXX object CMakeFiles/warden.dir/Source/Game/CPathingFootprint.cpp.obj
[ 58%] Building CXX object CMakeFiles/warden.dir/Source/Game/CPlayerWar3.cpp.obj
[ 58%] Building CXX object CMakeFiles/warden.dir/Source/Game/CPreferencesWar3.cpp.obj
[ 58%] Building CXX object CMakeFiles/warden.dir/Source/Game/CPreloadManager.cpp.obj
[ 58%] Building CXX object CMakeFiles/warden.dir/Source/Game/CSelectionWar3.cpp.obj
[ 58%] Building CXX object CMakeFiles/warden.dir/Source/Game/CTimerDialogWar3.cpp.obj
[ 58%] Building CXX object CMakeFiles/warden.dir/Source/Game/CWorld.cpp.obj
[ 58%] Building CXX object CMakeFiles/warden.dir/Source/Game/CampaignProfiles.cpp.obj
[ 58%] Building CXX object CMakeFiles/warden.dir/Source/Game/Client.cpp.obj
In file included from [01m[KD:/workcode/game/warden/Source/StormMac/db/Db.h:7[m[K,
                 from [01m[KD:\workcode\game\warden\Source\Game\Client.cpp:17[m[K:
[01m[KD:/workcode/game/warden/Source/StormMac/db/WowClientDB.h:90:22:[m[K [01;35m[Kwarning: [m[Kmulti-character
 character constant [[01;35m[K-Wmultichar[m[K]
   90 |     if (signature != [01;35m[K'CBDW'[m[K) {
      |                      [01;35m[K^~~~~~[m[K
[01m[KD:\workcode\game\warden\Source\Game\Client.cpp:[m[K In function '[01m[Kvoid[01;32m[K WowClientInit[m[K(
)[m[K':
[01m[KD:\workcode\game\warden\Source\Game\Client.cpp:410:25:[m[K [01;31m[Kerror: [m[Kcannot call member functio
n '[01m[Kbool CGlueMgr::[01;32m[KInitialize[m[K()[m[K' without object
  410 |     [01;31m[KCGlueMgr::Initialize()[m[K;
      |     [01;31m[K~~~~~~~~~~~~~~~~~~~~^~[m[K
mingw32-make[3]: *** [CMakeFiles\warden.dir\build.make:3934: CMakeFiles/warden.dir/Source/Game/Client.cpp.obj] Error 1
[ 60%] Building CXX object CMakeFiles/warden.dir/Source/Game/ClientRealmResponseAdapter.cpp.obj
[ 60%] Building CXX object CMakeFiles/warden.dir/Source/Game/ClientServices.cpp.obj
[01m[KD:\workcode\game\warden\Source\Game\ClientServices.cpp:[m[K In member function '[01m[Kvirtual void ClientSe
rvices::[01;32m[KLoginServerStatus[m[K(LOGIN_STATE, LOGIN_RESULT, const char*, const char*, const char*, uint8_t)[
m[K':
[01m[KD:\workcode\game\warden\Source\Game\ClientServices.cpp:203:19:[m[K [01;31m[Kerror: [m[K'[01m[KSetCurren
tAccount[m[K' is not a member of '[01m[KCGlueMgr[m[K'
  203 |         CGlueMgr::[01;31m[KSetCurrentAccount[m[K(loginData.m_account);
      |                   [01;31m[K^~~~~~~~~~~~~~~~~[m[K
mingw32-make[3]: *** [CMakeFiles\warden.dir\build.make:3964: CMakeFiles/warden.dir/Source/Game/ClientServices.cpp.obj] 
Error 1
[ 60%] Building CXX object CMakeFiles/warden.dir/Source/Game/Console.cpp.obj
[ 60%] Building CXX object CMakeFiles/warden.dir/Source/Game/Device.cpp.obj
In file included from [01m[KC:/Program Files/JetBrains/CLion 2026.2.1/bin/mingw/x86_64-w64-mingw32/include/stdint.h:3
2[m[K,
                 from [01m[KC:/Program Files/JetBrains/CLion 2026.2.1/bin/mingw/lib/gcc/x86_64-w64-mingw32/15.2.0/inc
lude/stdint.h:11[m[K,
                 from [01m[KC:/Program Files/JetBrains/CLion 2026.2.1/bin/mingw/lib/gcc/x86_64-w64-mingw32/15.2.0/inc
lude/c++/cstdint:47[m[K,
                 from [01m[KD:/workcode/game/warden/Source/Engine/Source/Gx/CGxFormat.h:3[m[K,
                 from [01m[KD:\workcode\game\warden\Source\Game\Device.h:4[m[K,
                 from [01m[KD:\workcode\game\warden\Source\Game\Device.cpp:1[m[K:
D:/workcode/game/warden/Source/Engine/Source/Common/TSHashTable.h: In instantiation of '[01m[Kclass TSHashTable<CGxSh
ader, HASHKEY_STRI>[m[K':
[01m[KD:/workcode/game/warden/Source/Engine/Source/Gx/CGxDevice.h:81:71:[m[K   required from here
   81 |     TSHashTable<CGxShader, HASHKEY_STRI> m_shaderList[GxShTargets_Last[01;36m[K][m[K;
      |                                                                       [01;36m[K^[m[K
[01m[KD:/workcode/game/warden/Source/Engine/Source/Common/TSHashTable.h:41:28:[m[K [01;31m[Kerror: [m[K'[01m[
Kclass CGxShader[m[K' has no member named '[01m[Km_linktofull[m[K'
   41 |     STORM_EXPLICIT_LIST(T, m_linktofull) m_fulllist;
[01m[KD:/workcode/game/warden/Source/Engine/Source/Common/TSHashTable.h:41:5:[m[K [01;36m[Knote: [m[Kin expansi
on of macro '[01m[KSTORM_EXPLICIT_LIST[m[K'
   41 |     [01;36m[KSTORM_EXPLICIT_LIST[m[K(T, m_linktofull) m_fulllist;
      |     [01;36m[K^~~~~~~~~~~~~~~~~~~[m[K
[01m[KD:/workcode/game/warden/Source/Engine/Source/Common/TSHashTable.h:49:44:[m[K [01;31m[Kerror: [m[K'[01m[
Kclass CGxShader[m[K' has no member named '[01m[Km_linktoslot[m[K'
   49 |     TSGrowableArray<STORM_EXPLICIT_LIST(T, m_linktoslot) > m_slotlistarray;
[01m[KD:/workcode/game/warden/Source/Engine/Source/Common/TSHashTable.h:49:21:[m[K [01;36m[Knote: [m[Kin expans
ion of macro '[01m[KSTORM_EXPLICIT_LIST[m[K'
   49 |     TSGrowableArray<[01;36m[KSTORM_EXPLICIT_LIST[m[K(T, m_linktoslot) > m_slotlistarray;
      |                     [01;36m[K^~~~~~~~~~~~~~~~~~~[m[K
[01m[KD:/workcode/game/warden/Source/Engine/Source/Common/TSHashTable.h:49:44:[m[K [01;31m[Kerror: [m[K'[01m[
Kclass CGxShader[m[K' has no member named '[01m[Km_linktoslot[m[K'
   49 |     TSGrowableArray<STORM_EXPLICIT_LIST(T, m_linktoslot) > m_slotlistarray;
[01m[KD:/workcode/game/warden/Source/Engine/Source/Common/TSHashTable.h:49:21:[m[K [01;36m[Knote: [m[Kin expans
ion of macro '[01m[KSTORM_EXPLICIT_LIST[m[K'
   49 |     TSGrowableArray<[01;36m[KSTORM_EXPLICIT_LIST[m[K(T, m_linktoslot) > m_slotlistarray;
      |                     [01;36m[K^~~~~~~~~~~~~~~~~~~[m[K
mingw32-make[3]: *** [CMakeFiles\warden.dir\build.make:3994: CMakeFiles/warden.dir/Source/Game/Device.cpp.obj] Error 1
[ 60%] Building CXX object CMakeFiles/warden.dir/Source/Game/Handlers.cpp.obj
[ 60%] Building CXX object CMakeFiles/warden.dir/Source/Game/JassWar3.cpp.obj
[ 60%] Building CXX object CMakeFiles/warden.dir/Source/Game/Screen.cpp.obj
In file included from [01m[KC:/Program Files/JetBrains/CLion 2026.2.1/bin/mingw/x86_64-w64-mingw32/include/stdint.h:3
2[m[K,
                 from [01m[KC:/Program Files/JetBrains/CLion 2026.2.1/bin/mingw/lib/gcc/x86_64-w64-mingw32/15.2.0/inc
lude/stdint.h:11[m[K,
                 from [01m[KC:/Program Files/JetBrains/CLion 2026.2.1/bin/mingw/lib/gcc/x86_64-w64-mingw32/15.2.0/inc
lude/c++/cstdint:47[m[K,
                 from [01m[KD:\workcode\game\warden\Source\Game\Types.h:3[m[K,
                 from [01m[KD:\workcode\game\warden\Source\Game\Console.h:3[m[K,
                 from [01m[KD:\workcode\game\warden\Source\Game\Screen.cpp:2[m[K:
D:/workcode/game/warden/Source/Engine/Source/Common/TSHashTable.h: In instantiation of '[01m[Kclass TSHashTable<CGxSh
ader, HASHKEY_STRI>[m[K':
[01m[KD:/workcode/game/warden/Source/Engine/Source/Gx/CGxDevice.h:81:71:[m[K   required from here
   81 |     TSHashTable<CGxShader, HASHKEY_STRI> m_shaderList[GxShTargets_Last[01;36m[K][m[K;
      |                                                                       [01;36m[K^[m[K
[01m[KD:/workcode/game/warden/Source/Engine/Source/Common/TSHashTable.h:41:28:[m[K [01;31m[Kerror: [m[K'[01m[
Kclass CGxShader[m[K' has no member named '[01m[Km_linktofull[m[K'
   41 |     STORM_EXPLICIT_LIST(T, m_linktofull) m_fulllist;
[01m[KD:/workcode/game/warden/Source/Engine/Source/Common/TSHashTable.h:41:5:[m[K [01;36m[Knote: [m[Kin expansi
on of macro '[01m[KSTORM_EXPLICIT_LIST[m[K'
   41 |     [01;36m[KSTORM_EXPLICIT_LIST[m[K(T, m_linktofull) m_fulllist;
      |     [01;36m[K^~~~~~~~~~~~~~~~~~~[m[K
[01m[KD:/workcode/game/warden/Source/Engine/Source/Common/TSHashTable.h:49:44:[m[K [01;31m[Kerror: [m[K'[01m[
Kclass CGxShader[m[K' has no member named '[01m[Km_linktoslot[m[K'
   49 |     TSGrowableArray<STORM_EXPLICIT_LIST(T, m_linktoslot) > m_slotlistarray;
[01m[KD:/workcode/game/warden/Source/Engine/Source/Common/TSHashTable.h:49:21:[m[K [01;36m[Knote: [m[Kin expans
ion of macro '[01m[KSTORM_EXPLICIT_LIST[m[K'
   49 |     TSGrowableArray<[01;36m[KSTORM_EXPLICIT_LIST[m[K(T, m_linktoslot) > m_slotlistarray;
      |                     [01;36m[K^~~~~~~~~~~~~~~~~~~[m[K
[01m[KD:/workcode/game/warden/Source/Engine/Source/Common/TSHashTable.h:49:44:[m[K [01;31m[Kerror: [m[K'[01m[
Kclass CGxShader[m[K' has no member named '[01m[Km_linktoslot[m[K'
   49 |     TSGrowableArray<STORM_EXPLICIT_LIST(T, m_linktoslot) > m_slotlistarray;
[01m[KD:/workcode/game/warden/Source/Engine/Source/Common/TSHashTable.h:49:21:[m[K [01;36m[Knote: [m[Kin expans
ion of macro '[01m[KSTORM_EXPLICIT_LIST[m[K'
   49 |     TSGrowableArray<[01;36m[KSTORM_EXPLICIT_LIST[m[K(T, m_linktoslot) > m_slotlistarray;
      |                     [01;36m[K^~~~~~~~~~~~~~~~~~~[m[K
mingw32-make[3]: *** [CMakeFiles\warden.dir\build.make:4039: CMakeFiles/warden.dir/Source/Game/Screen.cpp.obj] Error 1
[ 60%] Building CXX object CMakeFiles/warden.dir/Source/Glue/CAdBanner.cpp.obj
[ 60%] Building CXX object CMakeFiles/warden.dir/Source/Glue/CAdManager.cpp.obj
[ 60%] Building CXX object CMakeFiles/warden.dir/Source/Glue/CBattleNetChatActionMenu.cpp.obj
[ 62%] Building CXX object CMakeFiles/warden.dir/Source/Glue/CBattleNetChatPanel.cpp.obj
[ 62%] Building CXX object CMakeFiles/warden.dir/Source/Glue/CBattleNetChatroom.cpp.obj
[ 62%] Building CXX object CMakeFiles/warden.dir/Source/Glue/CBattleNetClanMateListBox.cpp.obj
[ 62%] Building CXX object CMakeFiles/warden.dir/Source/Glue/CBattleNetClanPane.cpp.obj
[ 62%] Building CXX object CMakeFiles/warden.dir/Source/Glue/CBattleNetCustomJoinPanel.cpp.obj
[ 62%] Building CXX object CMakeFiles/warden.dir/Source/Glue/CBattleNetCustomLoadPanel.cpp.obj
[ 62%] Building CXX object CMakeFiles/warden.dir/Source/Glue/CBattleNetFriendsListBox.cpp.obj
[ 62%] Building CXX object CMakeFiles/warden.dir/Source/Glue/CBattleNetGateways.cpp.obj
[ 62%] Building CXX object CMakeFiles/warden.dir/Source/Glue/CBattleNetGlueData.cpp.obj
[ 62%] Building CXX object CMakeFiles/warden.dir/Source/Glue/CBattleNetIconSelectBox.cpp.obj
[ 63%] Building CXX object CMakeFiles/warden.dir/Source/Glue/CBattleNetNewsBox.cpp.obj
[ 63%] Building CXX object CMakeFiles/warden.dir/Source/Glue/CBattleNetProfileListBox.cpp.obj
[ 63%] Building CXX object CMakeFiles/warden.dir/Source/Glue/CBattleNetScheduledGame.cpp.obj
[ 63%] Building CXX object CMakeFiles/warden.dir/Source/Glue/CBattleNetStatusBox.cpp.obj
[ 63%] Building CXX object CMakeFiles/warden.dir/Source/Glue/CBattleNetTeamPanel.cpp.obj
[ 63%] Building CXX object CMakeFiles/warden.dir/Source/Glue/CBattleNetUserListBox.cpp.obj
[ 63%] Building CXX object CMakeFiles/warden.dir/Source/Glue/CBattleNetUserListBoxItem.cpp.obj
[ 63%] Building CXX object CMakeFiles/warden.dir/Source/Glue/CCampaignListBox.cpp.obj
[ 63%] Building CXX object CMakeFiles/warden.dir/Source/Glue/CCharacterSelection.cpp.obj
[ 63%] Building CXX object CMakeFiles/warden.dir/Source/Glue/CCheckListBox.cpp.obj
[ 65%] Building CXX object CMakeFiles/warden.dir/Source/Glue/CCheckListBoxItem.cpp.obj
[ 65%] Building CXX object CMakeFiles/warden.dir/Source/Glue/CDialogWar3.cpp.obj
[ 65%] Building CXX object CMakeFiles/warden.dir/Source/Glue/CGlueMgr.cpp.obj
[ 65%] Building CXX object CMakeFiles/warden.dir/Source/Glue/CGlueToolTipWar3.cpp.obj
[ 65%] Building CXX object CMakeFiles/warden.dir/Source/Glue/CListBoxItemWar3.cpp.obj
[ 65%] Building CXX object CMakeFiles/warden.dir/Source/Glue/CListBoxWar3.cpp.obj
[ 65%] Building CXX object CMakeFiles/warden.dir/Source/Glue/CLoading.cpp.obj
[ 65%] Building CXX object CMakeFiles/warden.dir/Source/Glue/CLocalMultiplayerJoin.cpp.obj
[ 65%] Building CXX object CMakeFiles/warden.dir/Source/Glue/CLocalMultiplayerLoad.cpp.obj
[ 67%] Building CXX object CMakeFiles/warden.dir/Source/Glue/CMainMenu.cpp.obj
[ 67%] Building CXX object CMakeFiles/warden.dir/Source/Glue/CMapList.cpp.obj
[ 67%] Building CXX object CMakeFiles/warden.dir/Source/Glue/CMapListBoxItem.cpp.obj
[ 67%] Building CXX object CMakeFiles/warden.dir/Source/Glue/CMapPreferenceBox.cpp.obj
[ 67%] Building CXX object CMakeFiles/warden.dir/Source/Glue/CMapPreferenceBoxItem.cpp.obj
[ 67%] Building CXX object CMakeFiles/warden.dir/Source/Glue/COptionsMenu.cpp.obj
[ 67%] Building CXX object CMakeFiles/warden.dir/Source/Glue/CPlayerSlot.cpp.obj
[ 67%] Building CXX object CMakeFiles/warden.dir/Source/Glue/CRealmList.cpp.obj
[ 67%] Building CXX object CMakeFiles/warden.dir/Source/Glue/CScoreScreen.cpp.obj
[ 67%] Building CXX object CMakeFiles/warden.dir/Source/Glue/CTitle.cpp.obj
[ 68%] Building CXX object CMakeFiles/warden.dir/Source/Glue/NetGlue.cpp.obj
[ 68%] Building CXX object CMakeFiles/warden.dir/Source/Net/NetGameStore.cpp.obj
[ 68%] Building CXX object CMakeFiles/warden.dir/Source/StormMac/IOUnit/IOARC4Unit.cpp.obj
[ 68%] Building CXX object CMakeFiles/warden.dir/Source/StormMac/IOUnit/IOAlignUnit.cpp.obj
[ 68%] Building CXX object CMakeFiles/warden.dir/Source/StormMac/Win32/Win32_Registry.cpp.obj
[ 68%] Building CXX object CMakeFiles/warden.dir/Source/StormMac/Win32/Win32_utils.cpp.obj
[ 68%] Building CXX object CMakeFiles/warden.dir/Source/StormMac/Win32/WinCompat.cpp.obj
[ 68%] Building CXX object CMakeFiles/warden.dir/Source/StormMac/big/BigBuffer.cpp.obj
[ 68%] Building CXX object CMakeFiles/warden.dir/Source/StormMac/big/BigData.cpp.obj
[ 68%] Building CXX object CMakeFiles/warden.dir/Source/StormMac/big/BigStack.cpp.obj
[ 70%] Building CXX object CMakeFiles/warden.dir/Source/StormMac/big/Ops.cpp.obj
[ 70%] Building CXX object CMakeFiles/warden.dir/Source/StormMac/db/Db.cpp.obj
In file included from [01m[KD:\workcode\game\warden\Source\StormMac\db\Db.h:7[m[K,
                 from [01m[KD:\workcode\game\warden\Source\StormMac\db\Db.cpp:1[m[K:
[01m[KD:\workcode\game\warden\Source\StormMac\db\WowClientDB.h:90:22:[m[K [01;35m[Kwarning: [m[Kmulti-character
 character constant [[01;35m[K-Wmultichar[m[K]
   90 |     if (signature != [01;35m[K'CBDW'[m[K) {
      |                      [01;35m[K^~~~~~[m[K
[ 70%] Building CXX object CMakeFiles/warden.dir/Source/StormMac/db/rec/AchievementRec.cpp.obj
[ 70%] Building CXX object CMakeFiles/warden.dir/Source/StormMac/db/rec/Cfg_CategoriesRec.cpp.obj
[ 70%] Building CXX object CMakeFiles/warden.dir/Source/StormMac/db/rec/Cfg_ConfigsRec.cpp.obj
[ 70%] Building CXX object CMakeFiles/warden.dir/Source/StormMac/db/rec/ChrRacesRec.cpp.obj
[ 70%] Building CXX object CMakeFiles/warden.dir/Source/StormMac/lock/win32Critical_Section.cpp.obj
[ 70%] Building CXX object CMakeFiles/warden.dir/Source/StormMac/mempool/MemChunk.cpp.obj
[ 70%] Building CXX object CMakeFiles/warden.dir/Source/StormMac/mempool/MemPool.cpp.obj
[ 72%] Building CXX object CMakeFiles/warden.dir/Source/StormMac/string/bjhash.cpp.obj
[ 72%] Building CXX object CMakeFiles/warden.dir/Source/StormMac/thread/CCritSect.cpp.obj
[ 72%] Building CXX object CMakeFiles/warden.dir/Source/StormMac/thread/CSRWLock.cpp.obj
[ 72%] Building CXX object CMakeFiles/warden.dir/Source/StormMac/thread/OsTls.cpp.obj
[ 72%] Building CXX object CMakeFiles/warden.dir/Source/StormMac/thread/SCritSect.cpp.obj
[ 72%] Building CXX object CMakeFiles/warden.dir/Source/StormMac/thread/SEvent.cpp.obj
[ 72%] Building CXX object CMakeFiles/warden.dir/Source/StormMac/thread/SSemaphore.cpp.obj
[ 72%] Building CXX object CMakeFiles/warden.dir/Source/StormMac/thread/SSyncObject.cpp.obj
[ 72%] Building CXX object CMakeFiles/warden.dir/Source/StormMac/thread/SThread.cpp.obj
[ 72%] Building CXX object CMakeFiles/warden.dir/Source/StormMac/thread/S_Thread.cpp.obj
[ 74%] Building CXX object CMakeFiles/warden.dir/Source/StormMac/thread/win/SRWLock.cpp.obj
[ 74%] Building CXX object CMakeFiles/warden.dir/Source/StormMac/thread/win/S_Thread.cpp.obj
[ 74%] Building CXX object CMakeFiles/warden.dir/Source/StormMac/thread/win/Thread.cpp.obj
[ 74%] Building CXX object CMakeFiles/warden.dir/Source/StormMac/xml/XMLNode.cpp.obj
[ 74%] Building CXX object CMakeFiles/warden.dir/Source/StormMac/xml/XMLTree.cpp.obj
[ 74%] Building CXX object CMakeFiles/warden.dir/Source/System/MacShell/MainApp.cpp.obj
[ 74%] Building CXX object CMakeFiles/warden.dir/Source/System/Utility/CFStringUtilities.cpp.obj
[01m[KD:\workcode\game\warden\Source\System\Utility\CFStringUtilities.cpp:[m[K In function '[01m[Kvoid* CFString:
:[01;32m[KCreateStringWithFormat[m[K(const char*, ...)[m[K':
[01m[KD:\workcode\game\warden\Source\System\Utility\CFStringUtilities.cpp:59:5:[m[K [01;31m[Kerror: [m[K'[01m
[Kva_start[m[K' was not declared in this scope; did you mean '[01m[K_stat[m[K'?
   59 |     [01;31m[Kva_start[m[K(args, format);
      |     [01;31m[K^~~~~~~~[m[K
      |     [32m[K_stat[m[K
[01m[KD:\workcode\game\warden\Source\System\Utility\CFStringUtilities.cpp:61:5:[m[K [01;31m[Kerror: [m[K'[01m
[Kva_end[m[K' was not declared in this scope
   61 |     [01;31m[Kva_end[m[K(args);
      |     [01;31m[K^~~~~~[m[K
mingw32-make[3]: *** [CMakeFiles\warden.dir\build.make:5209: CMakeFiles/warden.dir/Source/System/Utility/CFStringUtilit
ies.cpp.obj] Error 1
[ 74%] Building CXX object CMakeFiles/warden.dir/Source/UI/CBackdropGenerator.cpp.obj
In file included from [01m[KC:/Program Files/JetBrains/CLion 2026.2.1/bin/mingw/x86_64-w64-mingw32/include/stdint.h:3
2[m[K,
                 from [01m[KC:/Program Files/JetBrains/CLion 2026.2.1/bin/mingw/lib/gcc/x86_64-w64-mingw32/15.2.0/inc
lude/stdint.h:11[m[K,
                 from [01m[KC:/Program Files/JetBrains/CLion 2026.2.1/bin/mingw/lib/gcc/x86_64-w64-mingw32/15.2.0/inc
lude/c++/cstdint:47[m[K,
                 from [01m[KD:/workcode/game/warden/Source/Engine/Source/Gx/Types.h:4[m[K,
                 from [01m[KD:/workcode/game/warden/Source/UI/CBackdropGenerator.h:3[m[K,
                 from [01m[KD:\workcode\game\warden\Source\UI\CBackdropGenerator.cpp:1[m[K:
[01m[KD:/workcode/game/warden/Source/UI/CLayoutFrame.h:143:32:[m[K [01;35m[Kwarning: [m[K'[01m[Koffsetof[m[
K' within non-standard-layout type '[01m[KCLayoutFrame[m[K' is conditionally-supported [[01;35m[K-Winvalid-offset
of[m[K]
  143 |     extern STORM_EXPLICIT_LIST(CLayoutFrame, resizeLink) s_resizePendingList;
[01m[KD:/workcode/game/warden/Source/UI/CLayoutFrame.h:143:12:[m[K [01;36m[Knote: [m[Kin expansion of macro '[
01m[KSTORM_EXPLICIT_LIST[m[K'
  143 |     extern [01;36m[KSTORM_EXPLICIT_LIST[m[K(CLayoutFrame, resizeLink) s_resizePendingList;
      |            [01;36m[K^~~~~~~~~~~~~~~~~~~[m[K
[01m[KD:/workcode/game/warden/Source/UI/CSimpleFrame.h:74:25:[m[K [01;35m[Kwarning: [m[K'[01m[Koffsetof[m[K
' within non-standard-layout type '[01m[KCSimpleRegion[m[K' is conditionally-supported [[01;35m[K-Winvalid-offset
of[m[K]
   74 |     STORM_EXPLICIT_LIST(CSimpleRegion, m_regionLink) m_regions;
[01m[KD:/workcode/game/warden/Source/UI/CSimpleFrame.h:74:5:[m[K [01;36m[Knote: [m[Kin expansion of macro '[01
m[KSTORM_EXPLICIT_LIST[m[K'
   74 |     [01;36m[KSTORM_EXPLICIT_LIST[m[K(CSimpleRegion, m_regionLink) m_regions;
      |     [01;36m[K^~~~~~~~~~~~~~~~~~~[m[K
[01m[KD:/workcode/game/warden/Source/UI/CSimpleFrame.h:75:25:[m[K [01;35m[Kwarning: [m[K'[01m[Koffsetof[m[K
' within non-standard-layout type '[01m[KCSimpleRegion[m[K' is conditionally-supported [[01;35m[K-Winvalid-offset
of[m[K]
   75 |     STORM_EXPLICIT_LIST(CSimpleRegion, m_layerLink) m_drawlayers[NUM_SIMPLEFRAME_DRAWLAYERS];
[01m[KD:/workcode/game/warden/Source/UI/CSimpleFrame.h:75:5:[m[K [01;36m[Knote: [m[Kin expansion of macro '[01
m[KSTORM_EXPLICIT_LIST[m[K'
   75 |     [01;36m[KSTORM_EXPLICIT_LIST[m[K(CSimpleRegion, m_layerLink) m_drawlayers[NUM_SIMPLEFRAME_DRAWLAYERS];
      |     [01;36m[K^~~~~~~~~~~~~~~~~~~[m[K
[01m[KD:/workcode/game/warden/Source/UI/CSimpleFrame.h:78:25:[m[K [01;35m[Kwarning: [m[K'[01m[Koffsetof[m[K
' within non-standard-layout type '[01m[KCRenderBatch[m[K' is conditionally-supported [[01;35m[K-Winvalid-offseto
f[m[K]
   78 |     STORM_EXPLICIT_LIST(CRenderBatch, renderLink) m_renderList;
[01m[KD:/workcode/game/warden/Source/UI/CSimpleFrame.h:78:5:[m[K [01;36m[Knote: [m[Kin expansion of macro '[01
m[KSTORM_EXPLICIT_LIST[m[K'
   78 |     [01;36m[KSTORM_EXPLICIT_LIST[m[K(CRenderBatch, renderLink) m_renderList;
      |     [01;36m[K^~~~~~~~~~~~~~~~~~~[m[K
[ 74%] Building CXX object CMakeFiles/warden.dir/Source/UI/CBuffBar.cpp.obj
[ 74%] Building CXX object CMakeFiles/warden.dir/Source/UI/CBuffIndicator.cpp.obj
[ 75%] Building CXX object CMakeFiles/warden.dir/Source/UI/CBuildFrame.cpp.obj
[ 75%] Building CXX object CMakeFiles/warden.dir/Source/UI/CBuildMode.cpp.obj
[ 75%] Building CXX object CMakeFiles/warden.dir/Source/UI/CBuildTimeIndicator.cpp.obj
[ 75%] Building CXX object CMakeFiles/warden.dir/Source/UI/CCargoGrid.cpp.obj
[ 75%] Building CXX object CMakeFiles/warden.dir/Source/UI/CCommandBar.cpp.obj
[ 75%] Building CXX object CMakeFiles/warden.dir/Source/UI/CCommandButton.cpp.obj
[ 75%] Building CXX object CMakeFiles/warden.dir/Source/UI/CConstructUI.cpp.obj
[ 75%] Building CXX object CMakeFiles/warden.dir/Source/UI/CFramePoint.cpp.obj
In file included from [01m[KC:/Program Files/JetBrains/CLion 2026.2.1/bin/mingw/x86_64-w64-mingw32/include/stdint.h:3
2[m[K,
                 from [01m[KC:/Program Files/JetBrains/CLion 2026.2.1/bin/mingw/lib/gcc/x86_64-w64-mingw32/15.2.0/inc
lude/stdint.h:11[m[K,
                 from [01m[KC:/Program Files/JetBrains/CLion 2026.2.1/bin/mingw/lib/gcc/x86_64-w64-mingw32/15.2.0/inc
lude/c++/cstdint:47[m[K,
                 from [01m[KD:/workcode/game/warden/Source/UI/Types.h:3[m[K,
                 from [01m[KD:/workcode/game/warden/Source/UI/CFramePoint.h:3[m[K,
                 from [01m[KD:\workcode\game\warden\Source\UI\CFramePoint.cpp:1[m[K:
[01m[KD:/workcode/game/warden/Source/UI/CLayoutFrame.h:143:32:[m[K [01;35m[Kwarning: [m[K'[01m[Koffsetof[m[
K' within non-standard-layout type '[01m[KCLayoutFrame[m[K' is conditionally-supported [[01;35m[K-Winvalid-offset
of[m[K]
  143 |     extern STORM_EXPLICIT_LIST(CLayoutFrame, resizeLink) s_resizePendingList;
[01m[KD:/workcode/game/warden/Source/UI/CLayoutFrame.h:143:12:[m[K [01;36m[Knote: [m[Kin expansion of macro '[
01m[KSTORM_EXPLICIT_LIST[m[K'
  143 |     extern [01;36m[KSTORM_EXPLICIT_LIST[m[K(CLayoutFrame, resizeLink) s_resizePendingList;
      |            [01;36m[K^~~~~~~~~~~~~~~~~~~[m[K
[ 75%] Building CXX object CMakeFiles/warden.dir/Source/UI/CFrameStrata.cpp.obj
In file included from [01m[KC:/Program Files/JetBrains/CLion 2026.2.1/bin/mingw/x86_64-w64-mingw32/include/stdint.h:3
2[m[K,
                 from [01m[KC:/Program Files/JetBrains/CLion 2026.2.1/bin/mingw/lib/gcc/x86_64-w64-mingw32/15.2.0/inc
lude/stdint.h:11[m[K,
                 from [01m[KC:/Program Files/JetBrains/CLion 2026.2.1/bin/mingw/lib/gcc/x86_64-w64-mingw32/15.2.0/inc
lude/c++/cstdint:47[m[K,
                 from [01m[KD:/workcode/game/warden/Source/Engine/Source/Common/TSLink.h:4[m[K,
                 from [01m[KD:/workcode/game/warden/Source/Engine/Source/Common/TSGetExplicitLink.h:3[m[K,
                 from [01m[KD:/workcode/game/warden/Source/Engine/Source/Common/TSExplicitList.h:5[m[K,
                 from [01m[KD:/workcode/game/warden/Source/UI/CFrameStrata.h:3[m[K,
                 from [01m[KD:\workcode\game\warden\Source\UI\CFrameStrata.cpp:1[m[K:
[01m[KD:/workcode/game/warden/Source/UI/CLayoutFrame.h:143:32:[m[K [01;35m[Kwarning: [m[K'[01m[Koffsetof[m[
K' within non-standard-layout type '[01m[KCLayoutFrame[m[K' is conditionally-supported [[01;35m[K-Winvalid-offset
of[m[K]
  143 |     extern STORM_EXPLICIT_LIST(CLayoutFrame, resizeLink) s_resizePendingList;
[01m[KD:/workcode/game/warden/Source/UI/CLayoutFrame.h:143:12:[m[K [01;36m[Knote: [m[Kin expansion of macro '[
01m[KSTORM_EXPLICIT_LIST[m[K'
  143 |     extern [01;36m[KSTORM_EXPLICIT_LIST[m[K(CLayoutFrame, resizeLink) s_resizePendingList;
      |            [01;36m[K^~~~~~~~~~~~~~~~~~~[m[K
[01m[KD:/workcode/game/warden/Source/UI/CSimpleFrame.h:74:25:[m[K [01;35m[Kwarning: [m[K'[01m[Koffsetof[m[K
' within non-standard-layout type '[01m[KCSimpleRegion[m[K' is conditionally-supported [[01;35m[K-Winvalid-offset
of[m[K]
   74 |     STORM_EXPLICIT_LIST(CSimpleRegion, m_regionLink) m_regions;
[01m[KD:/workcode/game/warden/Source/UI/CSimpleFrame.h:74:5:[m[K [01;36m[Knote: [m[Kin expansion of macro '[01
m[KSTORM_EXPLICIT_LIST[m[K'
   74 |     [01;36m[KSTORM_EXPLICIT_LIST[m[K(CSimpleRegion, m_regionLink) m_regions;
      |     [01;36m[K^~~~~~~~~~~~~~~~~~~[m[K
[01m[KD:/workcode/game/warden/Source/UI/CSimpleFrame.h:75:25:[m[K [01;35m[Kwarning: [m[K'[01m[Koffsetof[m[K
' within non-standard-layout type '[01m[KCSimpleRegion[m[K' is conditionally-supported [[01;35m[K-Winvalid-offset
of[m[K]
   75 |     STORM_EXPLICIT_LIST(CSimpleRegion, m_layerLink) m_drawlayers[NUM_SIMPLEFRAME_DRAWLAYERS];
[01m[KD:/workcode/game/warden/Source/UI/CSimpleFrame.h:75:5:[m[K [01;36m[Knote: [m[Kin expansion of macro '[01
m[KSTORM_EXPLICIT_LIST[m[K'
   75 |     [01;36m[KSTORM_EXPLICIT_LIST[m[K(CSimpleRegion, m_layerLink) m_drawlayers[NUM_SIMPLEFRAME_DRAWLAYERS];
      |     [01;36m[K^~~~~~~~~~~~~~~~~~~[m[K
[01m[KD:/workcode/game/warden/Source/UI/CSimpleFrame.h:78:25:[m[K [01;35m[Kwarning: [m[K'[01m[Koffsetof[m[K
' within non-standard-layout type '[01m[KCRenderBatch[m[K' is conditionally-supported [[01;35m[K-Winvalid-offseto
f[m[K]
   78 |     STORM_EXPLICIT_LIST(CRenderBatch, renderLink) m_renderList;
[01m[KD:/workcode/game/warden/Source/UI/CSimpleFrame.h:78:5:[m[K [01;36m[Knote: [m[Kin expansion of macro '[01
m[KSTORM_EXPLICIT_LIST[m[K'
   78 |     [01;36m[KSTORM_EXPLICIT_LIST[m[K(CRenderBatch, renderLink) m_renderList;
      |     [01;36m[K^~~~~~~~~~~~~~~~~~~[m[K
[01m[KD:/workcode/game/warden/Source/UI/CFrameStrata.h:13:25:[m[K [01;35m[Kwarning: [m[K'[01m[Koffsetof[m[K
' within non-standard-layout type '[01m[KCSimpleFrame[m[K' is conditionally-supported [[01;35m[K-Winvalid-offseto
f[m[K]
   13 |     STORM_EXPLICIT_LIST(CSimpleFrame, m_strataLink) pendingFrames;
[01m[KD:/workcode/game/warden/Source/UI/CFrameStrata.h:13:5:[m[K [01;36m[Knote: [m[Kin expansion of macro '[01
m[KSTORM_EXPLICIT_LIST[m[K'
   13 |     [01;36m[KSTORM_EXPLICIT_LIST[m[K(CSimpleFrame, m_strataLink) pendingFrames;
      |     [01;36m[K^~~~~~~~~~~~~~~~~~~[m[K
[01m[KD:/workcode/game/warden/Source/UI/CFrameStrata.h:14:25:[m[K [01;35m[Kwarning: [m[K'[01m[Koffsetof[m[K
' within non-standard-layout type '[01m[KCSimpleFrame[m[K' is conditionally-supported [[01;35m[K-Winvalid-offseto
f[m[K]
   14 |     STORM_EXPLICIT_LIST(CSimpleFrame, m_strataLink) frames;
[01m[KD:/workcode/game/warden/Source/UI/CFrameStrata.h:14:5:[m[K [01;36m[Knote: [m[Kin expansion of macro '[01
m[KSTORM_EXPLICIT_LIST[m[K'
   14 |     [01;36m[KSTORM_EXPLICIT_LIST[m[K(CSimpleFrame, m_strataLink) frames;
      |     [01;36m[K^~~~~~~~~~~~~~~~~~~[m[K
[01m[KD:/workcode/game/warden/Source/UI/CFrameStrata.h:18:25:[m[K [01;35m[Kwarning: [m[K'[01m[Koffsetof[m[K
' within non-standard-layout type '[01m[KCRenderBatch[m[K' is conditionally-supported [[01;35m[K-Winvalid-offseto
f[m[K]
   18 |     STORM_EXPLICIT_LIST(CRenderBatch, renderLink) renderList;
[01m[KD:/workcode/game/warden/Source/UI/CFrameStrata.h:18:5:[m[K [01;36m[Knote: [m[Kin expansion of macro '[01
m[KSTORM_EXPLICIT_LIST[m[K'
   18 |     [01;36m[KSTORM_EXPLICIT_LIST[m[K(CRenderBatch, renderLink) renderList;
      |     [01;36m[K^~~~~~~~~~~~~~~~~~~[m[K
[ 77%] Building CXX object CMakeFiles/warden.dir/Source/UI/CGameUI.cpp.obj
[ 77%] Building CXX object CMakeFiles/warden.dir/Source/UI/CHeroBar.cpp.obj
[ 77%] Building CXX object CMakeFiles/warden.dir/Source/UI/CHeroLevelBar.cpp.obj
[ 77%] Building CXX object CMakeFiles/warden.dir/Source/UI/CInfoBar.cpp.obj
[ 77%] Building CXX object CMakeFiles/warden.dir/Source/UI/CInfoPanelBuildingDetail.cpp.obj
[ 77%] Building CXX object CMakeFiles/warden.dir/Source/UI/CInfoPanelButton.cpp.obj
[ 77%] Building CXX object CMakeFiles/warden.dir/Source/UI/CInfoPanelGroup.cpp.obj
[ 77%] Building CXX object CMakeFiles/warden.dir/Source/UI/CInfoPanelGroupButton.cpp.obj
[ 77%] Building CXX object CMakeFiles/warden.dir/Source/UI/CInfoPanelUnitDetail.cpp.obj
[ 77%] Building CXX object CMakeFiles/warden.dir/Source/UI/CInventoryBar.cpp.obj
[ 79%] Building CXX object CMakeFiles/warden.dir/Source/UI/CLayoutFrame.cpp.obj
In file included from [01m[KC:/Program Files/JetBrains/CLion 2026.2.1/bin/mingw/x86_64-w64-mingw32/include/stdint.h:3
2[m[K,
                 from [01m[KC:/Program Files/JetBrains/CLion 2026.2.1/bin/mingw/lib/gcc/x86_64-w64-mingw32/15.2.0/inc
lude/stdint.h:11[m[K,
                 from [01m[KC:/Program Files/JetBrains/CLion 2026.2.1/bin/mingw/lib/gcc/x86_64-w64-mingw32/15.2.0/inc
lude/c++/cstdint:47[m[K,
                 from [01m[KD:/workcode/game/warden/Source/UI/Types.h:3[m[K,
                 from [01m[KD:/workcode/game/warden/Source/UI/CLayoutFrame.h:3[m[K,
                 from [01m[KD:\workcode\game\warden\Source\UI\CLayoutFrame.cpp:1[m[K:
[01m[KD:/workcode/game/warden/Source/UI/CLayoutFrame.h:143:32:[m[K [01;35m[Kwarning: [m[K'[01m[Koffsetof[m[
K' within non-standard-layout type '[01m[KCLayoutFrame[m[K' is conditionally-supported [[01;35m[K-Winvalid-offset
of[m[K]
  143 |     extern STORM_EXPLICIT_LIST(CLayoutFrame, resizeLink) s_resizePendingList;
[01m[KD:/workcode/game/warden/Source/UI/CLayoutFrame.h:143:12:[m[K [01;36m[Knote: [m[Kin expansion of macro '[
01m[KSTORM_EXPLICIT_LIST[m[K'
  143 |     extern [01;36m[KSTORM_EXPLICIT_LIST[m[K(CLayoutFrame, resizeLink) s_resizePendingList;
      |            [01;36m[K^~~~~~~~~~~~~~~~~~~[m[K
[01m[KD:\workcode\game\warden\Source\UI\CLayoutFrame.cpp:9:21:[m[K [01;35m[Kwarning: [m[K'[01m[Koffsetof[m[
K' within non-standard-layout type '[01m[KCLayoutFrame[m[K' is conditionally-supported [[01;35m[K-Winvalid-offset
of[m[K]
    9 | STORM_EXPLICIT_LIST(CLayoutFrame, resizeLink) LayoutFrame::s_resizePendingList;
[01m[KD:\workcode\game\warden\Source\UI\CLayoutFrame.cpp:9:1:[m[K [01;36m[Knote: [m[Kin expansion of macro '[0
1m[KSTORM_EXPLICIT_LIST[m[K'
    9 | [01;36m[KSTORM_EXPLICIT_LIST[m[K(CLayoutFrame, resizeLink) LayoutFrame::s_resizePendingList;
      | [01;36m[K^~~~~~~~~~~~~~~~~~~[m[K
[ 79%] Building CXX object CMakeFiles/warden.dir/Source/UI/CLeaderBoard.cpp.obj
[ 79%] Building CXX object CMakeFiles/warden.dir/Source/UI/CMinimap.cpp.obj
[ 79%] Building CXX object CMakeFiles/warden.dir/Source/UI/CMultiBoard.cpp.obj
[ 79%] Building CXX object CMakeFiles/warden.dir/Source/UI/COccupUI.cpp.obj
[ 79%] Building CXX object CMakeFiles/warden.dir/Source/UI/CPeonBar.cpp.obj
[ 79%] Building CXX object CMakeFiles/warden.dir/Source/UI/CPortraitButton.cpp.obj
[ 79%] Building CXX object CMakeFiles/warden.dir/Source/UI/CPreselectUI.cpp.obj
[ 79%] Building CXX object CMakeFiles/warden.dir/Source/UI/CProgressIndicator.cpp.obj
[ 79%] Building CXX object CMakeFiles/warden.dir/Source/UI/CQuestDialog.cpp.obj
[ 81%] Building CXX object CMakeFiles/warden.dir/Source/UI/CRenderBatch.cpp.obj
In file included from [01m[KC:/Program Files/JetBrains/CLion 2026.2.1/bin/mingw/x86_64-w64-mingw32/include/stdint.h:3
2[m[K,
                 from [01m[KC:/Program Files/JetBrains/CLion 2026.2.1/bin/mingw/lib/gcc/x86_64-w64-mingw32/15.2.0/inc
lude/stdint.h:11[m[K,
                 from [01m[KC:/Program Files/JetBrains/CLion 2026.2.1/bin/mingw/lib/gcc/x86_64-w64-mingw32/15.2.0/inc
lude/c++/cstdint:47[m[K,
                 from [01m[KD:/workcode/game/warden/Source/UI/CRenderBatch.h:4[m[K,
                 from [01m[KD:\workcode\game\warden\Source\UI\CRenderBatch.cpp:1[m[K:
[01m[KD:/workcode/game/warden/Source/UI/CLayoutFrame.h:143:32:[m[K [01;35m[Kwarning: [m[K'[01m[Koffsetof[m[
K' within non-standard-layout type '[01m[KCLayoutFrame[m[K' is conditionally-supported [[01;35m[K-Winvalid-offset
of[m[K]
  143 |     extern STORM_EXPLICIT_LIST(CLayoutFrame, resizeLink) s_resizePendingList;
[01m[KD:/workcode/game/warden/Source/UI/CLayoutFrame.h:143:12:[m[K [01;36m[Knote: [m[Kin expansion of macro '[
01m[KSTORM_EXPLICIT_LIST[m[K'
  143 |     extern [01;36m[KSTORM_EXPLICIT_LIST[m[K(CLayoutFrame, resizeLink) s_resizePendingList;
      |            [01;36m[K^~~~~~~~~~~~~~~~~~~[m[K
[ 81%] Building CXX object CMakeFiles/warden.dir/Source/UI/CReplayPanel.cpp.obj
[ 81%] Building CXX object CMakeFiles/warden.dir/Source/UI/CResourceBar.cpp.obj
[ 81%] Building CXX object CMakeFiles/warden.dir/Source/UI/CScriptObject.cpp.obj
[ 81%] Building CXX object CMakeFiles/warden.dir/Source/UI/CScriptObjectScript.cpp.obj
[ 81%] Building CXX object CMakeFiles/warden.dir/Source/UI/CScriptRegion.cpp.obj
In file included from [01m[KC:/Program Files/JetBrains/CLion 2026.2.1/bin/mingw/x86_64-w64-mingw32/include/stdint.h:3
2[m[K,
                 from [01m[KC:/Program Files/JetBrains/CLion 2026.2.1/bin/mingw/lib/gcc/x86_64-w64-mingw32/15.2.0/inc
lude/stdint.h:11[m[K,
                 from [01m[KC:/Program Files/JetBrains/CLion 2026.2.1/bin/mingw/lib/gcc/x86_64-w64-mingw32/15.2.0/inc
lude/c++/cstdint:47[m[K,
                 from [01m[KD:/workcode/game/warden/Source/UI/Types.h:3[m[K,
                 from [01m[KD:/workcode/game/warden/Source/UI/CLayoutFrame.h:3[m[K,
                 from [01m[KD:/workcode/game/warden/Source/UI/CScriptRegion.h:3[m[K,
                 from [01m[KD:\workcode\game\warden\Source\UI\CScriptRegion.cpp:1[m[K:
[01m[KD:/workcode/game/warden/Source/UI/CLayoutFrame.h:143:32:[m[K [01;35m[Kwarning: [m[K'[01m[Koffsetof[m[
K' within non-standard-layout type '[01m[KCLayoutFrame[m[K' is conditionally-supported [[01;35m[K-Winvalid-offset
of[m[K]
  143 |     extern STORM_EXPLICIT_LIST(CLayoutFrame, resizeLink) s_resizePendingList;
[01m[KD:/workcode/game/warden/Source/UI/CLayoutFrame.h:143:12:[m[K [01;36m[Knote: [m[Kin expansion of macro '[
01m[KSTORM_EXPLICIT_LIST[m[K'
  143 |     extern [01;36m[KSTORM_EXPLICIT_LIST[m[K(CLayoutFrame, resizeLink) s_resizePendingList;
      |            [01;36m[K^~~~~~~~~~~~~~~~~~~[m[K
[01m[KD:/workcode/game/warden/Source/UI/CSimpleFrame.h:74:25:[m[K [01;35m[Kwarning: [m[K'[01m[Koffsetof[m[K
' within non-standard-layout type '[01m[KCSimpleRegion[m[K' is conditionally-supported [[01;35m[K-Winvalid-offset
of[m[K]
   74 |     STORM_EXPLICIT_LIST(CSimpleRegion, m_regionLink) m_regions;
[01m[KD:/workcode/game/warden/Source/UI/CSimpleFrame.h:74:5:[m[K [01;36m[Knote: [m[Kin expansion of macro '[01
m[KSTORM_EXPLICIT_LIST[m[K'
   74 |     [01;36m[KSTORM_EXPLICIT_LIST[m[K(CSimpleRegion, m_regionLink) m_regions;
      |     [01;36m[K^~~~~~~~~~~~~~~~~~~[m[K
[01m[KD:/workcode/game/warden/Source/UI/CSimpleFrame.h:75:25:[m[K [01;35m[Kwarning: [m[K'[01m[Koffsetof[m[K
' within non-standard-layout type '[01m[KCSimpleRegion[m[K' is conditionally-supported [[01;35m[K-Winvalid-offset
of[m[K]
   75 |     STORM_EXPLICIT_LIST(CSimpleRegion, m_layerLink) m_drawlayers[NUM_SIMPLEFRAME_DRAWLAYERS];
[01m[KD:/workcode/game/warden/Source/UI/CSimpleFrame.h:75:5:[m[K [01;36m[Knote: [m[Kin expansion of macro '[01
m[KSTORM_EXPLICIT_LIST[m[K'
   75 |     [01;36m[KSTORM_EXPLICIT_LIST[m[K(CSimpleRegion, m_layerLink) m_drawlayers[NUM_SIMPLEFRAME_DRAWLAYERS];
      |     [01;36m[K^~~~~~~~~~~~~~~~~~~[m[K
[01m[KD:/workcode/game/warden/Source/UI/CSimpleFrame.h:78:25:[m[K [01;35m[Kwarning: [m[K'[01m[Koffsetof[m[K
' within non-standard-layout type '[01m[KCRenderBatch[m[K' is conditionally-supported [[01;35m[K-Winvalid-offseto
f[m[K]
   78 |     STORM_EXPLICIT_LIST(CRenderBatch, renderLink) m_renderList;
[01m[KD:/workcode/game/warden/Source/UI/CSimpleFrame.h:78:5:[m[K [01;36m[Knote: [m[Kin expansion of macro '[01
m[KSTORM_EXPLICIT_LIST[m[K'
   78 |     [01;36m[KSTORM_EXPLICIT_LIST[m[K(CRenderBatch, renderLink) m_renderList;
      |     [01;36m[K^~~~~~~~~~~~~~~~~~~[m[K
[01m[KD:/workcode/game/warden/Source/UI/CFrameStrata.h:13:25:[m[K [01;35m[Kwarning: [m[K'[01m[Koffsetof[m[K
' within non-standard-layout type '[01m[KCSimpleFrame[m[K' is conditionally-supported [[01;35m[K-Winvalid-offseto
f[m[K]
   13 |     STORM_EXPLICIT_LIST(CSimpleFrame, m_strataLink) pendingFrames;
[01m[KD:/workcode/game/warden/Source/UI/CFrameStrata.h:13:5:[m[K [01;36m[Knote: [m[Kin expansion of macro '[01
m[KSTORM_EXPLICIT_LIST[m[K'
   13 |     [01;36m[KSTORM_EXPLICIT_LIST[m[K(CSimpleFrame, m_strataLink) pendingFrames;
      |     [01;36m[K^~~~~~~~~~~~~~~~~~~[m[K
[01m[KD:/workcode/game/warden/Source/UI/CFrameStrata.h:14:25:[m[K [01;35m[Kwarning: [m[K'[01m[Koffsetof[m[K
' within non-standard-layout type '[01m[KCSimpleFrame[m[K' is conditionally-supported [[01;35m[K-Winvalid-offseto
f[m[K]
   14 |     STORM_EXPLICIT_LIST(CSimpleFrame, m_strataLink) frames;
[01m[KD:/workcode/game/warden/Source/UI/CFrameStrata.h:14:5:[m[K [01;36m[Knote: [m[Kin expansion of macro '[01
m[KSTORM_EXPLICIT_LIST[m[K'
   14 |     [01;36m[KSTORM_EXPLICIT_LIST[m[K(CSimpleFrame, m_strataLink) frames;
      |     [01;36m[K^~~~~~~~~~~~~~~~~~~[m[K
[01m[KD:/workcode/game/warden/Source/UI/CFrameStrata.h:18:25:[m[K [01;35m[Kwarning: [m[K'[01m[Koffsetof[m[K
' within non-standard-layout type '[01m[KCRenderBatch[m[K' is conditionally-supported [[01;35m[K-Winvalid-offseto
f[m[K]
   18 |     STORM_EXPLICIT_LIST(CRenderBatch, renderLink) renderList;
[01m[KD:/workcode/game/warden/Source/UI/CFrameStrata.h:18:5:[m[K [01;36m[Knote: [m[Kin expansion of macro '[01
m[KSTORM_EXPLICIT_LIST[m[K'
   18 |     [01;36m[KSTORM_EXPLICIT_LIST[m[K(CRenderBatch, renderLink) renderList;
      |     [01;36m[K^~~~~~~~~~~~~~~~~~~[m[K
[01m[KD:/workcode/game/warden/Source/UI/CSimpleTop.h:66:25:[m[K [01;35m[Kwarning: [m[K'[01m[Koffsetof[m[K' 
within non-standard-layout type '[01m[KCSimpleFrame[m[K' is conditionally-supported [[01;35m[K-Winvalid-offsetof
[m[K]
   66 |     STORM_EXPLICIT_LIST(CSimpleFrame, m_framesLink) m_frames;
[01m[KD:/workcode/game/warden/Source/UI/CSimpleTop.h:66:5:[m[K [01;36m[Knote: [m[Kin expansion of macro '[01m
[KSTORM_EXPLICIT_LIST[m[K'
   66 |     [01;36m[KSTORM_EXPLICIT_LIST[m[K(CSimpleFrame, m_framesLink) m_frames;
      |     [01;36m[K^~~~~~~~~~~~~~~~~~~[m[K
[01m[KD:/workcode/game/warden/Source/UI/CSimpleTop.h:67:25:[m[K [01;35m[Kwarning: [m[K'[01m[Koffsetof[m[K' 
within non-standard-layout type '[01m[KCSimpleFrame[m[K' is conditionally-supported [[01;35m[K-Winvalid-offsetof
[m[K]
   67 |     STORM_EXPLICIT_LIST(CSimpleFrame, m_destroyedLink) m_destroyed;
[01m[KD:/workcode/game/warden/Source/UI/CSimpleTop.h:67:5:[m[K [01;36m[Knote: [m[Kin expansion of macro '[01m
[KSTORM_EXPLICIT_LIST[m[K'
   67 |     [01;36m[KSTORM_EXPLICIT_LIST[m[K(CSimpleFrame, m_destroyedLink) m_destroyed;
      |     [01;36m[K^~~~~~~~~~~~~~~~~~~[m[K
[ 81%] Building CXX object CMakeFiles/warden.dir/Source/UI/CScriptRegionScript.cpp.obj
In file included from [01m[KC:/Program Files/JetBrains/CLion 2026.2.1/bin/mingw/x86_64-w64-mingw32/include/stdint.h:3
2[m[K,
                 from [01m[KC:/Program Files/JetBrains/CLion 2026.2.1/bin/mingw/lib/gcc/x86_64-w64-mingw32/15.2.0/inc
lude/stdint.h:11[m[K,
                 from [01m[KC:/Program Files/JetBrains/CLion 2026.2.1/bin/mingw/lib/gcc/x86_64-w64-mingw32/15.2.0/inc
lude/c++/cstdint:47[m[K,
                 from [01m[KD:/workcode/game/warden/Source/UI/FrameScript.h:4[m[K,
                 from [01m[KD:/workcode/game/warden/Source/UI/CScriptRegionScript.h:3[m[K,
                 from [01m[KD:\workcode\game\warden\Source\UI\CScriptRegionScript.cpp:1[m[K:
[01m[KD:/workcode/game/warden/Source/UI/CLayoutFrame.h:143:32:[m[K [01;35m[Kwarning: [m[K'[01m[Koffsetof[m[
K' within non-standard-layout type '[01m[KCLayoutFrame[m[K' is conditionally-supported [[01;35m[K-Winvalid-offset
of[m[K]
  143 |     extern STORM_EXPLICIT_LIST(CLayoutFrame, resizeLink) s_resizePendingList;
[01m[KD:/workcode/game/warden/Source/UI/CLayoutFrame.h:143:12:[m[K [01;36m[Knote: [m[Kin expansion of macro '[
01m[KSTORM_EXPLICIT_LIST[m[K'
  143 |     extern [01;36m[KSTORM_EXPLICIT_LIST[m[K(CLayoutFrame, resizeLink) s_resizePendingList;
      |            [01;36m[K^~~~~~~~~~~~~~~~~~~[m[K
[01m[KD:/workcode/game/warden/Source/UI/CSimpleFrame.h:74:25:[m[K [01;35m[Kwarning: [m[K'[01m[Koffsetof[m[K
' within non-standard-layout type '[01m[KCSimpleRegion[m[K' is conditionally-supported [[01;35m[K-Winvalid-offset
of[m[K]
   74 |     STORM_EXPLICIT_LIST(CSimpleRegion, m_regionLink) m_regions;
[01m[KD:/workcode/game/warden/Source/UI/CSimpleFrame.h:74:5:[m[K [01;36m[Knote: [m[Kin expansion of macro '[01
m[KSTORM_EXPLICIT_LIST[m[K'
   74 |     [01;36m[KSTORM_EXPLICIT_LIST[m[K(CSimpleRegion, m_regionLink) m_regions;
      |     [01;36m[K^~~~~~~~~~~~~~~~~~~[m[K
[01m[KD:/workcode/game/warden/Source/UI/CSimpleFrame.h:75:25:[m[K [01;35m[Kwarning: [m[K'[01m[Koffsetof[m[K
' within non-standard-layout type '[01m[KCSimpleRegion[m[K' is conditionally-supported [[01;35m[K-Winvalid-offset
of[m[K]
   75 |     STORM_EXPLICIT_LIST(CSimpleRegion, m_layerLink) m_drawlayers[NUM_SIMPLEFRAME_DRAWLAYERS];
[01m[KD:/workcode/game/warden/Source/UI/CSimpleFrame.h:75:5:[m[K [01;36m[Knote: [m[Kin expansion of macro '[01
m[KSTORM_EXPLICIT_LIST[m[K'
   75 |     [01;36m[KSTORM_EXPLICIT_LIST[m[K(CSimpleRegion, m_layerLink) m_drawlayers[NUM_SIMPLEFRAME_DRAWLAYERS];
      |     [01;36m[K^~~~~~~~~~~~~~~~~~~[m[K
[01m[KD:/workcode/game/warden/Source/UI/CSimpleFrame.h:78:25:[m[K [01;35m[Kwarning: [m[K'[01m[Koffsetof[m[K
' within non-standard-layout type '[01m[KCRenderBatch[m[K' is conditionally-supported [[01;35m[K-Winvalid-offseto
f[m[K]
   78 |     STORM_EXPLICIT_LIST(CRenderBatch, renderLink) m_renderList;
[01m[KD:/workcode/game/warden/Source/UI/CSimpleFrame.h:78:5:[m[K [01;36m[Knote: [m[Kin expansion of macro '[01
m[KSTORM_EXPLICIT_LIST[m[K'
   78 |     [01;36m[KSTORM_EXPLICIT_LIST[m[K(CRenderBatch, renderLink) m_renderList;
      |     [01;36m[K^~~~~~~~~~~~~~~~~~~[m[K
[01m[KD:/workcode/game/warden/Source/UI/CFrameStrata.h:13:25:[m[K [01;35m[Kwarning: [m[K'[01m[Koffsetof[m[K
' within non-standard-layout type '[01m[KCSimpleFrame[m[K' is conditionally-supported [[01;35m[K-Winvalid-offseto
f[m[K]
   13 |     STORM_EXPLICIT_LIST(CSimpleFrame, m_strataLink) pendingFrames;
[01m[KD:/workcode/game/warden/Source/UI/CFrameStrata.h:13:5:[m[K [01;36m[Knote: [m[Kin expansion of macro '[01
m[KSTORM_EXPLICIT_LIST[m[K'
   13 |     [01;36m[KSTORM_EXPLICIT_LIST[m[K(CSimpleFrame, m_strataLink) pendingFrames;
      |     [01;36m[K^~~~~~~~~~~~~~~~~~~[m[K
[01m[KD:/workcode/game/warden/Source/UI/CFrameStrata.h:14:25:[m[K [01;35m[Kwarning: [m[K'[01m[Koffsetof[m[K
' within non-standard-layout type '[01m[KCSimpleFrame[m[K' is conditionally-supported [[01;35m[K-Winvalid-offseto
f[m[K]
   14 |     STORM_EXPLICIT_LIST(CSimpleFrame, m_strataLink) frames;
[01m[KD:/workcode/game/warden/Source/UI/CFrameStrata.h:14:5:[m[K [01;36m[Knote: [m[Kin expansion of macro '[01
m[KSTORM_EXPLICIT_LIST[m[K'
   14 |     [01;36m[KSTORM_EXPLICIT_LIST[m[K(CSimpleFrame, m_strataLink) frames;
      |     [01;36m[K^~~~~~~~~~~~~~~~~~~[m[K
[01m[KD:/workcode/game/warden/Source/UI/CFrameStrata.h:18:25:[m[K [01;35m[Kwarning: [m[K'[01m[Koffsetof[m[K
' within non-standard-layout type '[01m[KCRenderBatch[m[K' is conditionally-supported [[01;35m[K-Winvalid-offseto
f[m[K]
   18 |     STORM_EXPLICIT_LIST(CRenderBatch, renderLink) renderList;
[01m[KD:/workcode/game/warden/Source/UI/CFrameStrata.h:18:5:[m[K [01;36m[Knote: [m[Kin expansion of macro '[01
m[KSTORM_EXPLICIT_LIST[m[K'
   18 |     [01;36m[KSTORM_EXPLICIT_LIST[m[K(CRenderBatch, renderLink) renderList;
      |     [01;36m[K^~~~~~~~~~~~~~~~~~~[m[K
[01m[KD:/workcode/game/warden/Source/UI/CSimpleTop.h:66:25:[m[K [01;35m[Kwarning: [m[K'[01m[Koffsetof[m[K' 
within non-standard-layout type '[01m[KCSimpleFrame[m[K' is conditionally-supported [[01;35m[K-Winvalid-offsetof
[m[K]
   66 |     STORM_EXPLICIT_LIST(CSimpleFrame, m_framesLink) m_frames;
[01m[KD:/workcode/game/warden/Source/UI/CSimpleTop.h:66:5:[m[K [01;36m[Knote: [m[Kin expansion of macro '[01m
[KSTORM_EXPLICIT_LIST[m[K'
   66 |     [01;36m[KSTORM_EXPLICIT_LIST[m[K(CSimpleFrame, m_framesLink) m_frames;
      |     [01;36m[K^~~~~~~~~~~~~~~~~~~[m[K
[01m[KD:/workcode/game/warden/Source/UI/CSimpleTop.h:67:25:[m[K [01;35m[Kwarning: [m[K'[01m[Koffsetof[m[K' 
within non-standard-layout type '[01m[KCSimpleFrame[m[K' is conditionally-supported [[01;35m[K-Winvalid-offsetof
[m[K]
   67 |     STORM_EXPLICIT_LIST(CSimpleFrame, m_destroyedLink) m_destroyed;
[01m[KD:/workcode/game/warden/Source/UI/CSimpleTop.h:67:5:[m[K [01;36m[Knote: [m[Kin expansion of macro '[01m
[KSTORM_EXPLICIT_LIST[m[K'
   67 |     [01;36m[KSTORM_EXPLICIT_LIST[m[K(CSimpleFrame, m_destroyedLink) m_destroyed;
      |     [01;36m[K^~~~~~~~~~~~~~~~~~~[m[K
[ 81%] Building CXX object CMakeFiles/warden.dir/Source/UI/CSimpleAnimGroup.cpp.obj
[ 81%] Building CXX object CMakeFiles/warden.dir/Source/UI/CSimpleButton.cpp.obj
In file included from [01m[KC:/Program Files/JetBrains/CLion 2026.2.1/bin/mingw/x86_64-w64-mingw32/include/stdint.h:3
2[m[K,
                 from [01m[KC:/Program Files/JetBrains/CLion 2026.2.1/bin/mingw/lib/gcc/x86_64-w64-mingw32/15.2.0/inc
lude/stdint.h:11[m[K,
                 from [01m[KC:/Program Files/JetBrains/CLion 2026.2.1/bin/mingw/lib/gcc/x86_64-w64-mingw32/15.2.0/inc
lude/c++/cstdint:47[m[K,
                 from [01m[KD:\workcode\game\warden\Source\UI\Types.h:3[m[K,
                 from [01m[KD:\workcode\game\warden\Source\UI\CSimpleFrame.h:4[m[K,
                 from [01m[KD:\workcode\game\warden\Source\UI\CSimpleButton.h:3[m[K,
                 from [01m[KD:\workcode\game\warden\Source\UI\CSimpleButton.cpp:1[m[K:
[01m[KD:/workcode/game/warden/Source/UI/CLayoutFrame.h:143:32:[m[K [01;35m[Kwarning: [m[K'[01m[Koffsetof[m[
K' within non-standard-layout type '[01m[KCLayoutFrame[m[K' is conditionally-supported [[01;35m[K-Winvalid-offset
of[m[K]
  143 |     extern STORM_EXPLICIT_LIST(CLayoutFrame, resizeLink) s_resizePendingList;
[01m[KD:/workcode/game/warden/Source/UI/CLayoutFrame.h:143:12:[m[K [01;36m[Knote: [m[Kin expansion of macro '[
01m[KSTORM_EXPLICIT_LIST[m[K'
  143 |     extern [01;36m[KSTORM_EXPLICIT_LIST[m[K(CLayoutFrame, resizeLink) s_resizePendingList;
      |            [01;36m[K^~~~~~~~~~~~~~~~~~~[m[K
[01m[KD:\workcode\game\warden\Source\UI\CSimpleFrame.h:74:25:[m[K [01;35m[Kwarning: [m[K'[01m[Koffsetof[m[K
' within non-standard-layout type '[01m[KCSimpleRegion[m[K' is conditionally-supported [[01;35m[K-Winvalid-offset
of[m[K]
   74 |     STORM_EXPLICIT_LIST(CSimpleRegion, m_regionLink) m_regions;
[01m[KD:\workcode\game\warden\Source\UI\CSimpleFrame.h:74:5:[m[K [01;36m[Knote: [m[Kin expansion of macro '[01
m[KSTORM_EXPLICIT_LIST[m[K'
   74 |     [01;36m[KSTORM_EXPLICIT_LIST[m[K(CSimpleRegion, m_regionLink) m_regions;
      |     [01;36m[K^~~~~~~~~~~~~~~~~~~[m[K
[01m[KD:\workcode\game\warden\Source\UI\CSimpleFrame.h:75:25:[m[K [01;35m[Kwarning: [m[K'[01m[Koffsetof[m[K
' within non-standard-layout type '[01m[KCSimpleRegion[m[K' is conditionally-supported [[01;35m[K-Winvalid-offset
of[m[K]
   75 |     STORM_EXPLICIT_LIST(CSimpleRegion, m_layerLink) m_drawlayers[NUM_SIMPLEFRAME_DRAWLAYERS];
[01m[KD:\workcode\game\warden\Source\UI\CSimpleFrame.h:75:5:[m[K [01;36m[Knote: [m[Kin expansion of macro '[01
m[KSTORM_EXPLICIT_LIST[m[K'
   75 |     [01;36m[KSTORM_EXPLICIT_LIST[m[K(CSimpleRegion, m_layerLink) m_drawlayers[NUM_SIMPLEFRAME_DRAWLAYERS];
      |     [01;36m[K^~~~~~~~~~~~~~~~~~~[m[K
[01m[KD:\workcode\game\warden\Source\UI\CSimpleFrame.h:78:25:[m[K [01;35m[Kwarning: [m[K'[01m[Koffsetof[m[K
' within non-standard-layout type '[01m[KCRenderBatch[m[K' is conditionally-supported [[01;35m[K-Winvalid-offseto
f[m[K]
   78 |     STORM_EXPLICIT_LIST(CRenderBatch, renderLink) m_renderList;
[01m[KD:\workcode\game\warden\Source\UI\CSimpleFrame.h:78:5:[m[K [01;36m[Knote: [m[Kin expansion of macro '[01
m[KSTORM_EXPLICIT_LIST[m[K'
   78 |     [01;36m[KSTORM_EXPLICIT_LIST[m[K(CRenderBatch, renderLink) m_renderList;
      |     [01;36m[K^~~~~~~~~~~~~~~~~~~[m[K
[01m[KD:\workcode\game\warden\Source\UI\CSimpleFont.h:41:25:[m[K [01;35m[Kwarning: [m[K'[01m[Koffsetof[m[K'
 within non-standard-layout type '[01m[KCSimpleFontable[m[K' is conditionally-supported [[01;35m[K-Winvalid-offse
tof[m[K]
   41 |     STORM_EXPLICIT_LIST(CSimpleFontable, m_fontableLink) m_fontableList;
[01m[KD:\workcode\game\warden\Source\UI\CSimpleFont.h:41:5:[m[K [01;36m[Knote: [m[Kin expansion of macro '[01m
[KSTORM_EXPLICIT_LIST[m[K'
   41 |     [01;36m[KSTORM_EXPLICIT_LIST[m[K(CSimpleFontable, m_fontableLink) m_fontableList;
      |     [01;36m[K^~~~~~~~~~~~~~~~~~~[m[K
[01m[KD:/workcode/game/warden/Source/UI/CFrameStrata.h:13:25:[m[K [01;35m[Kwarning: [m[K'[01m[Koffsetof[m[K
' within non-standard-layout type '[01m[KCSimpleFrame[m[K' is conditionally-supported [[01;35m[K-Winvalid-offseto
f[m[K]
   13 |     STORM_EXPLICIT_LIST(CSimpleFrame, m_strataLink) pendingFrames;
[01m[KD:/workcode/game/warden/Source/UI/CFrameStrata.h:13:5:[m[K [01;36m[Knote: [m[Kin expansion of macro '[01
m[KSTORM_EXPLICIT_LIST[m[K'
   13 |     [01;36m[KSTORM_EXPLICIT_LIST[m[K(CSimpleFrame, m_strataLink) pendingFrames;
      |     [01;36m[K^~~~~~~~~~~~~~~~~~~[m[K
[01m[KD:/workcode/game/warden/Source/UI/CFrameStrata.h:14:25:[m[K [01;35m[Kwarning: [m[K'[01m[Koffsetof[m[K
' within non-standard-layout type '[01m[KCSimpleFrame[m[K' is conditionally-supported [[01;35m[K-Winvalid-offseto
f[m[K]
   14 |     STORM_EXPLICIT_LIST(CSimpleFrame, m_strataLink) frames;
[01m[KD:/workcode/game/warden/Source/UI/CFrameStrata.h:14:5:[m[K [01;36m[Knote: [m[Kin expansion of macro '[01
m[KSTORM_EXPLICIT_LIST[m[K'
   14 |     [01;36m[KSTORM_EXPLICIT_LIST[m[K(CSimpleFrame, m_strataLink) frames;
      |     [01;36m[K^~~~~~~~~~~~~~~~~~~[m[K
[01m[KD:/workcode/game/warden/Source/UI/CFrameStrata.h:18:25:[m[K [01;35m[Kwarning: [m[K'[01m[Koffsetof[m[K
' within non-standard-layout type '[01m[KCRenderBatch[m[K' is conditionally-supported [[01;35m[K-Winvalid-offseto
f[m[K]
   18 |     STORM_EXPLICIT_LIST(CRenderBatch, renderLink) renderList;
[01m[KD:/workcode/game/warden/Source/UI/CFrameStrata.h:18:5:[m[K [01;36m[Knote: [m[Kin expansion of macro '[01
m[KSTORM_EXPLICIT_LIST[m[K'
   18 |     [01;36m[KSTORM_EXPLICIT_LIST[m[K(CRenderBatch, renderLink) renderList;
      |     [01;36m[K^~~~~~~~~~~~~~~~~~~[m[K
[01m[KD:\workcode\game\warden\Source\UI\CSimpleTop.h:66:25:[m[K [01;35m[Kwarning: [m[K'[01m[Koffsetof[m[K' 
within non-standard-layout type '[01m[KCSimpleFrame[m[K' is conditionally-supported [[01;35m[K-Winvalid-offsetof
[m[K]
   66 |     STORM_EXPLICIT_LIST(CSimpleFrame, m_framesLink) m_frames;
[01m[KD:\workcode\game\warden\Source\UI\CSimpleTop.h:66:5:[m[K [01;36m[Knote: [m[Kin expansion of macro '[01m
[KSTORM_EXPLICIT_LIST[m[K'
   66 |     [01;36m[KSTORM_EXPLICIT_LIST[m[K(CSimpleFrame, m_framesLink) m_frames;
      |     [01;36m[K^~~~~~~~~~~~~~~~~~~[m[K
[01m[KD:\workcode\game\warden\Source\UI\CSimpleTop.h:67:25:[m[K [01;35m[Kwarning: [m[K'[01m[Koffsetof[m[K' 
within non-standard-layout type '[01m[KCSimpleFrame[m[K' is conditionally-supported [[01;35m[K-Winvalid-offsetof
[m[K]
   67 |     STORM_EXPLICIT_LIST(CSimpleFrame, m_destroyedLink) m_destroyed;
[01m[KD:\workcode\game\warden\Source\UI\CSimpleTop.h:67:5:[m[K [01;36m[Knote: [m[Kin expansion of macro '[01m
[KSTORM_EXPLICIT_LIST[m[K'
   67 |     [01;36m[KSTORM_EXPLICIT_LIST[m[K(CSimpleFrame, m_destroyedLink) m_destroyed;
      |     [01;36m[K^~~~~~~~~~~~~~~~~~~[m[K
[ 82%] Building CXX object CMakeFiles/warden.dir/Source/UI/CSimpleButtonScript.cpp.obj
In file included from [01m[KC:/Program Files/JetBrains/CLion 2026.2.1/bin/mingw/x86_64-w64-mingw32/include/stdint.h:3
2[m[K,
                 from [01m[KC:/Program Files/JetBrains/CLion 2026.2.1/bin/mingw/lib/gcc/x86_64-w64-mingw32/15.2.0/inc
lude/stdint.h:11[m[K,
                 from [01m[KC:/Program Files/JetBrains/CLion 2026.2.1/bin/mingw/lib/gcc/x86_64-w64-mingw32/15.2.0/inc
lude/c++/cstdint:47[m[K,
                 from [01m[KD:/workcode/game/warden/Source/UI/FrameScript.h:4[m[K,
                 from [01m[KD:/workcode/game/warden/Source/UI/CSimpleButtonScript.h:3[m[K,
                 from [01m[KD:\workcode\game\warden\Source\UI\CSimpleButtonScript.cpp:1[m[K:
[01m[KD:/workcode/game/warden/Source/UI/CLayoutFrame.h:143:32:[m[K [01;35m[Kwarning: [m[K'[01m[Koffsetof[m[
K' within non-standard-layout type '[01m[KCLayoutFrame[m[K' is conditionally-supported [[01;35m[K-Winvalid-offset
of[m[K]
  143 |     extern STORM_EXPLICIT_LIST(CLayoutFrame, resizeLink) s_resizePendingList;
[01m[KD:/workcode/game/warden/Source/UI/CLayoutFrame.h:143:12:[m[K [01;36m[Knote: [m[Kin expansion of macro '[
01m[KSTORM_EXPLICIT_LIST[m[K'
  143 |     extern [01;36m[KSTORM_EXPLICIT_LIST[m[K(CLayoutFrame, resizeLink) s_resizePendingList;
      |            [01;36m[K^~~~~~~~~~~~~~~~~~~[m[K
[01m[KD:/workcode/game/warden/Source/UI/CSimpleFrame.h:74:25:[m[K [01;35m[Kwarning: [m[K'[01m[Koffsetof[m[K
' within non-standard-layout type '[01m[KCSimpleRegion[m[K' is conditionally-supported [[01;35m[K-Winvalid-offset
of[m[K]
   74 |     STORM_EXPLICIT_LIST(CSimpleRegion, m_regionLink) m_regions;
[01m[KD:/workcode/game/warden/Source/UI/CSimpleFrame.h:74:5:[m[K [01;36m[Knote: [m[Kin expansion of macro '[01
m[KSTORM_EXPLICIT_LIST[m[K'
   74 |     [01;36m[KSTORM_EXPLICIT_LIST[m[K(CSimpleRegion, m_regionLink) m_regions;
      |     [01;36m[K^~~~~~~~~~~~~~~~~~~[m[K
[01m[KD:/workcode/game/warden/Source/UI/CSimpleFrame.h:75:25:[m[K [01;35m[Kwarning: [m[K'[01m[Koffsetof[m[K
' within non-standard-layout type '[01m[KCSimpleRegion[m[K' is conditionally-supported [[01;35m[K-Winvalid-offset
of[m[K]
   75 |     STORM_EXPLICIT_LIST(CSimpleRegion, m_layerLink) m_drawlayers[NUM_SIMPLEFRAME_DRAWLAYERS];
[01m[KD:/workcode/game/warden/Source/UI/CSimpleFrame.h:75:5:[m[K [01;36m[Knote: [m[Kin expansion of macro '[01
m[KSTORM_EXPLICIT_LIST[m[K'
   75 |     [01;36m[KSTORM_EXPLICIT_LIST[m[K(CSimpleRegion, m_layerLink) m_drawlayers[NUM_SIMPLEFRAME_DRAWLAYERS];
      |     [01;36m[K^~~~~~~~~~~~~~~~~~~[m[K
[01m[KD:/workcode/game/warden/Source/UI/CSimpleFrame.h:78:25:[m[K [01;35m[Kwarning: [m[K'[01m[Koffsetof[m[K
' within non-standard-layout type '[01m[KCRenderBatch[m[K' is conditionally-supported [[01;35m[K-Winvalid-offseto
f[m[K]
   78 |     STORM_EXPLICIT_LIST(CRenderBatch, renderLink) m_renderList;
[01m[KD:/workcode/game/warden/Source/UI/CSimpleFrame.h:78:5:[m[K [01;36m[Knote: [m[Kin expansion of macro '[01
m[KSTORM_EXPLICIT_LIST[m[K'
   78 |     [01;36m[KSTORM_EXPLICIT_LIST[m[K(CRenderBatch, renderLink) m_renderList;
      |     [01;36m[K^~~~~~~~~~~~~~~~~~~[m[K
[ 82%] Building CXX object CMakeFiles/warden.dir/Source/UI/CSimpleCheckbox.cpp.obj
In file included from [01m[KC:/Program Files/JetBrains/CLion 2026.2.1/bin/mingw/x86_64-w64-mingw32/include/stdint.h:3
2[m[K,
                 from [01m[KC:/Program Files/JetBrains/CLion 2026.2.1/bin/mingw/lib/gcc/x86_64-w64-mingw32/15.2.0/inc
lude/stdint.h:11[m[K,
                 from [01m[KC:/Program Files/JetBrains/CLion 2026.2.1/bin/mingw/lib/gcc/x86_64-w64-mingw32/15.2.0/inc
lude/c++/cstdint:47[m[K,
                 from [01m[KD:\workcode\game\warden\Source\UI\Types.h:3[m[K,
                 from [01m[KD:\workcode\game\warden\Source\UI\CSimpleFrame.h:4[m[K,
                 from [01m[KD:\workcode\game\warden\Source\UI\CSimpleButton.h:3[m[K,
                 from [01m[KD:\workcode\game\warden\Source\UI\CSimpleCheckbox.h:3[m[K,
                 from [01m[KD:\workcode\game\warden\Source\UI\CSimpleCheckbox.cpp:1[m[K:
[01m[KD:/workcode/game/warden/Source/UI/CLayoutFrame.h:143:32:[m[K [01;35m[Kwarning: [m[K'[01m[Koffsetof[m[
K' within non-standard-layout type '[01m[KCLayoutFrame[m[K' is conditionally-supported [[01;35m[K-Winvalid-offset
of[m[K]
  143 |     extern STORM_EXPLICIT_LIST(CLayoutFrame, resizeLink) s_resizePendingList;
[01m[KD:/workcode/game/warden/Source/UI/CLayoutFrame.h:143:12:[m[K [01;36m[Knote: [m[Kin expansion of macro '[
01m[KSTORM_EXPLICIT_LIST[m[K'
  143 |     extern [01;36m[KSTORM_EXPLICIT_LIST[m[K(CLayoutFrame, resizeLink) s_resizePendingList;
      |            [01;36m[K^~~~~~~~~~~~~~~~~~~[m[K
[01m[KD:\workcode\game\warden\Source\UI\CSimpleFrame.h:74:25:[m[K [01;35m[Kwarning: [m[K'[01m[Koffsetof[m[K
' within non-standard-layout type '[01m[KCSimpleRegion[m[K' is conditionally-supported [[01;35m[K-Winvalid-offset
of[m[K]
   74 |     STORM_EXPLICIT_LIST(CSimpleRegion, m_regionLink) m_regions;
[01m[KD:\workcode\game\warden\Source\UI\CSimpleFrame.h:74:5:[m[K [01;36m[Knote: [m[Kin expansion of macro '[01
m[KSTORM_EXPLICIT_LIST[m[K'
   74 |     [01;36m[KSTORM_EXPLICIT_LIST[m[K(CSimpleRegion, m_regionLink) m_regions;
      |     [01;36m[K^~~~~~~~~~~~~~~~~~~[m[K
[01m[KD:\workcode\game\warden\Source\UI\CSimpleFrame.h:75:25:[m[K [01;35m[Kwarning: [m[K'[01m[Koffsetof[m[K
' within non-standard-layout type '[01m[KCSimpleRegion[m[K' is conditionally-supported [[01;35m[K-Winvalid-offset
of[m[K]
   75 |     STORM_EXPLICIT_LIST(CSimpleRegion, m_layerLink) m_drawlayers[NUM_SIMPLEFRAME_DRAWLAYERS];
[01m[KD:\workcode\game\warden\Source\UI\CSimpleFrame.h:75:5:[m[K [01;36m[Knote: [m[Kin expansion of macro '[01
m[KSTORM_EXPLICIT_LIST[m[K'
   75 |     [01;36m[KSTORM_EXPLICIT_LIST[m[K(CSimpleRegion, m_layerLink) m_drawlayers[NUM_SIMPLEFRAME_DRAWLAYERS];
      |     [01;36m[K^~~~~~~~~~~~~~~~~~~[m[K
[01m[KD:\workcode\game\warden\Source\UI\CSimpleFrame.h:78:25:[m[K [01;35m[Kwarning: [m[K'[01m[Koffsetof[m[K
' within non-standard-layout type '[01m[KCRenderBatch[m[K' is conditionally-supported [[01;35m[K-Winvalid-offseto
f[m[K]
   78 |     STORM_EXPLICIT_LIST(CRenderBatch, renderLink) m_renderList;
[01m[KD:\workcode\game\warden\Source\UI\CSimpleFrame.h:78:5:[m[K [01;36m[Knote: [m[Kin expansion of macro '[01
m[KSTORM_EXPLICIT_LIST[m[K'
   78 |     [01;36m[KSTORM_EXPLICIT_LIST[m[K(CRenderBatch, renderLink) m_renderList;
      |     [01;36m[K^~~~~~~~~~~~~~~~~~~[m[K
[ 82%] Building CXX object CMakeFiles/warden.dir/Source/UI/CSimpleCheckboxScript.cpp.obj
[ 82%] Building CXX object CMakeFiles/warden.dir/Source/UI/CSimpleEditBox.cpp.obj
In file included from [01m[KD:\workcode\game\warden\Source\UI\CSimpleEditBox.cpp:15[m[K:
[01m[KD:/workcode/game/warden/Source/StormMac/Bytes.h:11:9:[m[K [01;35m[Kwarning: [m[K'[01m[KLOBYTE[m[K' re
defined
   11 | #define [01;35m[KLOBYTE[m[K(x) (*((uint8_t*)&(x)))
      |         [01;35m[K^~~~~~[m[K
In file included from [01m[KC:/Program Files/JetBrains/CLion 2026.2.1/bin/mingw/x86_64-w64-mingw32/include/windef.h:9
[m[K,
                 from [01m[KC:/Program Files/JetBrains/CLion 2026.2.1/bin/mingw/x86_64-w64-mingw32/include/windows.h:
69[m[K,
                 from [01m[KD:/workcode/game/warden/Source/StormMac/thread/SSyncObject.h:4[m[K,
                 from [01m[KD:/workcode/game/warden/Source/StormMac/thread/SEvent.h:3[m[K,
                 from [01m[KD:/workcode/game/warden/Source/Engine/Source/Event/Event.h:6[m[K,
                 from [01m[KD:\workcode\game\warden\Source\UI\CSimpleTop.h:3[m[K,
                 from [01m[KD:\workcode\game\warden\Source\UI\CSimpleEditBox.cpp:7[m[K:
[01m[KC:/Program Files/JetBrains/CLion 2026.2.1/bin/mingw/x86_64-w64-mingw32/include/minwindef.h:186:9:[m[K [01;36
m[Knote: [m[Kthis is the location of the previous definition
  186 | #define [01;36m[KLOBYTE[m[K(w) ((BYTE) (((DWORD_PTR) (w)) & 0xff))
      |         [01;36m[K^~~~~~[m[K
[01m[KD:/workcode/game/warden/Source/StormMac/Bytes.h:12:9:[m[K [01;35m[Kwarning: [m[K'[01m[KHIBYTE[m[K' re
defined
   12 | #define [01;35m[KHIBYTE[m[K(x) (*((uint8_t*)&(x)+1))
      |         [01;35m[K^~~~~~[m[K
[01m[KC:/Program Files/JetBrains/CLion 2026.2.1/bin/mingw/x86_64-w64-mingw32/include/minwindef.h:187:9:[m[K [01;36
m[Knote: [m[Kthis is the location of the previous definition
  187 | #define [01;36m[KHIBYTE[m[K(w) ((BYTE) ((((DWORD_PTR) (w)) >> 8) & 0xff))
      |         [01;36m[K^~~~~~[m[K
[01m[KD:/workcode/game/warden/Source/StormMac/Bytes.h:13:9:[m[K [01;35m[Kwarning: [m[K'[01m[KLOWORD[m[K' re
defined
   13 | #define [01;35m[KLOWORD[m[K(x) (*((uint16_t*)&(x)))
      |         [01;35m[K^~~~~~[m[K
[01m[KC:/Program Files/JetBrains/CLion 2026.2.1/bin/mingw/x86_64-w64-mingw32/include/minwindef.h:184:9:[m[K [01;36
m[Knote: [m[Kthis is the location of the previous definition
  184 | #define [01;36m[KLOWORD[m[K(l) ((WORD) (((DWORD_PTR) (l)) & 0xffff))
      |         [01;36m[K^~~~~~[m[K
[01m[KD:/workcode/game/warden/Source/StormMac/Bytes.h:14:9:[m[K [01;35m[Kwarning: [m[K'[01m[KHIWORD[m[K' re
defined
   14 | #define [01;35m[KHIWORD[m[K(x) (*((uint16_t*)&(x)+1))
      |         [01;35m[K^~~~~~[m[K
[01m[KC:/Program Files/JetBrains/CLion 2026.2.1/bin/mingw/x86_64-w64-mingw32/include/minwindef.h:185:9:[m[K [01;36
m[Knote: [m[Kthis is the location of the previous definition
  185 | #define [01;36m[KHIWORD[m[K(l) ((WORD) ((((DWORD_PTR) (l)) >> 16) & 0xffff))
      |         [01;36m[K^~~~~~[m[K
In file included from [01m[KC:/Program Files/JetBrains/CLion 2026.2.1/bin/mingw/x86_64-w64-mingw32/include/stdint.h:3
2[m[K,
                 from [01m[KC:/Program Files/JetBrains/CLion 2026.2.1/bin/mingw/lib/gcc/x86_64-w64-mingw32/15.2.0/inc
lude/stdint.h:11[m[K,
                 from [01m[KC:/Program Files/JetBrains/CLion 2026.2.1/bin/mingw/lib/gcc/x86_64-w64-mingw32/15.2.0/inc
lude/c++/cstdint:47[m[K,
                 from [01m[KD:\workcode\game\warden\Source\UI\Types.h:3[m[K,
                 from [01m[KD:\workcode\game\warden\Source\UI\CSimpleFrame.h:4[m[K,
                 from [01m[KD:\workcode\game\warden\Source\UI\CSimpleEditBox.h:3[m[K,
                 from [01m[KD:\workcode\game\warden\Source\UI\CSimpleEditBox.cpp:1[m[K:
[01m[KD:/workcode/game/warden/Source/UI/CLayoutFrame.h:143:32:[m[K [01;35m[Kwarning: [m[K'[01m[Koffsetof[m[
K' within non-standard-layout type '[01m[KCLayoutFrame[m[K' is conditionally-supported [[01;35m[K-Winvalid-offset
of[m[K]
  143 |     extern STORM_EXPLICIT_LIST(CLayoutFrame, resizeLink) s_resizePendingList;
[01m[KD:/workcode/game/warden/Source/UI/CLayoutFrame.h:143:12:[m[K [01;36m[Knote: [m[Kin expansion of macro '[
01m[KSTORM_EXPLICIT_LIST[m[K'
  143 |     extern [01;36m[KSTORM_EXPLICIT_LIST[m[K(CLayoutFrame, resizeLink) s_resizePendingList;
      |            [01;36m[K^~~~~~~~~~~~~~~~~~~[m[K
[01m[KD:\workcode\game\warden\Source\UI\CSimpleFrame.h:74:25:[m[K [01;35m[Kwarning: [m[K'[01m[Koffsetof[m[K
' within non-standard-layout type '[01m[KCSimpleRegion[m[K' is conditionally-supported [[01;35m[K-Winvalid-offset
of[m[K]
   74 |     STORM_EXPLICIT_LIST(CSimpleRegion, m_regionLink) m_regions;
[01m[KD:\workcode\game\warden\Source\UI\CSimpleFrame.h:74:5:[m[K [01;36m[Knote: [m[Kin expansion of macro '[01
m[KSTORM_EXPLICIT_LIST[m[K'
   74 |     [01;36m[KSTORM_EXPLICIT_LIST[m[K(CSimpleRegion, m_regionLink) m_regions;
      |     [01;36m[K^~~~~~~~~~~~~~~~~~~[m[K
[01m[KD:\workcode\game\warden\Source\UI\CSimpleFrame.h:75:25:[m[K [01;35m[Kwarning: [m[K'[01m[Koffsetof[m[K
' within non-standard-layout type '[01m[KCSimpleRegion[m[K' is conditionally-supported [[01;35m[K-Winvalid-offset
of[m[K]
   75 |     STORM_EXPLICIT_LIST(CSimpleRegion, m_layerLink) m_drawlayers[NUM_SIMPLEFRAME_DRAWLAYERS];
[01m[KD:\workcode\game\warden\Source\UI\CSimpleFrame.h:75:5:[m[K [01;36m[Knote: [m[Kin expansion of macro '[01
m[KSTORM_EXPLICIT_LIST[m[K'
   75 |     [01;36m[KSTORM_EXPLICIT_LIST[m[K(CSimpleRegion, m_layerLink) m_drawlayers[NUM_SIMPLEFRAME_DRAWLAYERS];
      |     [01;36m[K^~~~~~~~~~~~~~~~~~~[m[K
[01m[KD:\workcode\game\warden\Source\UI\CSimpleFrame.h:78:25:[m[K [01;35m[Kwarning: [m[K'[01m[Koffsetof[m[K
' within non-standard-layout type '[01m[KCRenderBatch[m[K' is conditionally-supported [[01;35m[K-Winvalid-offseto
f[m[K]
   78 |     STORM_EXPLICIT_LIST(CRenderBatch, renderLink) m_renderList;
[01m[KD:\workcode\game\warden\Source\UI\CSimpleFrame.h:78:5:[m[K [01;36m[Knote: [m[Kin expansion of macro '[01
m[KSTORM_EXPLICIT_LIST[m[K'
   78 |     [01;36m[KSTORM_EXPLICIT_LIST[m[K(CRenderBatch, renderLink) m_renderList;
      |     [01;36m[K^~~~~~~~~~~~~~~~~~~[m[K
[01m[KD:\workcode\game\warden\Source\UI\CSimpleFont.h:41:25:[m[K [01;35m[Kwarning: [m[K'[01m[Koffsetof[m[K'
 within non-standard-layout type '[01m[KCSimpleFontable[m[K' is conditionally-supported [[01;35m[K-Winvalid-offse
tof[m[K]
   41 |     STORM_EXPLICIT_LIST(CSimpleFontable, m_fontableLink) m_fontableList;
[01m[KD:\workcode\game\warden\Source\UI\CSimpleFont.h:41:5:[m[K [01;36m[Knote: [m[Kin expansion of macro '[01m
[KSTORM_EXPLICIT_LIST[m[K'
   41 |     [01;36m[KSTORM_EXPLICIT_LIST[m[K(CSimpleFontable, m_fontableLink) m_fontableList;
      |     [01;36m[K^~~~~~~~~~~~~~~~~~~[m[K
[01m[KD:/workcode/game/warden/Source/UI/CFrameStrata.h:13:25:[m[K [01;35m[Kwarning: [m[K'[01m[Koffsetof[m[K
' within non-standard-layout type '[01m[KCSimpleFrame[m[K' is conditionally-supported [[01;35m[K-Winvalid-offseto
f[m[K]
   13 |     STORM_EXPLICIT_LIST(CSimpleFrame, m_strataLink) pendingFrames;
[01m[KD:/workcode/game/warden/Source/UI/CFrameStrata.h:13:5:[m[K [01;36m[Knote: [m[Kin expansion of macro '[01
m[KSTORM_EXPLICIT_LIST[m[K'
   13 |     [01;36m[KSTORM_EXPLICIT_LIST[m[K(CSimpleFrame, m_strataLink) pendingFrames;
      |     [01;36m[K^~~~~~~~~~~~~~~~~~~[m[K
[01m[KD:/workcode/game/warden/Source/UI/CFrameStrata.h:14:25:[m[K [01;35m[Kwarning: [m[K'[01m[Koffsetof[m[K
' within non-standard-layout type '[01m[KCSimpleFrame[m[K' is conditionally-supported [[01;35m[K-Winvalid-offseto
f[m[K]
   14 |     STORM_EXPLICIT_LIST(CSimpleFrame, m_strataLink) frames;
[01m[KD:/workcode/game/warden/Source/UI/CFrameStrata.h:14:5:[m[K [01;36m[Knote: [m[Kin expansion of macro '[01
m[KSTORM_EXPLICIT_LIST[m[K'
   14 |     [01;36m[KSTORM_EXPLICIT_LIST[m[K(CSimpleFrame, m_strataLink) frames;
      |     [01;36m[K^~~~~~~~~~~~~~~~~~~[m[K
[01m[KD:/workcode/game/warden/Source/UI/CFrameStrata.h:18:25:[m[K [01;35m[Kwarning: [m[K'[01m[Koffsetof[m[K
' within non-standard-layout type '[01m[KCRenderBatch[m[K' is conditionally-supported [[01;35m[K-Winvalid-offseto
f[m[K]
   18 |     STORM_EXPLICIT_LIST(CRenderBatch, renderLink) renderList;
[01m[KD:/workcode/game/warden/Source/UI/CFrameStrata.h:18:5:[m[K [01;36m[Knote: [m[Kin expansion of macro '[01
m[KSTORM_EXPLICIT_LIST[m[K'
   18 |     [01;36m[KSTORM_EXPLICIT_LIST[m[K(CRenderBatch, renderLink) renderList;
      |     [01;36m[K^~~~~~~~~~~~~~~~~~~[m[K
[01m[KD:\workcode\game\warden\Source\UI\CSimpleTop.h:66:25:[m[K [01;35m[Kwarning: [m[K'[01m[Koffsetof[m[K' 
within non-standard-layout type '[01m[KCSimpleFrame[m[K' is conditionally-supported [[01;35m[K-Winvalid-offsetof
[m[K]
   66 |     STORM_EXPLICIT_LIST(CSimpleFrame, m_framesLink) m_frames;
[01m[KD:\workcode\game\warden\Source\UI\CSimpleTop.h:66:5:[m[K [01;36m[Knote: [m[Kin expansion of macro '[01m
[KSTORM_EXPLICIT_LIST[m[K'
   66 |     [01;36m[KSTORM_EXPLICIT_LIST[m[K(CSimpleFrame, m_framesLink) m_frames;
      |     [01;36m[K^~~~~~~~~~~~~~~~~~~[m[K
[01m[KD:\workcode\game\warden\Source\UI\CSimpleTop.h:67:25:[m[K [01;35m[Kwarning: [m[K'[01m[Koffsetof[m[K' 
within non-standard-layout type '[01m[KCSimpleFrame[m[K' is conditionally-supported [[01;35m[K-Winvalid-offsetof
[m[K]
   67 |     STORM_EXPLICIT_LIST(CSimpleFrame, m_destroyedLink) m_destroyed;
[01m[KD:\workcode\game\warden\Source\UI\CSimpleTop.h:67:5:[m[K [01;36m[Knote: [m[Kin expansion of macro '[01m
[KSTORM_EXPLICIT_LIST[m[K'
   67 |     [01;36m[KSTORM_EXPLICIT_LIST[m[K(CSimpleFrame, m_destroyedLink) m_destroyed;
      |     [01;36m[K^~~~~~~~~~~~~~~~~~~[m[K
[01m[KD:\workcode\game\warden\Source\UI\CSimpleEditBox.cpp:[m[K In member function '[01m[Kvirtual int32_t CSimple
EditBox::[01;32m[KOnLayerChar[m[K(const CCharEvent&)[m[K':
[01m[KD:\workcode\game\warden\Source\UI\CSimpleEditBox.cpp:780:22:[m[K [01;31m[Kerror: [m[K'[01m[Kconst class
 CCharEvent[m[K' has no member named '[01m[Kch[m[K'
  780 |     this->Insert(evt.[01;31m[Kch[m[K);
      |                      [01;31m[K^~[m[K
mingw32-make[3]: *** [CMakeFiles\warden.dir\build.make:5884: CMakeFiles/warden.dir/Source/UI/CSimpleEditBox.cpp.obj] Er
ror 1
[ 82%] Building CXX object CMakeFiles/warden.dir/Source/UI/CSimpleEditBoxScript.cpp.obj
In file included from [01m[KC:/Program Files/JetBrains/CLion 2026.2.1/bin/mingw/x86_64-w64-mingw32/include/stdint.h:3
2[m[K,
                 from [01m[KC:/Program Files/JetBrains/CLion 2026.2.1/bin/mingw/lib/gcc/x86_64-w64-mingw32/15.2.0/inc
lude/stdint.h:11[m[K,
                 from [01m[KC:/Program Files/JetBrains/CLion 2026.2.1/bin/mingw/lib/gcc/x86_64-w64-mingw32/15.2.0/inc
lude/c++/cstdint:47[m[K,
                 from [01m[KD:/workcode/game/warden/Source/UI/FrameScript.h:4[m[K,
                 from [01m[KD:/workcode/game/warden/Source/UI/CSimpleEditBoxScript.h:3[m[K,
                 from [01m[KD:\workcode\game\warden\Source\UI\CSimpleEditBoxScript.cpp:1[m[K:
[01m[KD:/workcode/game/warden/Source/UI/CLayoutFrame.h:143:32:[m[K [01;35m[Kwarning: [m[K'[01m[Koffsetof[m[
K' within non-standard-layout type '[01m[KCLayoutFrame[m[K' is conditionally-supported [[01;35m[K-Winvalid-offset
of[m[K]
  143 |     extern STORM_EXPLICIT_LIST(CLayoutFrame, resizeLink) s_resizePendingList;
[01m[KD:/workcode/game/warden/Source/UI/CLayoutFrame.h:143:12:[m[K [01;36m[Knote: [m[Kin expansion of macro '[
01m[KSTORM_EXPLICIT_LIST[m[K'
  143 |     extern [01;36m[KSTORM_EXPLICIT_LIST[m[K(CLayoutFrame, resizeLink) s_resizePendingList;
      |            [01;36m[K^~~~~~~~~~~~~~~~~~~[m[K
[01m[KD:/workcode/game/warden/Source/UI/CSimpleFrame.h:74:25:[m[K [01;35m[Kwarning: [m[K'[01m[Koffsetof[m[K
' within non-standard-layout type '[01m[KCSimpleRegion[m[K' is conditionally-supported [[01;35m[K-Winvalid-offset
of[m[K]
   74 |     STORM_EXPLICIT_LIST(CSimpleRegion, m_regionLink) m_regions;
[01m[KD:/workcode/game/warden/Source/UI/CSimpleFrame.h:74:5:[m[K [01;36m[Knote: [m[Kin expansion of macro '[01
m[KSTORM_EXPLICIT_LIST[m[K'
   74 |     [01;36m[KSTORM_EXPLICIT_LIST[m[K(CSimpleRegion, m_regionLink) m_regions;
      |     [01;36m[K^~~~~~~~~~~~~~~~~~~[m[K
[01m[KD:/workcode/game/warden/Source/UI/CSimpleFrame.h:75:25:[m[K [01;35m[Kwarning: [m[K'[01m[Koffsetof[m[K
' within non-standard-layout type '[01m[KCSimpleRegion[m[K' is conditionally-supported [[01;35m[K-Winvalid-offset
of[m[K]
   75 |     STORM_EXPLICIT_LIST(CSimpleRegion, m_layerLink) m_drawlayers[NUM_SIMPLEFRAME_DRAWLAYERS];
[01m[KD:/workcode/game/warden/Source/UI/CSimpleFrame.h:75:5:[m[K [01;36m[Knote: [m[Kin expansion of macro '[01
m[KSTORM_EXPLICIT_LIST[m[K'
   75 |     [01;36m[KSTORM_EXPLICIT_LIST[m[K(CSimpleRegion, m_layerLink) m_drawlayers[NUM_SIMPLEFRAME_DRAWLAYERS];
      |     [01;36m[K^~~~~~~~~~~~~~~~~~~[m[K
[01m[KD:/workcode/game/warden/Source/UI/CSimpleFrame.h:78:25:[m[K [01;35m[Kwarning: [m[K'[01m[Koffsetof[m[K
' within non-standard-layout type '[01m[KCRenderBatch[m[K' is conditionally-supported [[01;35m[K-Winvalid-offseto
f[m[K]
   78 |     STORM_EXPLICIT_LIST(CRenderBatch, renderLink) m_renderList;
[01m[KD:/workcode/game/warden/Source/UI/CSimpleFrame.h:78:5:[m[K [01;36m[Knote: [m[Kin expansion of macro '[01
m[KSTORM_EXPLICIT_LIST[m[K'
   78 |     [01;36m[KSTORM_EXPLICIT_LIST[m[K(CRenderBatch, renderLink) m_renderList;
      |     [01;36m[K^~~~~~~~~~~~~~~~~~~[m[K
[ 82%] Building CXX object CMakeFiles/warden.dir/Source/UI/CSimpleFont.cpp.obj
In file included from [01m[KC:/Program Files/JetBrains/CLion 2026.2.1/bin/mingw/x86_64-w64-mingw32/include/stdint.h:3
2[m[K,
                 from [01m[KC:/Program Files/JetBrains/CLion 2026.2.1/bin/mingw/lib/gcc/x86_64-w64-mingw32/15.2.0/inc
lude/stdint.h:11[m[K,
                 from [01m[KC:/Program Files/JetBrains/CLion 2026.2.1/bin/mingw/lib/gcc/x86_64-w64-mingw32/15.2.0/inc
lude/c++/cstdint:47[m[K,
                 from [01m[KD:/workcode/game/warden/Source/UI/Types.h:3[m[K,
                 from [01m[KD:\workcode\game\warden\Source\UI\CSimpleFontable.h:3[m[K,
                 from [01m[KD:\workcode\game\warden\Source\UI\CSimpleFont.h:3[m[K,
                 from [01m[KD:\workcode\game\warden\Source\UI\CSimpleFont.cpp:1[m[K:
[01m[KD:\workcode\game\warden\Source\UI\CSimpleFont.h:41:25:[m[K [01;35m[Kwarning: [m[K'[01m[Koffsetof[m[K'
 within non-standard-layout type '[01m[KCSimpleFontable[m[K' is conditionally-supported [[01;35m[K-Winvalid-offse
tof[m[K]
   41 |     STORM_EXPLICIT_LIST(CSimpleFontable, m_fontableLink) m_fontableList;
[01m[KD:\workcode\game\warden\Source\UI\CSimpleFont.h:41:5:[m[K [01;36m[Knote: [m[Kin expansion of macro '[01m
[KSTORM_EXPLICIT_LIST[m[K'
   41 |     [01;36m[KSTORM_EXPLICIT_LIST[m[K(CSimpleFontable, m_fontableLink) m_fontableList;
      |     [01;36m[K^~~~~~~~~~~~~~~~~~~[m[K
D:/workcode/game/warden/Source/Engine/Source/Common/TSHashTable.h: In instantiation of '[01m[Kclass TSHashTable<SIMPL
EFONT, HASHKEY_STRI>[m[K':
[01m[KD:\workcode\game\warden\Source\UI\CSimpleFont.cpp:11:52:[m[K   required from here
   11 | TSHashTable<SIMPLEFONT, HASHKEY_STRI> CSimpleFont::[01;36m[Ks_fontList[m[K;
      |                                                    [01;36m[K^~~~~~~~~~[m[K
[01m[KD:/workcode/game/warden/Source/Engine/Source/Common/TSHashTable.h:41:25:[m[K [01;35m[Kwarning: [m[K'[01m
[Koffsetof[m[K' within non-standard-layout type '[01m[KSIMPLEFONT[m[K' is conditionally-supported [[01;35m[K-W
invalid-offsetof[m[K]
   41 |     STORM_EXPLICIT_LIST(T, m_linktofull) m_fulllist;
[01m[KD:/workcode/game/warden/Source/Engine/Source/Common/TSHashTable.h:41:5:[m[K [01;36m[Knote: [m[Kin expansi
on of macro '[01m[KSTORM_EXPLICIT_LIST[m[K'
   41 |     [01;36m[KSTORM_EXPLICIT_LIST[m[K(T, m_linktofull) m_fulllist;
      |     [01;36m[K^~~~~~~~~~~~~~~~~~~[m[K
[01m[KD:/workcode/game/warden/Source/Engine/Source/Common/TSHashTable.h:49:41:[m[K [01;35m[Kwarning: [m[K'[01m
[Koffsetof[m[K' within non-standard-layout type '[01m[KSIMPLEFONT[m[K' is conditionally-supported [[01;35m[K-W
invalid-offsetof[m[K]
   49 |     TSGrowableArray<STORM_EXPLICIT_LIST(T, m_linktoslot) > m_slotlistarray;
[01m[KD:/workcode/game/warden/Source/Engine/Source/Common/TSHashTable.h:49:21:[m[K [01;36m[Knote: [m[Kin expans
ion of macro '[01m[KSTORM_EXPLICIT_LIST[m[K'
   49 |     TSGrowableArray<[01;36m[KSTORM_EXPLICIT_LIST[m[K(T, m_linktoslot) > m_slotlistarray;
      |                     [01;36m[K^~~~~~~~~~~~~~~~~~~[m[K
[01m[KD:/workcode/game/warden/Source/Engine/Source/Common/TSHashTable.h:49:41:[m[K [01;35m[Kwarning: [m[K'[01m
[Koffsetof[m[K' within non-standard-layout type '[01m[KSIMPLEFONT[m[K' is conditionally-supported [[01;35m[K-W
invalid-offsetof[m[K]
   49 |     TSGrowableArray<STORM_EXPLICIT_LIST(T, m_linktoslot) > m_slotlistarray;
[01m[KD:/workcode/game/warden/Source/Engine/Source/Common/TSHashTable.h:49:21:[m[K [01;36m[Knote: [m[Kin expans
ion of macro '[01m[KSTORM_EXPLICIT_LIST[m[K'
   49 |     TSGrowableArray<[01;36m[KSTORM_EXPLICIT_LIST[m[K(T, m_linktoslot) > m_slotlistarray;
      |                     [01;36m[K^~~~~~~~~~~~~~~~~~~[m[K
[01m[KD:/workcode/game/warden/Source/Engine/Source/Common/TSHashTable.h:49:41:[m[K [01;35m[Kwarning: [m[K'[01m
[Koffsetof[m[K' within non-standard-layout type '[01m[KSIMPLEFONT[m[K' is conditionally-supported [[01;35m[K-W
invalid-offsetof[m[K]
   49 |     TSGrowableArray<STORM_EXPLICIT_LIST(T, m_linktoslot) > m_slotlistarray;
[01m[KD:/workcode/game/warden/Source/Engine/Source/Common/TSHashTable.h:49:21:[m[K [01;36m[Knote: [m[Kin expans
ion of macro '[01m[KSTORM_EXPLICIT_LIST[m[K'
   49 |     TSGrowableArray<[01;36m[KSTORM_EXPLICIT_LIST[m[K(T, m_linktoslot) > m_slotlistarray;
      |                     [01;36m[K^~~~~~~~~~~~~~~~~~~[m[K
D:/workcode/game/warden/Source/Engine/Source/Common/TSHashTable.h: In instantiation of '[01m[KT* TSHashTable<T, TKey>
::[01;32m[KInternalNewNode[m[K(uint32_t, size_t, uint32_t) [35m[K[with T = SIMPLEFONT; TKey = HASHKEY_STRI; uint3
2_t = unsigned int; size_t = long long unsigned int][m[K[m[K':
[01m[KD:/workcode/game/warden/Source/Engine/Source/Common/TSHashTable.h:221:20:[m[K   required from '[01m[KT* TSH
ashTable<T, TKey>::[01;32m[KNew[m[K(uint32_t, const char*, size_t, uint32_t) [35m[K[with T = SIMPLEFONT; TKey = H
ASHKEY_STRI; uint32_t = unsigned int; size_t = long long unsigned int][m[K[m[K'
  221 |     T *ptr = [01;36m[Kthis->InternalNewNode[m[K(hashval, extrabytes, flags);
      |              [01;36m[K~~~~~~^~~~~~~~~~~~~~~[m[K
[01m[KD:/workcode/game/warden/Source/Engine/Source/Common/TSHashTable.h:216:21:[m[K   required from '[01m[KT* TSH
ashTable<T, TKey>::[01;32m[KNew[m[K(const char*, size_t, uint32_t) [35m[K[with T = SIMPLEFONT; TKey = HASHKEY_STR
I; size_t = long long unsigned int; uint32_t = unsigned int][m[K[m[K'
  216 |     return [01;36m[Kthis->New(hashval, str, extrabytes, flags)[m[K;
      |            [01;36m[K~~~~~~~~~^~~~~~~~~~~~~~~~~~~~~~~~~~~~~~~~~[m[K
[01m[KD:\workcode\game\warden\Source\UI\CSimpleFont.cpp:37:41:[m[K   required from here
   37 |     hashed = [01;36m[KCSimpleFont::s_fontList.New(name, 0, 0)[m[K;
      |              [01;36m[K~~~~~~~~~~~~~~~~~~~~~~~~~~~^~~~~~~~~~~~[m[K
[01m[KD:/workcode/game/warden/Source/Engine/Source/Common/TSHashTable.h:49:41:[m[K [01;35m[Kwarning: [m[K'[01m
[Koffsetof[m[K' within non-standard-layout type '[01m[KSIMPLEFONT[m[K' is conditionally-supported [[01;35m[K-W
invalid-offsetof[m[K]
   49 |     TSGrowableArray<STORM_EXPLICIT_LIST(T, m_linktoslot) > m_slotlistarray;
[01m[KD:/workcode/game/warden/Source/Engine/Source/Common/TSHashTable.h:49:21:[m[K [01;36m[Knote: [m[Kin expans
ion of macro '[01m[KSTORM_EXPLICIT_LIST[m[K'
   49 |     TSGrowableArray<[01;36m[KSTORM_EXPLICIT_LIST[m[K(T, m_linktoslot) > m_slotlistarray;
      |                     [01;36m[K^~~~~~~~~~~~~~~~~~~[m[K
D:/workcode/game/warden/Source/Engine/Source/Common/TSHashTable.h: In instantiation of '[01m[Kvoid TSHashTable<T, TKe
y>::[01;32m[KInitialize[m[K() [35m[K[with T = SIMPLEFONT; TKey = HASHKEY_STRI][m[K[m[K':
[01m[KD:/workcode/game/warden/Source/Engine/Source/Common/TSHashTable.h:190:15:[m[K   required from '[01m[KT* TSH
ashTable<T, TKey>::[01;32m[KInternalNewNode[m[K(uint32_t, size_t, uint32_t) [35m[K[with T = SIMPLEFONT; TKey = HA
SHKEY_STRI; uint32_t = unsigned int; size_t = long long unsigned int][m[K[m[K'
  190 |         [01;36m[Kthis->Initialize[m[K();
      |         [01;36m[K~~~~~~^~~~~~~~~~[m[K
[01m[KD:/workcode/game/warden/Source/Engine/Source/Common/TSHashTable.h:221:20:[m[K   required from '[01m[KT* TSH
ashTable<T, TKey>::[01;32m[KNew[m[K(uint32_t, const char*, size_t, uint32_t) [35m[K[with T = SIMPLEFONT; TKey = H
ASHKEY_STRI; uint32_t = unsigned int; size_t = long long unsigned int][m[K[m[K'
  221 |     T *ptr = [01;36m[Kthis->InternalNewNode[m[K(hashval, extrabytes, flags);
      |              [01;36m[K~~~~~~^~~~~~~~~~~~~~~[m[K
[01m[KD:/workcode/game/warden/Source/Engine/Source/Common/TSHashTable.h:216:21:[m[K   required from '[01m[KT* TSH
ashTable<T, TKey>::[01;32m[KNew[m[K(const char*, size_t, uint32_t) [35m[K[with T = SIMPLEFONT; TKey = HASHKEY_STR
I; size_t = long long unsigned int; uint32_t = unsigned int][m[K[m[K'
  216 |     return [01;36m[Kthis->New(hashval, str, extrabytes, flags)[m[K;
      |            [01;36m[K~~~~~~~~~^~~~~~~~~~~~~~~~~~~~~~~~~~~~~~~~~[m[K
[01m[KD:\workcode\game\warden\Source\UI\CSimpleFont.cpp:37:41:[m[K   required from here
   37 |     hashed = [01;36m[KCSimpleFont::s_fontList.New(name, 0, 0)[m[K;
      |              [01;36m[K~~~~~~~~~~~~~~~~~~~~~~~~~~~^~~~~~~~~~~~[m[K
[01m[KD:/workcode/game/warden/Source/Engine/Source/Common/TSHashTable.h:49:41:[m[K [01;35m[Kwarning: [m[K'[01m
[Koffsetof[m[K' within non-standard-layout type '[01m[KSIMPLEFONT[m[K' is conditionally-supported [[01;35m[K-W
invalid-offsetof[m[K]
   49 |     TSGrowableArray<STORM_EXPLICIT_LIST(T, m_linktoslot) > m_slotlistarray;
[01m[KD:/workcode/game/warden/Source/Engine/Source/Common/TSHashTable.h:49:21:[m[K [01;36m[Knote: [m[Kin expans
ion of macro '[01m[KSTORM_EXPLICIT_LIST[m[K'
   49 |     TSGrowableArray<[01;36m[KSTORM_EXPLICIT_LIST[m[K(T, m_linktoslot) > m_slotlistarray;
      |                     [01;36m[K^~~~~~~~~~~~~~~~~~~[m[K
D:/workcode/game/warden/Source/Engine/Source/Common/TSHashTable.h: In instantiation of '[01m[KT* TSHashTable<T, TKey>
::[01;32m[KInternalNew[m[K(TSExplicitList<T, offsetof(T, m_linktoslot)>*, size_t, uint32_t) [35m[K[with T = SIMPL
EFONT; TKey = HASHKEY_STRI; size_t = long long unsigned int; uint32_t = unsigned int][m[K[m[K':
[01m[KD:/workcode/game/warden/Source/Engine/Source/Common/TSHashTable.h:200:19:[m[K   required from '[01m[KT* TSH
ashTable<T, TKey>::[01;32m[KInternalNewNode[m[K(uint32_t, size_t, uint32_t) [35m[K[with T = SIMPLEFONT; TKey = HA
SHKEY_STRI; uint32_t = unsigned int; size_t = long long unsigned int][m[K[m[K'
  200 |     T *v8 = [01;36m[Kthis->InternalNew[m[K(v7, extrabytes, flags);
      |             [01;36m[K~~~~~~^~~~~~~~~~~[m[K
[01m[KD:/workcode/game/warden/Source/Engine/Source/Common/TSHashTable.h:221:20:[m[K   required from '[01m[KT* TSH
ashTable<T, TKey>::[01;32m[KNew[m[K(uint32_t, const char*, size_t, uint32_t) [35m[K[with T = SIMPLEFONT; TKey = H
ASHKEY_STRI; uint32_t = unsigned int; size_t = long long unsigned int][m[K[m[K'
  221 |     T *ptr = [01;36m[Kthis->InternalNewNode[m[K(hashval, extrabytes, flags);
      |              [01;36m[K~~~~~~^~~~~~~~~~~~~~~[m[K
[01m[KD:/workcode/game/warden/Source/Engine/Source/Common/TSHashTable.h:216:21:[m[K   required from '[01m[KT* TSH
ashTable<T, TKey>::[01;32m[KNew[m[K(const char*, size_t, uint32_t) [35m[K[with T = SIMPLEFONT; TKey = HASHKEY_STR
I; size_t = long long unsigned int; uint32_t = unsigned int][m[K[m[K'
  216 |     return [01;36m[Kthis->New(hashval, str, extrabytes, flags)[m[K;
      |            [01;36m[K~~~~~~~~~^~~~~~~~~~~~~~~~~~~~~~~~~~~~~~~~~[m[K
[01m[KD:\workcode\game\warden\Source\UI\CSimpleFont.cpp:37:41:[m[K   required from here
   37 |     hashed = [01;36m[KCSimpleFont::s_fontList.New(name, 0, 0)[m[K;
      |              [01;36m[K~~~~~~~~~~~~~~~~~~~~~~~~~~~^~~~~~~~~~~~[m[K
[01m[KD:/workcode/game/warden/Source/Engine/Source/Common/TSHashTable.h:49:41:[m[K [01;35m[Kwarning: [m[K'[01m
[Koffsetof[m[K' within non-standard-layout type '[01m[KSIMPLEFONT[m[K' is conditionally-supported [[01;35m[K-W
invalid-offsetof[m[K]
   49 |     TSGrowableArray<STORM_EXPLICIT_LIST(T, m_linktoslot) > m_slotlistarray;
[01m[KD:/workcode/game/warden/Source/Engine/Source/Common/TSHashTable.h:49:21:[m[K [01;36m[Knote: [m[Kin expans
ion of macro '[01m[KSTORM_EXPLICIT_LIST[m[K'
   49 |     TSGrowableArray<[01;36m[KSTORM_EXPLICIT_LIST[m[K(T, m_linktoslot) > m_slotlistarray;
      |                     [01;36m[K^~~~~~~~~~~~~~~~~~~[m[K
D:/workcode/game/warden/Source/Engine/Source/Common/TSHashTable.h: In instantiation of '[01m[Kint32_t TSHashTable<T, 
TKey>::[01;32m[KGetLinkOffset[m[K() [35m[K[with T = SIMPLEFONT; TKey = HASHKEY_STRI; int32_t = int][m[K[m[K':
[01m[KD:/workcode/game/warden/Source/Engine/Source/Common/TSHashTable.h:117:29:[m[K   required from '[01m[Kvoid T
SHashTable<T, TKey>::[01;32m[KInitialize[m[K() [35m[K[with T = SIMPLEFONT; TKey = HASHKEY_STRI][m[K[m[K'
  117 |     int32_t linkOfs = [01;36m[Kthis->GetLinkOffset[m[K();
      |                       [01;36m[K~~~~~~^~~~~~~~~~~~~[m[K
[01m[KD:/workcode/game/warden/Source/Engine/Source/Common/TSHashTable.h:190:15:[m[K   required from '[01m[KT* TSH
ashTable<T, TKey>::[01;32m[KInternalNewNode[m[K(uint32_t, size_t, uint32_t) [35m[K[with T = SIMPLEFONT; TKey = HA
SHKEY_STRI; uint32_t = unsigned int; size_t = long long unsigned int][m[K[m[K'
  190 |         [01;36m[Kthis->Initialize[m[K();
      |         [01;36m[K~~~~~~^~~~~~~~~~[m[K
[01m[KD:/workcode/game/warden/Source/Engine/Source/Common/TSHashTable.h:221:20:[m[K   required from '[01m[KT* TSH
ashTable<T, TKey>::[01;32m[KNew[m[K(uint32_t, const char*, size_t, uint32_t) [35m[K[with T = SIMPLEFONT; TKey = H
ASHKEY_STRI; uint32_t = unsigned int; size_t = long long unsigned int][m[K[m[K'
  221 |     T *ptr = [01;36m[Kthis->InternalNewNode[m[K(hashval, extrabytes, flags);
      |              [01;36m[K~~~~~~^~~~~~~~~~~~~~~[m[K
[01m[KD:/workcode/game/warden/Source/Engine/Source/Common/TSHashTable.h:216:21:[m[K   required from '[01m[KT* TSH
ashTable<T, TKey>::[01;32m[KNew[m[K(const char*, size_t, uint32_t) [35m[K[with T = SIMPLEFONT; TKey = HASHKEY_STR
I; size_t = long long unsigned int; uint32_t = unsigned int][m[K[m[K'
  216 |     return [01;36m[Kthis->New(hashval, str, extrabytes, flags)[m[K;
      |            [01;36m[K~~~~~~~~~^~~~~~~~~~~~~~~~~~~~~~~~~~~~~~~~~[m[K
[01m[KD:\workcode\game\warden\Source\UI\CSimpleFont.cpp:37:41:[m[K   required from here
   37 |     hashed = [01;36m[KCSimpleFont::s_fontList.New(name, 0, 0)[m[K;
      |              [01;36m[K~~~~~~~~~~~~~~~~~~~~~~~~~~~^~~~~~~~~~~~[m[K
[01m[KD:/workcode/game/warden/Source/Engine/Source/Common/TSHashTable.h:104:26:[m[K [01;35m[Kwarning: [m[K'[01
m[Koffsetof[m[K' within non-standard-layout type '[01m[KSIMPLEFONT[m[K' is conditionally-supported [[01;35m[K-
Winvalid-offsetof[m[K]
  104 |     return STRUCT_OFFSET(T, m_linktoslot);
[01m[KD:/workcode/game/warden/Source/Engine/Source/Common/TSHashTable.h:104:12:[m[K [01;36m[Knote: [m[Kin expan
sion of macro '[01m[KSTRUCT_OFFSET[m[K'
  104 |     return [01;36m[KSTRUCT_OFFSET[m[K(T, m_linktoslot);
      |            [01;36m[K^~~~~~~~~~~~~[m[K
[ 82%] Building CXX object CMakeFiles/warden.dir/Source/UI/CSimpleFontScript.cpp.obj
[ 82%] Building CXX object CMakeFiles/warden.dir/Source/UI/CSimpleFontString.cpp.obj
In file included from [01m[KC:/Program Files/JetBrains/CLion 2026.2.1/bin/mingw/x86_64-w64-mingw32/include/stdint.h:3
2[m[K,
                 from [01m[KC:/Program Files/JetBrains/CLion 2026.2.1/bin/mingw/lib/gcc/x86_64-w64-mingw32/15.2.0/inc
lude/stdint.h:11[m[K,
                 from [01m[KC:/Program Files/JetBrains/CLion 2026.2.1/bin/mingw/lib/gcc/x86_64-w64-mingw32/15.2.0/inc
lude/c++/cstdint:47[m[K,
                 from [01m[KD:/workcode/game/warden/Source/Engine/Source/Gx/Font.h:3[m[K,
                 from [01m[KD:/workcode/game/warden/Source/UI/CSimpleFontString.h:3[m[K,
                 from [01m[KD:\workcode\game\warden\Source\UI\CSimpleFontString.cpp:1[m[K:
[01m[KD:/workcode/game/warden/Source/UI/CLayoutFrame.h:143:32:[m[K [01;35m[Kwarning: [m[K'[01m[Koffsetof[m[
K' within non-standard-layout type '[01m[KCLayoutFrame[m[K' is conditionally-supported [[01;35m[K-Winvalid-offset
of[m[K]
  143 |     extern STORM_EXPLICIT_LIST(CLayoutFrame, resizeLink) s_resizePendingList;
[01m[KD:/workcode/game/warden/Source/UI/CLayoutFrame.h:143:12:[m[K [01;36m[Knote: [m[Kin expansion of macro '[
01m[KSTORM_EXPLICIT_LIST[m[K'
  143 |     extern [01;36m[KSTORM_EXPLICIT_LIST[m[K(CLayoutFrame, resizeLink) s_resizePendingList;
      |            [01;36m[K^~~~~~~~~~~~~~~~~~~[m[K
[01m[KD:/workcode/game/warden/Source/UI/CSimpleFont.h:41:25:[m[K [01;35m[Kwarning: [m[K'[01m[Koffsetof[m[K'
 within non-standard-layout type '[01m[KCSimpleFontable[m[K' is conditionally-supported [[01;35m[K-Winvalid-offse
tof[m[K]
   41 |     STORM_EXPLICIT_LIST(CSimpleFontable, m_fontableLink) m_fontableList;
[01m[KD:/workcode/game/warden/Source/UI/CSimpleFont.h:41:5:[m[K [01;36m[Knote: [m[Kin expansion of macro '[01m
[KSTORM_EXPLICIT_LIST[m[K'
   41 |     [01;36m[KSTORM_EXPLICIT_LIST[m[K(CSimpleFontable, m_fontableLink) m_fontableList;
      |     [01;36m[K^~~~~~~~~~~~~~~~~~~[m[K
[01m[KD:/workcode/game/warden/Source/UI/CSimpleFrame.h:74:25:[m[K [01;35m[Kwarning: [m[K'[01m[Koffsetof[m[K
' within non-standard-layout type '[01m[KCSimpleRegion[m[K' is conditionally-supported [[01;35m[K-Winvalid-offset
of[m[K]
   74 |     STORM_EXPLICIT_LIST(CSimpleRegion, m_regionLink) m_regions;
[01m[KD:/workcode/game/warden/Source/UI/CSimpleFrame.h:74:5:[m[K [01;36m[Knote: [m[Kin expansion of macro '[01
m[KSTORM_EXPLICIT_LIST[m[K'
   74 |     [01;36m[KSTORM_EXPLICIT_LIST[m[K(CSimpleRegion, m_regionLink) m_regions;
      |     [01;36m[K^~~~~~~~~~~~~~~~~~~[m[K
[01m[KD:/workcode/game/warden/Source/UI/CSimpleFrame.h:75:25:[m[K [01;35m[Kwarning: [m[K'[01m[Koffsetof[m[K
' within non-standard-layout type '[01m[KCSimpleRegion[m[K' is conditionally-supported [[01;35m[K-Winvalid-offset
of[m[K]
   75 |     STORM_EXPLICIT_LIST(CSimpleRegion, m_layerLink) m_drawlayers[NUM_SIMPLEFRAME_DRAWLAYERS];
[01m[KD:/workcode/game/warden/Source/UI/CSimpleFrame.h:75:5:[m[K [01;36m[Knote: [m[Kin expansion of macro '[01
m[KSTORM_EXPLICIT_LIST[m[K'
   75 |     [01;36m[KSTORM_EXPLICIT_LIST[m[K(CSimpleRegion, m_layerLink) m_drawlayers[NUM_SIMPLEFRAME_DRAWLAYERS];
      |     [01;36m[K^~~~~~~~~~~~~~~~~~~[m[K
[01m[KD:/workcode/game/warden/Source/UI/CSimpleFrame.h:78:25:[m[K [01;35m[Kwarning: [m[K'[01m[Koffsetof[m[K
' within non-standard-layout type '[01m[KCRenderBatch[m[K' is conditionally-supported [[01;35m[K-Winvalid-offseto
f[m[K]
   78 |     STORM_EXPLICIT_LIST(CRenderBatch, renderLink) m_renderList;
[01m[KD:/workcode/game/warden/Source/UI/CSimpleFrame.h:78:5:[m[K [01;36m[Knote: [m[Kin expansion of macro '[01
m[KSTORM_EXPLICIT_LIST[m[K'
   78 |     [01;36m[KSTORM_EXPLICIT_LIST[m[K(CRenderBatch, renderLink) m_renderList;
      |     [01;36m[K^~~~~~~~~~~~~~~~~~~[m[K
[01m[KD:/workcode/game/warden/Source/UI/CFrameStrata.h:13:25:[m[K [01;35m[Kwarning: [m[K'[01m[Koffsetof[m[K
' within non-standard-layout type '[01m[KCSimpleFrame[m[K' is conditionally-supported [[01;35m[K-Winvalid-offseto
f[m[K]
   13 |     STORM_EXPLICIT_LIST(CSimpleFrame, m_strataLink) pendingFrames;
[01m[KD:/workcode/game/warden/Source/UI/CFrameStrata.h:13:5:[m[K [01;36m[Knote: [m[Kin expansion of macro '[01
m[KSTORM_EXPLICIT_LIST[m[K'
   13 |     [01;36m[KSTORM_EXPLICIT_LIST[m[K(CSimpleFrame, m_strataLink) pendingFrames;
      |     [01;36m[K^~~~~~~~~~~~~~~~~~~[m[K
[01m[KD:/workcode/game/warden/Source/UI/CFrameStrata.h:14:25:[m[K [01;35m[Kwarning: [m[K'[01m[Koffsetof[m[K
' within non-standard-layout type '[01m[KCSimpleFrame[m[K' is conditionally-supported [[01;35m[K-Winvalid-offseto
f[m[K]
   14 |     STORM_EXPLICIT_LIST(CSimpleFrame, m_strataLink) frames;
[01m[KD:/workcode/game/warden/Source/UI/CFrameStrata.h:14:5:[m[K [01;36m[Knote: [m[Kin expansion of macro '[01
m[KSTORM_EXPLICIT_LIST[m[K'
   14 |     [01;36m[KSTORM_EXPLICIT_LIST[m[K(CSimpleFrame, m_strataLink) frames;
      |     [01;36m[K^~~~~~~~~~~~~~~~~~~[m[K
[01m[KD:/workcode/game/warden/Source/UI/CFrameStrata.h:18:25:[m[K [01;35m[Kwarning: [m[K'[01m[Koffsetof[m[K
' within non-standard-layout type '[01m[KCRenderBatch[m[K' is conditionally-supported [[01;35m[K-Winvalid-offseto
f[m[K]
   18 |     STORM_EXPLICIT_LIST(CRenderBatch, renderLink) renderList;
[01m[KD:/workcode/game/warden/Source/UI/CFrameStrata.h:18:5:[m[K [01;36m[Knote: [m[Kin expansion of macro '[01
m[KSTORM_EXPLICIT_LIST[m[K'
   18 |     [01;36m[KSTORM_EXPLICIT_LIST[m[K(CRenderBatch, renderLink) renderList;
      |     [01;36m[K^~~~~~~~~~~~~~~~~~~[m[K
[01m[KD:/workcode/game/warden/Source/UI/CSimpleTop.h:66:25:[m[K [01;35m[Kwarning: [m[K'[01m[Koffsetof[m[K' 
within non-standard-layout type '[01m[KCSimpleFrame[m[K' is conditionally-supported [[01;35m[K-Winvalid-offsetof
[m[K]
   66 |     STORM_EXPLICIT_LIST(CSimpleFrame, m_framesLink) m_frames;
[01m[KD:/workcode/game/warden/Source/UI/CSimpleTop.h:66:5:[m[K [01;36m[Knote: [m[Kin expansion of macro '[01m
[KSTORM_EXPLICIT_LIST[m[K'
   66 |     [01;36m[KSTORM_EXPLICIT_LIST[m[K(CSimpleFrame, m_framesLink) m_frames;
      |     [01;36m[K^~~~~~~~~~~~~~~~~~~[m[K
[01m[KD:/workcode/game/warden/Source/UI/CSimpleTop.h:67:25:[m[K [01;35m[Kwarning: [m[K'[01m[Koffsetof[m[K' 
within non-standard-layout type '[01m[KCSimpleFrame[m[K' is conditionally-supported [[01;35m[K-Winvalid-offsetof
[m[K]
   67 |     STORM_EXPLICIT_LIST(CSimpleFrame, m_destroyedLink) m_destroyed;
[01m[KD:/workcode/game/warden/Source/UI/CSimpleTop.h:67:5:[m[K [01;36m[Knote: [m[Kin expansion of macro '[01m
[KSTORM_EXPLICIT_LIST[m[K'
   67 |     [01;36m[KSTORM_EXPLICIT_LIST[m[K(CSimpleFrame, m_destroyedLink) m_destroyed;
      |     [01;36m[K^~~~~~~~~~~~~~~~~~~[m[K
[ 82%] Building CXX object CMakeFiles/warden.dir/Source/UI/CSimpleFontStringAttributes.cpp.obj
In file included from [01m[KC:/Program Files/JetBrains/CLion 2026.2.1/bin/mingw/x86_64-w64-mingw32/include/stdint.h:3
2[m[K,
                 from [01m[KC:/Program Files/JetBrains/CLion 2026.2.1/bin/mingw/lib/gcc/x86_64-w64-mingw32/15.2.0/inc
lude/stdint.h:11[m[K,
                 from [01m[KC:/Program Files/JetBrains/CLion 2026.2.1/bin/mingw/lib/gcc/x86_64-w64-mingw32/15.2.0/inc
lude/c++/cstdint:47[m[K,
                 from [01m[KD:/workcode/game/warden/Source/UI/CSimpleFontStringAttributes.h:3[m[K,
                 from [01m[KD:\workcode\game\warden\Source\UI\CSimpleFontStringAttributes.cpp:1[m[K:
[01m[KD:/workcode/game/warden/Source/UI/CLayoutFrame.h:143:32:[m[K [01;35m[Kwarning: [m[K'[01m[Koffsetof[m[
K' within non-standard-layout type '[01m[KCLayoutFrame[m[K' is conditionally-supported [[01;35m[K-Winvalid-offset
of[m[K]
  143 |     extern STORM_EXPLICIT_LIST(CLayoutFrame, resizeLink) s_resizePendingList;
[01m[KD:/workcode/game/warden/Source/UI/CLayoutFrame.h:143:12:[m[K [01;36m[Knote: [m[Kin expansion of macro '[
01m[KSTORM_EXPLICIT_LIST[m[K'
  143 |     extern [01;36m[KSTORM_EXPLICIT_LIST[m[K(CLayoutFrame, resizeLink) s_resizePendingList;
      |            [01;36m[K^~~~~~~~~~~~~~~~~~~[m[K
[ 82%] Building CXX object CMakeFiles/warden.dir/Source/UI/CSimpleFontStringScript.cpp.obj
In file included from [01m[KC:/Program Files/JetBrains/CLion 2026.2.1/bin/mingw/x86_64-w64-mingw32/include/stdint.h:3
2[m[K,
                 from [01m[KC:/Program Files/JetBrains/CLion 2026.2.1/bin/mingw/lib/gcc/x86_64-w64-mingw32/15.2.0/inc
lude/stdint.h:11[m[K,
                 from [01m[KC:/Program Files/JetBrains/CLion 2026.2.1/bin/mingw/lib/gcc/x86_64-w64-mingw32/15.2.0/inc
lude/c++/cstdint:47[m[K,
                 from [01m[KD:/workcode/game/warden/Source/UI/FrameScript.h:4[m[K,
                 from [01m[KD:/workcode/game/warden/Source/UI/CSimpleFontStringScript.h:3[m[K,
                 from [01m[KD:\workcode\game\warden\Source\UI\CSimpleFontStringScript.cpp:1[m[K:
[01m[KD:/workcode/game/warden/Source/UI/CSimpleFont.h:41:25:[m[K [01;35m[Kwarning: [m[K'[01m[Koffsetof[m[K'
 within non-standard-layout type '[01m[KCSimpleFontable[m[K' is conditionally-supported [[01;35m[K-Winvalid-offse
tof[m[K]
   41 |     STORM_EXPLICIT_LIST(CSimpleFontable, m_fontableLink) m_fontableList;
[01m[KD:/workcode/game/warden/Source/UI/CSimpleFont.h:41:5:[m[K [01;36m[Knote: [m[Kin expansion of macro '[01m
[KSTORM_EXPLICIT_LIST[m[K'
   41 |     [01;36m[KSTORM_EXPLICIT_LIST[m[K(CSimpleFontable, m_fontableLink) m_fontableList;
      |     [01;36m[K^~~~~~~~~~~~~~~~~~~[m[K
[01m[KD:/workcode/game/warden/Source/UI/CLayoutFrame.h:143:32:[m[K [01;35m[Kwarning: [m[K'[01m[Koffsetof[m[
K' within non-standard-layout type '[01m[KCLayoutFrame[m[K' is conditionally-supported [[01;35m[K-Winvalid-offset
of[m[K]
  143 |     extern STORM_EXPLICIT_LIST(CLayoutFrame, resizeLink) s_resizePendingList;
[01m[KD:/workcode/game/warden/Source/UI/CLayoutFrame.h:143:12:[m[K [01;36m[Knote: [m[Kin expansion of macro '[
01m[KSTORM_EXPLICIT_LIST[m[K'
  143 |     extern [01;36m[KSTORM_EXPLICIT_LIST[m[K(CLayoutFrame, resizeLink) s_resizePendingList;
      |            [01;36m[K^~~~~~~~~~~~~~~~~~~[m[K
[ 84%] Building CXX object CMakeFiles/warden.dir/Source/UI/CSimpleFontable.cpp.obj
In file included from [01m[KC:/Program Files/JetBrains/CLion 2026.2.1/bin/mingw/x86_64-w64-mingw32/include/stdint.h:3
2[m[K,
                 from [01m[KC:/Program Files/JetBrains/CLion 2026.2.1/bin/mingw/lib/gcc/x86_64-w64-mingw32/15.2.0/inc
lude/stdint.h:11[m[K,
                 from [01m[KC:/Program Files/JetBrains/CLion 2026.2.1/bin/mingw/lib/gcc/x86_64-w64-mingw32/15.2.0/inc
lude/c++/cstdint:47[m[K,
                 from [01m[KD:/workcode/game/warden/Source/UI/Types.h:3[m[K,
                 from [01m[KD:/workcode/game/warden/Source/UI/CSimpleFontable.h:3[m[K,
                 from [01m[KD:\workcode\game\warden\Source\UI\CSimpleFontable.cpp:1[m[K:
[01m[KD:/workcode/game/warden/Source/UI/CSimpleFont.h:41:25:[m[K [01;35m[Kwarning: [m[K'[01m[Koffsetof[m[K'
 within non-standard-layout type '[01m[KCSimpleFontable[m[K' is conditionally-supported [[01;35m[K-Winvalid-offse
tof[m[K]
   41 |     STORM_EXPLICIT_LIST(CSimpleFontable, m_fontableLink) m_fontableList;
[01m[KD:/workcode/game/warden/Source/UI/CSimpleFont.h:41:5:[m[K [01;36m[Knote: [m[Kin expansion of macro '[01m
[KSTORM_EXPLICIT_LIST[m[K'
   41 |     [01;36m[KSTORM_EXPLICIT_LIST[m[K(CSimpleFontable, m_fontableLink) m_fontableList;
      |     [01;36m[K^~~~~~~~~~~~~~~~~~~[m[K
[ 84%] Building CXX object CMakeFiles/warden.dir/Source/UI/CSimpleFrame.cpp.obj
In file included from [01m[KC:/Program Files/JetBrains/CLion 2026.2.1/bin/mingw/x86_64-w64-mingw32/include/stdint.h:3
2[m[K,
                 from [01m[KC:/Program Files/JetBrains/CLion 2026.2.1/bin/mingw/lib/gcc/x86_64-w64-mingw32/15.2.0/inc
lude/stdint.h:11[m[K,
                 from [01m[KC:/Program Files/JetBrains/CLion 2026.2.1/bin/mingw/lib/gcc/x86_64-w64-mingw32/15.2.0/inc
lude/c++/cstdint:47[m[K,
                 from [01m[KD:\workcode\game\warden\Source\UI\Types.h:3[m[K,
                 from [01m[KD:\workcode\game\warden\Source\UI\CSimpleFrame.h:4[m[K,
                 from [01m[KD:\workcode\game\warden\Source\UI\CSimpleFrame.cpp:1[m[K:
[01m[KD:/workcode/game/warden/Source/UI/CLayoutFrame.h:143:32:[m[K [01;35m[Kwarning: [m[K'[01m[Koffsetof[m[
K' within non-standard-layout type '[01m[KCLayoutFrame[m[K' is conditionally-supported [[01;35m[K-Winvalid-offset
of[m[K]
  143 |     extern STORM_EXPLICIT_LIST(CLayoutFrame, resizeLink) s_resizePendingList;
[01m[KD:/workcode/game/warden/Source/UI/CLayoutFrame.h:143:12:[m[K [01;36m[Knote: [m[Kin expansion of macro '[
01m[KSTORM_EXPLICIT_LIST[m[K'
  143 |     extern [01;36m[KSTORM_EXPLICIT_LIST[m[K(CLayoutFrame, resizeLink) s_resizePendingList;
      |            [01;36m[K^~~~~~~~~~~~~~~~~~~[m[K
[01m[KD:\workcode\game\warden\Source\UI\CSimpleFrame.h:74:25:[m[K [01;35m[Kwarning: [m[K'[01m[Koffsetof[m[K
' within non-standard-layout type '[01m[KCSimpleRegion[m[K' is conditionally-supported [[01;35m[K-Winvalid-offset
of[m[K]
   74 |     STORM_EXPLICIT_LIST(CSimpleRegion, m_regionLink) m_regions;
[01m[KD:\workcode\game\warden\Source\UI\CSimpleFrame.h:74:5:[m[K [01;36m[Knote: [m[Kin expansion of macro '[01
m[KSTORM_EXPLICIT_LIST[m[K'
   74 |     [01;36m[KSTORM_EXPLICIT_LIST[m[K(CSimpleRegion, m_regionLink) m_regions;
      |     [01;36m[K^~~~~~~~~~~~~~~~~~~[m[K
[01m[KD:\workcode\game\warden\Source\UI\CSimpleFrame.h:75:25:[m[K [01;35m[Kwarning: [m[K'[01m[Koffsetof[m[K
' within non-standard-layout type '[01m[KCSimpleRegion[m[K' is conditionally-supported [[01;35m[K-Winvalid-offset
of[m[K]
   75 |     STORM_EXPLICIT_LIST(CSimpleRegion, m_layerLink) m_drawlayers[NUM_SIMPLEFRAME_DRAWLAYERS];
[01m[KD:\workcode\game\warden\Source\UI\CSimpleFrame.h:75:5:[m[K [01;36m[Knote: [m[Kin expansion of macro '[01
m[KSTORM_EXPLICIT_LIST[m[K'
   75 |     [01;36m[KSTORM_EXPLICIT_LIST[m[K(CSimpleRegion, m_layerLink) m_drawlayers[NUM_SIMPLEFRAME_DRAWLAYERS];
      |     [01;36m[K^~~~~~~~~~~~~~~~~~~[m[K
[01m[KD:\workcode\game\warden\Source\UI\CSimpleFrame.h:78:25:[m[K [01;35m[Kwarning: [m[K'[01m[Koffsetof[m[K
' within non-standard-layout type '[01m[KCRenderBatch[m[K' is conditionally-supported [[01;35m[K-Winvalid-offseto
f[m[K]
   78 |     STORM_EXPLICIT_LIST(CRenderBatch, renderLink) m_renderList;
[01m[KD:\workcode\game\warden\Source\UI\CSimpleFrame.h:78:5:[m[K [01;36m[Knote: [m[Kin expansion of macro '[01
m[KSTORM_EXPLICIT_LIST[m[K'
   78 |     [01;36m[KSTORM_EXPLICIT_LIST[m[K(CRenderBatch, renderLink) m_renderList;
      |     [01;36m[K^~~~~~~~~~~~~~~~~~~[m[K
[01m[KD:/workcode/game/warden/Source/UI/CFrameStrata.h:13:25:[m[K [01;35m[Kwarning: [m[K'[01m[Koffsetof[m[K
' within non-standard-layout type '[01m[KCSimpleFrame[m[K' is conditionally-supported [[01;35m[K-Winvalid-offseto
f[m[K]
   13 |     STORM_EXPLICIT_LIST(CSimpleFrame, m_strataLink) pendingFrames;
[01m[KD:/workcode/game/warden/Source/UI/CFrameStrata.h:13:5:[m[K [01;36m[Knote: [m[Kin expansion of macro '[01
m[KSTORM_EXPLICIT_LIST[m[K'
   13 |     [01;36m[KSTORM_EXPLICIT_LIST[m[K(CSimpleFrame, m_strataLink) pendingFrames;
      |     [01;36m[K^~~~~~~~~~~~~~~~~~~[m[K
[01m[KD:/workcode/game/warden/Source/UI/CFrameStrata.h:14:25:[m[K [01;35m[Kwarning: [m[K'[01m[Koffsetof[m[K
' within non-standard-layout type '[01m[KCSimpleFrame[m[K' is conditionally-supported [[01;35m[K-Winvalid-offseto
f[m[K]
   14 |     STORM_EXPLICIT_LIST(CSimpleFrame, m_strataLink) frames;
[01m[KD:/workcode/game/warden/Source/UI/CFrameStrata.h:14:5:[m[K [01;36m[Knote: [m[Kin expansion of macro '[01
m[KSTORM_EXPLICIT_LIST[m[K'
   14 |     [01;36m[KSTORM_EXPLICIT_LIST[m[K(CSimpleFrame, m_strataLink) frames;
      |     [01;36m[K^~~~~~~~~~~~~~~~~~~[m[K
[01m[KD:/workcode/game/warden/Source/UI/CFrameStrata.h:18:25:[m[K [01;35m[Kwarning: [m[K'[01m[Koffsetof[m[K
' within non-standard-layout type '[01m[KCRenderBatch[m[K' is conditionally-supported [[01;35m[K-Winvalid-offseto
f[m[K]
   18 |     STORM_EXPLICIT_LIST(CRenderBatch, renderLink) renderList;
[01m[KD:/workcode/game/warden/Source/UI/CFrameStrata.h:18:5:[m[K [01;36m[Knote: [m[Kin expansion of macro '[01
m[KSTORM_EXPLICIT_LIST[m[K'
   18 |     [01;36m[KSTORM_EXPLICIT_LIST[m[K(CRenderBatch, renderLink) renderList;
      |     [01;36m[K^~~~~~~~~~~~~~~~~~~[m[K
[01m[KD:\workcode\game\warden\Source\UI\CSimpleTop.h:66:25:[m[K [01;35m[Kwarning: [m[K'[01m[Koffsetof[m[K' 
within non-standard-layout type '[01m[KCSimpleFrame[m[K' is conditionally-supported [[01;35m[K-Winvalid-offsetof
[m[K]
   66 |     STORM_EXPLICIT_LIST(CSimpleFrame, m_framesLink) m_frames;
[01m[KD:\workcode\game\warden\Source\UI\CSimpleTop.h:66:5:[m[K [01;36m[Knote: [m[Kin expansion of macro '[01m
[KSTORM_EXPLICIT_LIST[m[K'
   66 |     [01;36m[KSTORM_EXPLICIT_LIST[m[K(CSimpleFrame, m_framesLink) m_frames;
      |     [01;36m[K^~~~~~~~~~~~~~~~~~~[m[K
[01m[KD:\workcode\game\warden\Source\UI\CSimpleTop.h:67:25:[m[K [01;35m[Kwarning: [m[K'[01m[Koffsetof[m[K' 
within non-standard-layout type '[01m[KCSimpleFrame[m[K' is conditionally-supported [[01;35m[K-Winvalid-offsetof
[m[K]
   67 |     STORM_EXPLICIT_LIST(CSimpleFrame, m_destroyedLink) m_destroyed;
[01m[KD:\workcode\game\warden\Source\UI\CSimpleTop.h:67:5:[m[K [01;36m[Knote: [m[Kin expansion of macro '[01m
[KSTORM_EXPLICIT_LIST[m[K'
   67 |     [01;36m[KSTORM_EXPLICIT_LIST[m[K(CSimpleFrame, m_destroyedLink) m_destroyed;
      |     [01;36m[K^~~~~~~~~~~~~~~~~~~[m[K
[01m[KD:\workcode\game\warden\Source\UI\CSimpleFrame.cpp:[m[K In member function '[01m[Kvirtual int32_t CSimpleFr
ame::[01;32m[KOnLayerChar[m[K(const CCharEvent&)[m[K':
[01m[KD:\workcode\game\warden\Source\UI\CSimpleFrame.cpp:1027:22:[m[K [01;31m[Kerror: [m[K'[01m[Kconst class 
CCharEvent[m[K' has no member named '[01m[Kch[m[K'
 1027 |     SUniSPutUTF8(evt.[01;31m[Kch[m[K, charBuf);
      |                      [01;31m[K^~[m[K
mingw32-make[3]: *** [CMakeFiles\warden.dir\build.make:6004: CMakeFiles/warden.dir/Source/UI/CSimpleFrame.cpp.obj] Erro
r 1
[ 84%] Building CXX object CMakeFiles/warden.dir/Source/UI/CSimpleFrameScript.cpp.obj
In file included from [01m[KC:/Program Files/JetBrains/CLion 2026.2.1/bin/mingw/x86_64-w64-mingw32/include/stdint.h:3
2[m[K,
                 from [01m[KC:/Program Files/JetBrains/CLion 2026.2.1/bin/mingw/lib/gcc/x86_64-w64-mingw32/15.2.0/inc
lude/stdint.h:11[m[K,
                 from [01m[KC:/Program Files/JetBrains/CLion 2026.2.1/bin/mingw/lib/gcc/x86_64-w64-mingw32/15.2.0/inc
lude/c++/cstdint:47[m[K,
                 from [01m[KD:/workcode/game/warden/Source/UI/FrameScript.h:4[m[K,
                 from [01m[KD:/workcode/game/warden/Source/UI/CSimpleFrameScript.h:3[m[K,
                 from [01m[KD:\workcode\game\warden\Source\UI\CSimpleFrameScript.cpp:1[m[K:
[01m[KD:/workcode/game/warden/Source/UI/CLayoutFrame.h:143:32:[m[K [01;35m[Kwarning: [m[K'[01m[Koffsetof[m[
K' within non-standard-layout type '[01m[KCLayoutFrame[m[K' is conditionally-supported [[01;35m[K-Winvalid-offset
of[m[K]
  143 |     extern STORM_EXPLICIT_LIST(CLayoutFrame, resizeLink) s_resizePendingList;
[01m[KD:/workcode/game/warden/Source/UI/CLayoutFrame.h:143:12:[m[K [01;36m[Knote: [m[Kin expansion of macro '[
01m[KSTORM_EXPLICIT_LIST[m[K'
  143 |     extern [01;36m[KSTORM_EXPLICIT_LIST[m[K(CLayoutFrame, resizeLink) s_resizePendingList;
      |            [01;36m[K^~~~~~~~~~~~~~~~~~~[m[K
[01m[KD:/workcode/game/warden/Source/UI/CSimpleFrame.h:74:25:[m[K [01;35m[Kwarning: [m[K'[01m[Koffsetof[m[K
' within non-standard-layout type '[01m[KCSimpleRegion[m[K' is conditionally-supported [[01;35m[K-Winvalid-offset
of[m[K]
   74 |     STORM_EXPLICIT_LIST(CSimpleRegion, m_regionLink) m_regions;
[01m[KD:/workcode/game/warden/Source/UI/CSimpleFrame.h:74:5:[m[K [01;36m[Knote: [m[Kin expansion of macro '[01
m[KSTORM_EXPLICIT_LIST[m[K'
   74 |     [01;36m[KSTORM_EXPLICIT_LIST[m[K(CSimpleRegion, m_regionLink) m_regions;
      |     [01;36m[K^~~~~~~~~~~~~~~~~~~[m[K
[01m[KD:/workcode/game/warden/Source/UI/CSimpleFrame.h:75:25:[m[K [01;35m[Kwarning: [m[K'[01m[Koffsetof[m[K
' within non-standard-layout type '[01m[KCSimpleRegion[m[K' is conditionally-supported [[01;35m[K-Winvalid-offset
of[m[K]
   75 |     STORM_EXPLICIT_LIST(CSimpleRegion, m_layerLink) m_drawlayers[NUM_SIMPLEFRAME_DRAWLAYERS];
[01m[KD:/workcode/game/warden/Source/UI/CSimpleFrame.h:75:5:[m[K [01;36m[Knote: [m[Kin expansion of macro '[01
m[KSTORM_EXPLICIT_LIST[m[K'
   75 |     [01;36m[KSTORM_EXPLICIT_LIST[m[K(CSimpleRegion, m_layerLink) m_drawlayers[NUM_SIMPLEFRAME_DRAWLAYERS];
      |     [01;36m[K^~~~~~~~~~~~~~~~~~~[m[K
[01m[KD:/workcode/game/warden/Source/UI/CSimpleFrame.h:78:25:[m[K [01;35m[Kwarning: [m[K'[01m[Koffsetof[m[K
' within non-standard-layout type '[01m[KCRenderBatch[m[K' is conditionally-supported [[01;35m[K-Winvalid-offseto
f[m[K]
   78 |     STORM_EXPLICIT_LIST(CRenderBatch, renderLink) m_renderList;
[01m[KD:/workcode/game/warden/Source/UI/CSimpleFrame.h:78:5:[m[K [01;36m[Knote: [m[Kin expansion of macro '[01
m[KSTORM_EXPLICIT_LIST[m[K'
   78 |     [01;36m[KSTORM_EXPLICIT_LIST[m[K(CRenderBatch, renderLink) m_renderList;
      |     [01;36m[K^~~~~~~~~~~~~~~~~~~[m[K
[ 84%] Building CXX object CMakeFiles/warden.dir/Source/UI/CSimpleHTML.cpp.obj
In file included from [01m[KC:/Program Files/JetBrains/CLion 2026.2.1/bin/mingw/x86_64-w64-mingw32/include/stdint.h:3
2[m[K,
                 from [01m[KC:/Program Files/JetBrains/CLion 2026.2.1/bin/mingw/lib/gcc/x86_64-w64-mingw32/15.2.0/inc
lude/stdint.h:11[m[K,
                 from [01m[KC:/Program Files/JetBrains/CLion 2026.2.1/bin/mingw/lib/gcc/x86_64-w64-mingw32/15.2.0/inc
lude/c++/cstdint:47[m[K,
                 from [01m[KD:\workcode\game\warden\Source\UI\CSimpleFontedFrame.h:3[m[K,
                 from [01m[KD:\workcode\game\warden\Source\UI\CSimpleHTML.h:3[m[K,
                 from [01m[KD:\workcode\game\warden\Source\UI\CSimpleHTML.cpp:1[m[K:
[01m[KD:/workcode/game/warden/Source/UI/CLayoutFrame.h:143:32:[m[K [01;35m[Kwarning: [m[K'[01m[Koffsetof[m[
K' within non-standard-layout type '[01m[KCLayoutFrame[m[K' is conditionally-supported [[01;35m[K-Winvalid-offset
of[m[K]
  143 |     extern STORM_EXPLICIT_LIST(CLayoutFrame, resizeLink) s_resizePendingList;
[01m[KD:/workcode/game/warden/Source/UI/CLayoutFrame.h:143:12:[m[K [01;36m[Knote: [m[Kin expansion of macro '[
01m[KSTORM_EXPLICIT_LIST[m[K'
  143 |     extern [01;36m[KSTORM_EXPLICIT_LIST[m[K(CLayoutFrame, resizeLink) s_resizePendingList;
      |            [01;36m[K^~~~~~~~~~~~~~~~~~~[m[K
[01m[KD:/workcode/game/warden/Source/UI/CSimpleFrame.h:74:25:[m[K [01;35m[Kwarning: [m[K'[01m[Koffsetof[m[K
' within non-standard-layout type '[01m[KCSimpleRegion[m[K' is conditionally-supported [[01;35m[K-Winvalid-offset
of[m[K]
   74 |     STORM_EXPLICIT_LIST(CSimpleRegion, m_regionLink) m_regions;
[01m[KD:/workcode/game/warden/Source/UI/CSimpleFrame.h:74:5:[m[K [01;36m[Knote: [m[Kin expansion of macro '[01
m[KSTORM_EXPLICIT_LIST[m[K'
   74 |     [01;36m[KSTORM_EXPLICIT_LIST[m[K(CSimpleRegion, m_regionLink) m_regions;
      |     [01;36m[K^~~~~~~~~~~~~~~~~~~[m[K
[01m[KD:/workcode/game/warden/Source/UI/CSimpleFrame.h:75:25:[m[K [01;35m[Kwarning: [m[K'[01m[Koffsetof[m[K
' within non-standard-layout type '[01m[KCSimpleRegion[m[K' is conditionally-supported [[01;35m[K-Winvalid-offset
of[m[K]
   75 |     STORM_EXPLICIT_LIST(CSimpleRegion, m_layerLink) m_drawlayers[NUM_SIMPLEFRAME_DRAWLAYERS];
[01m[KD:/workcode/game/warden/Source/UI/CSimpleFrame.h:75:5:[m[K [01;36m[Knote: [m[Kin expansion of macro '[01
m[KSTORM_EXPLICIT_LIST[m[K'
   75 |     [01;36m[KSTORM_EXPLICIT_LIST[m[K(CSimpleRegion, m_layerLink) m_drawlayers[NUM_SIMPLEFRAME_DRAWLAYERS];
      |     [01;36m[K^~~~~~~~~~~~~~~~~~~[m[K
[01m[KD:/workcode/game/warden/Source/UI/CSimpleFrame.h:78:25:[m[K [01;35m[Kwarning: [m[K'[01m[Koffsetof[m[K
' within non-standard-layout type '[01m[KCRenderBatch[m[K' is conditionally-supported [[01;35m[K-Winvalid-offseto
f[m[K]
   78 |     STORM_EXPLICIT_LIST(CRenderBatch, renderLink) m_renderList;
[01m[KD:/workcode/game/warden/Source/UI/CSimpleFrame.h:78:5:[m[K [01;36m[Knote: [m[Kin expansion of macro '[01
m[KSTORM_EXPLICIT_LIST[m[K'
   78 |     [01;36m[KSTORM_EXPLICIT_LIST[m[K(CRenderBatch, renderLink) m_renderList;
      |     [01;36m[K^~~~~~~~~~~~~~~~~~~[m[K
[01m[KD:/workcode/game/warden/Source/UI/CSimpleFont.h:41:25:[m[K [01;35m[Kwarning: [m[K'[01m[Koffsetof[m[K'
 within non-standard-layout type '[01m[KCSimpleFontable[m[K' is conditionally-supported [[01;35m[K-Winvalid-offse
tof[m[K]
   41 |     STORM_EXPLICIT_LIST(CSimpleFontable, m_fontableLink) m_fontableList;
[01m[KD:/workcode/game/warden/Source/UI/CSimpleFont.h:41:5:[m[K [01;36m[Knote: [m[Kin expansion of macro '[01m
[KSTORM_EXPLICIT_LIST[m[K'
   41 |     [01;36m[KSTORM_EXPLICIT_LIST[m[K(CSimpleFontable, m_fontableLink) m_fontableList;
      |     [01;36m[K^~~~~~~~~~~~~~~~~~~[m[K
[01m[KD:/workcode/game/warden/Source/UI/CFrameStrata.h:13:25:[m[K [01;35m[Kwarning: [m[K'[01m[Koffsetof[m[K
' within non-standard-layout type '[01m[KCSimpleFrame[m[K' is conditionally-supported [[01;35m[K-Winvalid-offseto
f[m[K]
   13 |     STORM_EXPLICIT_LIST(CSimpleFrame, m_strataLink) pendingFrames;
[01m[KD:/workcode/game/warden/Source/UI/CFrameStrata.h:13:5:[m[K [01;36m[Knote: [m[Kin expansion of macro '[01
m[KSTORM_EXPLICIT_LIST[m[K'
   13 |     [01;36m[KSTORM_EXPLICIT_LIST[m[K(CSimpleFrame, m_strataLink) pendingFrames;
      |     [01;36m[K^~~~~~~~~~~~~~~~~~~[m[K
[01m[KD:/workcode/game/warden/Source/UI/CFrameStrata.h:14:25:[m[K [01;35m[Kwarning: [m[K'[01m[Koffsetof[m[K
' within non-standard-layout type '[01m[KCSimpleFrame[m[K' is conditionally-supported [[01;35m[K-Winvalid-offseto
f[m[K]
   14 |     STORM_EXPLICIT_LIST(CSimpleFrame, m_strataLink) frames;
[01m[KD:/workcode/game/warden/Source/UI/CFrameStrata.h:14:5:[m[K [01;36m[Knote: [m[Kin expansion of macro '[01
m[KSTORM_EXPLICIT_LIST[m[K'
   14 |     [01;36m[KSTORM_EXPLICIT_LIST[m[K(CSimpleFrame, m_strataLink) frames;
      |     [01;36m[K^~~~~~~~~~~~~~~~~~~[m[K
[01m[KD:/workcode/game/warden/Source/UI/CFrameStrata.h:18:25:[m[K [01;35m[Kwarning: [m[K'[01m[Koffsetof[m[K
' within non-standard-layout type '[01m[KCRenderBatch[m[K' is conditionally-supported [[01;35m[K-Winvalid-offseto
f[m[K]
   18 |     STORM_EXPLICIT_LIST(CRenderBatch, renderLink) renderList;
[01m[KD:/workcode/game/warden/Source/UI/CFrameStrata.h:18:5:[m[K [01;36m[Knote: [m[Kin expansion of macro '[01
m[KSTORM_EXPLICIT_LIST[m[K'
   18 |     [01;36m[KSTORM_EXPLICIT_LIST[m[K(CRenderBatch, renderLink) renderList;
      |     [01;36m[K^~~~~~~~~~~~~~~~~~~[m[K
[01m[KD:\workcode\game\warden\Source\UI\CSimpleTop.h:66:25:[m[K [01;35m[Kwarning: [m[K'[01m[Koffsetof[m[K' 
within non-standard-layout type '[01m[KCSimpleFrame[m[K' is conditionally-supported [[01;35m[K-Winvalid-offsetof
[m[K]
   66 |     STORM_EXPLICIT_LIST(CSimpleFrame, m_framesLink) m_frames;
[01m[KD:\workcode\game\warden\Source\UI\CSimpleTop.h:66:5:[m[K [01;36m[Knote: [m[Kin expansion of macro '[01m
[KSTORM_EXPLICIT_LIST[m[K'
   66 |     [01;36m[KSTORM_EXPLICIT_LIST[m[K(CSimpleFrame, m_framesLink) m_frames;
      |     [01;36m[K^~~~~~~~~~~~~~~~~~~[m[K
[01m[KD:\workcode\game\warden\Source\UI\CSimpleTop.h:67:25:[m[K [01;35m[Kwarning: [m[K'[01m[Koffsetof[m[K' 
within non-standard-layout type '[01m[KCSimpleFrame[m[K' is conditionally-supported [[01;35m[K-Winvalid-offsetof
[m[K]
   67 |     STORM_EXPLICIT_LIST(CSimpleFrame, m_destroyedLink) m_destroyed;
[01m[KD:\workcode\game\warden\Source\UI\CSimpleTop.h:67:5:[m[K [01;36m[Knote: [m[Kin expansion of macro '[01m
[KSTORM_EXPLICIT_LIST[m[K'
   67 |     [01;36m[KSTORM_EXPLICIT_LIST[m[K(CSimpleFrame, m_destroyedLink) m_destroyed;
      |     [01;36m[K^~~~~~~~~~~~~~~~~~~[m[K
[ 84%] Building CXX object CMakeFiles/warden.dir/Source/UI/CSimpleHTMLScript.cpp.obj
In file included from [01m[KC:/Program Files/JetBrains/CLion 2026.2.1/bin/mingw/x86_64-w64-mingw32/include/stdint.h:3
2[m[K,
                 from [01m[KC:/Program Files/JetBrains/CLion 2026.2.1/bin/mingw/lib/gcc/x86_64-w64-mingw32/15.2.0/inc
lude/stdint.h:11[m[K,
                 from [01m[KC:/Program Files/JetBrains/CLion 2026.2.1/bin/mingw/lib/gcc/x86_64-w64-mingw32/15.2.0/inc
lude/c++/cstdint:47[m[K,
                 from [01m[KD:/workcode/game/warden/Source/UI/FrameScript.h:4[m[K,
                 from [01m[KD:/workcode/game/warden/Source/UI/CSimpleHTMLScript.h:3[m[K,
                 from [01m[KD:\workcode\game\warden\Source\UI\CSimpleHTMLScript.cpp:1[m[K:
[01m[KD:/workcode/game/warden/Source/UI/CLayoutFrame.h:143:32:[m[K [01;35m[Kwarning: [m[K'[01m[Koffsetof[m[
K' within non-standard-layout type '[01m[KCLayoutFrame[m[K' is conditionally-supported [[01;35m[K-Winvalid-offset
of[m[K]
  143 |     extern STORM_EXPLICIT_LIST(CLayoutFrame, resizeLink) s_resizePendingList;
[01m[KD:/workcode/game/warden/Source/UI/CLayoutFrame.h:143:12:[m[K [01;36m[Knote: [m[Kin expansion of macro '[
01m[KSTORM_EXPLICIT_LIST[m[K'
  143 |     extern [01;36m[KSTORM_EXPLICIT_LIST[m[K(CLayoutFrame, resizeLink) s_resizePendingList;
      |            [01;36m[K^~~~~~~~~~~~~~~~~~~[m[K
[01m[KD:/workcode/game/warden/Source/UI/CSimpleFrame.h:74:25:[m[K [01;35m[Kwarning: [m[K'[01m[Koffsetof[m[K
' within non-standard-layout type '[01m[KCSimpleRegion[m[K' is conditionally-supported [[01;35m[K-Winvalid-offset
of[m[K]
   74 |     STORM_EXPLICIT_LIST(CSimpleRegion, m_regionLink) m_regions;
[01m[KD:/workcode/game/warden/Source/UI/CSimpleFrame.h:74:5:[m[K [01;36m[Knote: [m[Kin expansion of macro '[01
m[KSTORM_EXPLICIT_LIST[m[K'
   74 |     [01;36m[KSTORM_EXPLICIT_LIST[m[K(CSimpleRegion, m_regionLink) m_regions;
      |     [01;36m[K^~~~~~~~~~~~~~~~~~~[m[K
[01m[KD:/workcode/game/warden/Source/UI/CSimpleFrame.h:75:25:[m[K [01;35m[Kwarning: [m[K'[01m[Koffsetof[m[K
' within non-standard-layout type '[01m[KCSimpleRegion[m[K' is conditionally-supported [[01;35m[K-Winvalid-offset
of[m[K]
   75 |     STORM_EXPLICIT_LIST(CSimpleRegion, m_layerLink) m_drawlayers[NUM_SIMPLEFRAME_DRAWLAYERS];
[01m[KD:/workcode/game/warden/Source/UI/CSimpleFrame.h:75:5:[m[K [01;36m[Knote: [m[Kin expansion of macro '[01
m[KSTORM_EXPLICIT_LIST[m[K'
   75 |     [01;36m[KSTORM_EXPLICIT_LIST[m[K(CSimpleRegion, m_layerLink) m_drawlayers[NUM_SIMPLEFRAME_DRAWLAYERS];
      |     [01;36m[K^~~~~~~~~~~~~~~~~~~[m[K
[01m[KD:/workcode/game/warden/Source/UI/CSimpleFrame.h:78:25:[m[K [01;35m[Kwarning: [m[K'[01m[Koffsetof[m[K
' within non-standard-layout type '[01m[KCRenderBatch[m[K' is conditionally-supported [[01;35m[K-Winvalid-offseto
f[m[K]
   78 |     STORM_EXPLICIT_LIST(CRenderBatch, renderLink) m_renderList;
[01m[KD:/workcode/game/warden/Source/UI/CSimpleFrame.h:78:5:[m[K [01;36m[Knote: [m[Kin expansion of macro '[01
m[KSTORM_EXPLICIT_LIST[m[K'
   78 |     [01;36m[KSTORM_EXPLICIT_LIST[m[K(CRenderBatch, renderLink) m_renderList;
      |     [01;36m[K^~~~~~~~~~~~~~~~~~~[m[K
[ 84%] Building CXX object CMakeFiles/warden.dir/Source/UI/CSimpleHyperlinkedFrame.cpp.obj
In file included from [01m[KC:/Program Files/JetBrains/CLion 2026.2.1/bin/mingw/x86_64-w64-mingw32/include/stdint.h:3
2[m[K,
                 from [01m[KC:/Program Files/JetBrains/CLion 2026.2.1/bin/mingw/lib/gcc/x86_64-w64-mingw32/15.2.0/inc
lude/stdint.h:11[m[K,
                 from [01m[KC:/Program Files/JetBrains/CLion 2026.2.1/bin/mingw/lib/gcc/x86_64-w64-mingw32/15.2.0/inc
lude/c++/cstdint:47[m[K,
                 from [01m[KD:/workcode/game/warden/Source/UI/Types.h:3[m[K,
                 from [01m[KD:/workcode/game/warden/Source/UI/CSimpleFrame.h:4[m[K,
                 from [01m[KD:/workcode/game/warden/Source/UI/CSimpleHyperlinkedFrame.h:3[m[K,
                 from [01m[KD:\workcode\game\warden\Source\UI\CSimpleHyperlinkedFrame.cpp:1[m[K:
[01m[KD:/workcode/game/warden/Source/UI/CLayoutFrame.h:143:32:[m[K [01;35m[Kwarning: [m[K'[01m[Koffsetof[m[
K' within non-standard-layout type '[01m[KCLayoutFrame[m[K' is conditionally-supported [[01;35m[K-Winvalid-offset
of[m[K]
  143 |     extern STORM_EXPLICIT_LIST(CLayoutFrame, resizeLink) s_resizePendingList;
[01m[KD:/workcode/game/warden/Source/UI/CLayoutFrame.h:143:12:[m[K [01;36m[Knote: [m[Kin expansion of macro '[
01m[KSTORM_EXPLICIT_LIST[m[K'
  143 |     extern [01;36m[KSTORM_EXPLICIT_LIST[m[K(CLayoutFrame, resizeLink) s_resizePendingList;
      |            [01;36m[K^~~~~~~~~~~~~~~~~~~[m[K
[01m[KD:/workcode/game/warden/Source/UI/CSimpleFrame.h:74:25:[m[K [01;35m[Kwarning: [m[K'[01m[Koffsetof[m[K
' within non-standard-layout type '[01m[KCSimpleRegion[m[K' is conditionally-supported [[01;35m[K-Winvalid-offset
of[m[K]
   74 |     STORM_EXPLICIT_LIST(CSimpleRegion, m_regionLink) m_regions;
[01m[KD:/workcode/game/warden/Source/UI/CSimpleFrame.h:74:5:[m[K [01;36m[Knote: [m[Kin expansion of macro '[01
m[KSTORM_EXPLICIT_LIST[m[K'
   74 |     [01;36m[KSTORM_EXPLICIT_LIST[m[K(CSimpleRegion, m_regionLink) m_regions;
      |     [01;36m[K^~~~~~~~~~~~~~~~~~~[m[K
[01m[KD:/workcode/game/warden/Source/UI/CSimpleFrame.h:75:25:[m[K [01;35m[Kwarning: [m[K'[01m[Koffsetof[m[K
' within non-standard-layout type '[01m[KCSimpleRegion[m[K' is conditionally-supported [[01;35m[K-Winvalid-offset
of[m[K]
   75 |     STORM_EXPLICIT_LIST(CSimpleRegion, m_layerLink) m_drawlayers[NUM_SIMPLEFRAME_DRAWLAYERS];
[01m[KD:/workcode/game/warden/Source/UI/CSimpleFrame.h:75:5:[m[K [01;36m[Knote: [m[Kin expansion of macro '[01
m[KSTORM_EXPLICIT_LIST[m[K'
   75 |     [01;36m[KSTORM_EXPLICIT_LIST[m[K(CSimpleRegion, m_layerLink) m_drawlayers[NUM_SIMPLEFRAME_DRAWLAYERS];
      |     [01;36m[K^~~~~~~~~~~~~~~~~~~[m[K
[01m[KD:/workcode/game/warden/Source/UI/CSimpleFrame.h:78:25:[m[K [01;35m[Kwarning: [m[K'[01m[Koffsetof[m[K
' within non-standard-layout type '[01m[KCRenderBatch[m[K' is conditionally-supported [[01;35m[K-Winvalid-offseto
f[m[K]
   78 |     STORM_EXPLICIT_LIST(CRenderBatch, renderLink) m_renderList;
[01m[KD:/workcode/game/warden/Source/UI/CSimpleFrame.h:78:5:[m[K [01;36m[Knote: [m[Kin expansion of macro '[01
m[KSTORM_EXPLICIT_LIST[m[K'
   78 |     [01;36m[KSTORM_EXPLICIT_LIST[m[K(CRenderBatch, renderLink) m_renderList;
      |     [01;36m[K^~~~~~~~~~~~~~~~~~~[m[K
[ 84%] Building CXX object CMakeFiles/warden.dir/Source/UI/CSimpleModel.cpp.obj
In file included from [01m[KC:/Program Files/JetBrains/CLion 2026.2.1/bin/mingw/x86_64-w64-mingw32/include/stdint.h:3
2[m[K,
                 from [01m[KC:/Program Files/JetBrains/CLion 2026.2.1/bin/mingw/lib/gcc/x86_64-w64-mingw32/15.2.0/inc
lude/stdint.h:11[m[K,
                 from [01m[KC:/Program Files/JetBrains/CLion 2026.2.1/bin/mingw/lib/gcc/x86_64-w64-mingw32/15.2.0/inc
lude/c++/cstdint:47[m[K,
                 from [01m[KD:/workcode/game/warden/Source/UI/Types.h:3[m[K,
                 from [01m[KD:/workcode/game/warden/Source/UI/CSimpleFrame.h:4[m[K,
                 from [01m[KD:\workcode\game\warden\Source\UI\CSimpleModel.h:4[m[K,
                 from [01m[KD:\workcode\game\warden\Source\UI\CSimpleModel.cpp:1[m[K:
[01m[KD:/workcode/game/warden/Source/UI/CLayoutFrame.h:143:32:[m[K [01;35m[Kwarning: [m[K'[01m[Koffsetof[m[
K' within non-standard-layout type '[01m[KCLayoutFrame[m[K' is conditionally-supported [[01;35m[K-Winvalid-offset
of[m[K]
  143 |     extern STORM_EXPLICIT_LIST(CLayoutFrame, resizeLink) s_resizePendingList;
[01m[KD:/workcode/game/warden/Source/UI/CLayoutFrame.h:143:12:[m[K [01;36m[Knote: [m[Kin expansion of macro '[
01m[KSTORM_EXPLICIT_LIST[m[K'
  143 |     extern [01;36m[KSTORM_EXPLICIT_LIST[m[K(CLayoutFrame, resizeLink) s_resizePendingList;
      |            [01;36m[K^~~~~~~~~~~~~~~~~~~[m[K
[01m[KD:/workcode/game/warden/Source/UI/CSimpleFrame.h:74:25:[m[K [01;35m[Kwarning: [m[K'[01m[Koffsetof[m[K
' within non-standard-layout type '[01m[KCSimpleRegion[m[K' is conditionally-supported [[01;35m[K-Winvalid-offset
of[m[K]
   74 |     STORM_EXPLICIT_LIST(CSimpleRegion, m_regionLink) m_regions;
[01m[KD:/workcode/game/warden/Source/UI/CSimpleFrame.h:74:5:[m[K [01;36m[Knote: [m[Kin expansion of macro '[01
m[KSTORM_EXPLICIT_LIST[m[K'
   74 |     [01;36m[KSTORM_EXPLICIT_LIST[m[K(CSimpleRegion, m_regionLink) m_regions;
      |     [01;36m[K^~~~~~~~~~~~~~~~~~~[m[K
[01m[KD:/workcode/game/warden/Source/UI/CSimpleFrame.h:75:25:[m[K [01;35m[Kwarning: [m[K'[01m[Koffsetof[m[K
' within non-standard-layout type '[01m[KCSimpleRegion[m[K' is conditionally-supported [[01;35m[K-Winvalid-offset
of[m[K]
   75 |     STORM_EXPLICIT_LIST(CSimpleRegion, m_layerLink) m_drawlayers[NUM_SIMPLEFRAME_DRAWLAYERS];
[01m[KD:/workcode/game/warden/Source/UI/CSimpleFrame.h:75:5:[m[K [01;36m[Knote: [m[Kin expansion of macro '[01
m[KSTORM_EXPLICIT_LIST[m[K'
   75 |     [01;36m[KSTORM_EXPLICIT_LIST[m[K(CSimpleRegion, m_layerLink) m_drawlayers[NUM_SIMPLEFRAME_DRAWLAYERS];
      |     [01;36m[K^~~~~~~~~~~~~~~~~~~[m[K
[01m[KD:/workcode/game/warden/Source/UI/CSimpleFrame.h:78:25:[m[K [01;35m[Kwarning: [m[K'[01m[Koffsetof[m[K
' within non-standard-layout type '[01m[KCRenderBatch[m[K' is conditionally-supported [[01;35m[K-Winvalid-offseto
f[m[K]
   78 |     STORM_EXPLICIT_LIST(CRenderBatch, renderLink) m_renderList;
[01m[KD:/workcode/game/warden/Source/UI/CSimpleFrame.h:78:5:[m[K [01;36m[Knote: [m[Kin expansion of macro '[01
m[KSTORM_EXPLICIT_LIST[m[K'
   78 |     [01;36m[KSTORM_EXPLICIT_LIST[m[K(CRenderBatch, renderLink) m_renderList;
      |     [01;36m[K^~~~~~~~~~~~~~~~~~~[m[K
[ 84%] Building CXX object CMakeFiles/warden.dir/Source/UI/CSimpleModelFFX.cpp.obj
In file included from [01m[KC:/Program Files/JetBrains/CLion 2026.2.1/bin/mingw/x86_64-w64-mingw32/include/stdint.h:3
2[m[K,
                 from [01m[KC:/Program Files/JetBrains/CLion 2026.2.1/bin/mingw/lib/gcc/x86_64-w64-mingw32/15.2.0/inc
lude/stdint.h:11[m[K,
                 from [01m[KC:/Program Files/JetBrains/CLion 2026.2.1/bin/mingw/lib/gcc/x86_64-w64-mingw32/15.2.0/inc
lude/c++/cstdint:47[m[K,
                 from [01m[KD:/workcode/game/warden/Source/UI/Types.h:3[m[K,
                 from [01m[KD:/workcode/game/warden/Source/UI/CSimpleFrame.h:4[m[K,
                 from [01m[KD:/workcode/game/warden/Source/UI/CSimpleModel.h:4[m[K,
                 from [01m[KD:/workcode/game/warden/Source/UI/CSimpleModelFFX.h:3[m[K,
                 from [01m[KD:\workcode\game\warden\Source\UI\CSimpleModelFFX.cpp:1[m[K:
[01m[KD:/workcode/game/warden/Source/UI/CLayoutFrame.h:143:32:[m[K [01;35m[Kwarning: [m[K'[01m[Koffsetof[m[
K' within non-standard-layout type '[01m[KCLayoutFrame[m[K' is conditionally-supported [[01;35m[K-Winvalid-offset
of[m[K]
  143 |     extern STORM_EXPLICIT_LIST(CLayoutFrame, resizeLink) s_resizePendingList;
[01m[KD:/workcode/game/warden/Source/UI/CLayoutFrame.h:143:12:[m[K [01;36m[Knote: [m[Kin expansion of macro '[
01m[KSTORM_EXPLICIT_LIST[m[K'
  143 |     extern [01;36m[KSTORM_EXPLICIT_LIST[m[K(CLayoutFrame, resizeLink) s_resizePendingList;
      |            [01;36m[K^~~~~~~~~~~~~~~~~~~[m[K
[01m[KD:/workcode/game/warden/Source/UI/CSimpleFrame.h:74:25:[m[K [01;35m[Kwarning: [m[K'[01m[Koffsetof[m[K
' within non-standard-layout type '[01m[KCSimpleRegion[m[K' is conditionally-supported [[01;35m[K-Winvalid-offset
of[m[K]
   74 |     STORM_EXPLICIT_LIST(CSimpleRegion, m_regionLink) m_regions;
[01m[KD:/workcode/game/warden/Source/UI/CSimpleFrame.h:74:5:[m[K [01;36m[Knote: [m[Kin expansion of macro '[01
m[KSTORM_EXPLICIT_LIST[m[K'
   74 |     [01;36m[KSTORM_EXPLICIT_LIST[m[K(CSimpleRegion, m_regionLink) m_regions;
      |     [01;36m[K^~~~~~~~~~~~~~~~~~~[m[K
[01m[KD:/workcode/game/warden/Source/UI/CSimpleFrame.h:75:25:[m[K [01;35m[Kwarning: [m[K'[01m[Koffsetof[m[K
' within non-standard-layout type '[01m[KCSimpleRegion[m[K' is conditionally-supported [[01;35m[K-Winvalid-offset
of[m[K]
   75 |     STORM_EXPLICIT_LIST(CSimpleRegion, m_layerLink) m_drawlayers[NUM_SIMPLEFRAME_DRAWLAYERS];
[01m[KD:/workcode/game/warden/Source/UI/CSimpleFrame.h:75:5:[m[K [01;36m[Knote: [m[Kin expansion of macro '[01
m[KSTORM_EXPLICIT_LIST[m[K'
   75 |     [01;36m[KSTORM_EXPLICIT_LIST[m[K(CSimpleRegion, m_layerLink) m_drawlayers[NUM_SIMPLEFRAME_DRAWLAYERS];
      |     [01;36m[K^~~~~~~~~~~~~~~~~~~[m[K
[01m[KD:/workcode/game/warden/Source/UI/CSimpleFrame.h:78:25:[m[K [01;35m[Kwarning: [m[K'[01m[Koffsetof[m[K
' within non-standard-layout type '[01m[KCRenderBatch[m[K' is conditionally-supported [[01;35m[K-Winvalid-offseto
f[m[K]
   78 |     STORM_EXPLICIT_LIST(CRenderBatch, renderLink) m_renderList;
[01m[KD:/workcode/game/warden/Source/UI/CSimpleFrame.h:78:5:[m[K [01;36m[Knote: [m[Kin expansion of macro '[01
m[KSTORM_EXPLICIT_LIST[m[K'
   78 |     [01;36m[KSTORM_EXPLICIT_LIST[m[K(CRenderBatch, renderLink) m_renderList;
      |     [01;36m[K^~~~~~~~~~~~~~~~~~~[m[K
[ 84%] Building CXX object CMakeFiles/warden.dir/Source/UI/CSimpleModelFFXScript.cpp.obj
[ 84%] Building CXX object CMakeFiles/warden.dir/Source/UI/CSimpleModelScript.cpp.obj
In file included from [01m[KC:/Program Files/JetBrains/CLion 2026.2.1/bin/mingw/x86_64-w64-mingw32/include/stdint.h:3
2[m[K,
                 from [01m[KC:/Program Files/JetBrains/CLion 2026.2.1/bin/mingw/lib/gcc/x86_64-w64-mingw32/15.2.0/inc
lude/stdint.h:11[m[K,
                 from [01m[KC:/Program Files/JetBrains/CLion 2026.2.1/bin/mingw/lib/gcc/x86_64-w64-mingw32/15.2.0/inc
lude/c++/cstdint:47[m[K,
                 from [01m[KD:/workcode/game/warden/Source/UI/FrameScript.h:4[m[K,
                 from [01m[KD:/workcode/game/warden/Source/UI/CSimpleModelScript.h:4[m[K,
                 from [01m[KD:\workcode\game\warden\Source\UI\CSimpleModelScript.cpp:1[m[K:
[01m[KD:/workcode/game/warden/Source/UI/CLayoutFrame.h:143:32:[m[K [01;35m[Kwarning: [m[K'[01m[Koffsetof[m[
K' within non-standard-layout type '[01m[KCLayoutFrame[m[K' is conditionally-supported [[01;35m[K-Winvalid-offset
of[m[K]
  143 |     extern STORM_EXPLICIT_LIST(CLayoutFrame, resizeLink) s_resizePendingList;
[01m[KD:/workcode/game/warden/Source/UI/CLayoutFrame.h:143:12:[m[K [01;36m[Knote: [m[Kin expansion of macro '[
01m[KSTORM_EXPLICIT_LIST[m[K'
  143 |     extern [01;36m[KSTORM_EXPLICIT_LIST[m[K(CLayoutFrame, resizeLink) s_resizePendingList;
      |            [01;36m[K^~~~~~~~~~~~~~~~~~~[m[K
[01m[KD:/workcode/game/warden/Source/UI/CSimpleFrame.h:74:25:[m[K [01;35m[Kwarning: [m[K'[01m[Koffsetof[m[K
' within non-standard-layout type '[01m[KCSimpleRegion[m[K' is conditionally-supported [[01;35m[K-Winvalid-offset
of[m[K]
   74 |     STORM_EXPLICIT_LIST(CSimpleRegion, m_regionLink) m_regions;
[01m[KD:/workcode/game/warden/Source/UI/CSimpleFrame.h:74:5:[m[K [01;36m[Knote: [m[Kin expansion of macro '[01
m[KSTORM_EXPLICIT_LIST[m[K'
   74 |     [01;36m[KSTORM_EXPLICIT_LIST[m[K(CSimpleRegion, m_regionLink) m_regions;
      |     [01;36m[K^~~~~~~~~~~~~~~~~~~[m[K
[01m[KD:/workcode/game/warden/Source/UI/CSimpleFrame.h:75:25:[m[K [01;35m[Kwarning: [m[K'[01m[Koffsetof[m[K
' within non-standard-layout type '[01m[KCSimpleRegion[m[K' is conditionally-supported [[01;35m[K-Winvalid-offset
of[m[K]
   75 |     STORM_EXPLICIT_LIST(CSimpleRegion, m_layerLink) m_drawlayers[NUM_SIMPLEFRAME_DRAWLAYERS];
[01m[KD:/workcode/game/warden/Source/UI/CSimpleFrame.h:75:5:[m[K [01;36m[Knote: [m[Kin expansion of macro '[01
m[KSTORM_EXPLICIT_LIST[m[K'
   75 |     [01;36m[KSTORM_EXPLICIT_LIST[m[K(CSimpleRegion, m_layerLink) m_drawlayers[NUM_SIMPLEFRAME_DRAWLAYERS];
      |     [01;36m[K^~~~~~~~~~~~~~~~~~~[m[K
[01m[KD:/workcode/game/warden/Source/UI/CSimpleFrame.h:78:25:[m[K [01;35m[Kwarning: [m[K'[01m[Koffsetof[m[K
' within non-standard-layout type '[01m[KCRenderBatch[m[K' is conditionally-supported [[01;35m[K-Winvalid-offseto
f[m[K]
   78 |     STORM_EXPLICIT_LIST(CRenderBatch, renderLink) m_renderList;
[01m[KD:/workcode/game/warden/Source/UI/CSimpleFrame.h:78:5:[m[K [01;36m[Knote: [m[Kin expansion of macro '[01
m[KSTORM_EXPLICIT_LIST[m[K'
   78 |     [01;36m[KSTORM_EXPLICIT_LIST[m[K(CRenderBatch, renderLink) m_renderList;
      |     [01;36m[K^~~~~~~~~~~~~~~~~~~[m[K
[ 86%] Building CXX object CMakeFiles/warden.dir/Source/UI/CSimpleRegion.cpp.obj
In file included from [01m[KC:/Program Files/JetBrains/CLion 2026.2.1/bin/mingw/x86_64-w64-mingw32/include/stdint.h:3
2[m[K,
                 from [01m[KC:/Program Files/JetBrains/CLion 2026.2.1/bin/mingw/lib/gcc/x86_64-w64-mingw32/15.2.0/inc
lude/stdint.h:11[m[K,
                 from [01m[KC:/Program Files/JetBrains/CLion 2026.2.1/bin/mingw/lib/gcc/x86_64-w64-mingw32/15.2.0/inc
lude/c++/cstdint:47[m[K,
                 from [01m[KD:/workcode/game/warden/Source/UI/Types.h:3[m[K,
                 from [01m[KD:/workcode/game/warden/Source/UI/CLayoutFrame.h:3[m[K,
                 from [01m[KD:/workcode/game/warden/Source/UI/CScriptRegion.h:3[m[K,
                 from [01m[KD:/workcode/game/warden/Source/UI/CSimpleRegion.h:3[m[K,
                 from [01m[KD:\workcode\game\warden\Source\UI\CSimpleRegion.cpp:1[m[K:
[01m[KD:/workcode/game/warden/Source/UI/CLayoutFrame.h:143:32:[m[K [01;35m[Kwarning: [m[K'[01m[Koffsetof[m[
K' within non-standard-layout type '[01m[KCLayoutFrame[m[K' is conditionally-supported [[01;35m[K-Winvalid-offset
of[m[K]
  143 |     extern STORM_EXPLICIT_LIST(CLayoutFrame, resizeLink) s_resizePendingList;
[01m[KD:/workcode/game/warden/Source/UI/CLayoutFrame.h:143:12:[m[K [01;36m[Knote: [m[Kin expansion of macro '[
01m[KSTORM_EXPLICIT_LIST[m[K'
  143 |     extern [01;36m[KSTORM_EXPLICIT_LIST[m[K(CLayoutFrame, resizeLink) s_resizePendingList;
      |            [01;36m[K^~~~~~~~~~~~~~~~~~~[m[K
[01m[KD:/workcode/game/warden/Source/UI/CSimpleFrame.h:74:25:[m[K [01;35m[Kwarning: [m[K'[01m[Koffsetof[m[K
' within non-standard-layout type '[01m[KCSimpleRegion[m[K' is conditionally-supported [[01;35m[K-Winvalid-offset
of[m[K]
   74 |     STORM_EXPLICIT_LIST(CSimpleRegion, m_regionLink) m_regions;
[01m[KD:/workcode/game/warden/Source/UI/CSimpleFrame.h:74:5:[m[K [01;36m[Knote: [m[Kin expansion of macro '[01
m[KSTORM_EXPLICIT_LIST[m[K'
   74 |     [01;36m[KSTORM_EXPLICIT_LIST[m[K(CSimpleRegion, m_regionLink) m_regions;
      |     [01;36m[K^~~~~~~~~~~~~~~~~~~[m[K
[01m[KD:/workcode/game/warden/Source/UI/CSimpleFrame.h:75:25:[m[K [01;35m[Kwarning: [m[K'[01m[Koffsetof[m[K
' within non-standard-layout type '[01m[KCSimpleRegion[m[K' is conditionally-supported [[01;35m[K-Winvalid-offset
of[m[K]
   75 |     STORM_EXPLICIT_LIST(CSimpleRegion, m_layerLink) m_drawlayers[NUM_SIMPLEFRAME_DRAWLAYERS];
[01m[KD:/workcode/game/warden/Source/UI/CSimpleFrame.h:75:5:[m[K [01;36m[Knote: [m[Kin expansion of macro '[01
m[KSTORM_EXPLICIT_LIST[m[K'
   75 |     [01;36m[KSTORM_EXPLICIT_LIST[m[K(CSimpleRegion, m_layerLink) m_drawlayers[NUM_SIMPLEFRAME_DRAWLAYERS];
      |     [01;36m[K^~~~~~~~~~~~~~~~~~~[m[K
[01m[KD:/workcode/game/warden/Source/UI/CSimpleFrame.h:78:25:[m[K [01;35m[Kwarning: [m[K'[01m[Koffsetof[m[K
' within non-standard-layout type '[01m[KCRenderBatch[m[K' is conditionally-supported [[01;35m[K-Winvalid-offseto
f[m[K]
   78 |     STORM_EXPLICIT_LIST(CRenderBatch, renderLink) m_renderList;
[01m[KD:/workcode/game/warden/Source/UI/CSimpleFrame.h:78:5:[m[K [01;36m[Knote: [m[Kin expansion of macro '[01
m[KSTORM_EXPLICIT_LIST[m[K'
   78 |     [01;36m[KSTORM_EXPLICIT_LIST[m[K(CRenderBatch, renderLink) m_renderList;
      |     [01;36m[K^~~~~~~~~~~~~~~~~~~[m[K
[ 86%] Building CXX object CMakeFiles/warden.dir/Source/UI/CSimpleRender.cpp.obj
In file included from [01m[KC:/Program Files/JetBrains/CLion 2026.2.1/bin/mingw/x86_64-w64-mingw32/include/stdint.h:3
2[m[K,
                 from [01m[KC:/Program Files/JetBrains/CLion 2026.2.1/bin/mingw/lib/gcc/x86_64-w64-mingw32/15.2.0/inc
lude/stdint.h:11[m[K,
                 from [01m[KC:/Program Files/JetBrains/CLion 2026.2.1/bin/mingw/lib/gcc/x86_64-w64-mingw32/15.2.0/inc
lude/c++/cstdint:47[m[K,
                 from [01m[KD:/workcode/game/warden/Source/UI/CRenderBatch.h:4[m[K,
                 from [01m[KD:\workcode\game\warden\Source\UI\CSimpleRender.cpp:2[m[K:
[01m[KD:/workcode/game/warden/Source/UI/CLayoutFrame.h:143:32:[m[K [01;35m[Kwarning: [m[K'[01m[Koffsetof[m[
K' within non-standard-layout type '[01m[KCLayoutFrame[m[K' is conditionally-supported [[01;35m[K-Winvalid-offset
of[m[K]
  143 |     extern STORM_EXPLICIT_LIST(CLayoutFrame, resizeLink) s_resizePendingList;
[01m[KD:/workcode/game/warden/Source/UI/CLayoutFrame.h:143:12:[m[K [01;36m[Knote: [m[Kin expansion of macro '[
01m[KSTORM_EXPLICIT_LIST[m[K'
  143 |     extern [01;36m[KSTORM_EXPLICIT_LIST[m[K(CLayoutFrame, resizeLink) s_resizePendingList;
      |            [01;36m[K^~~~~~~~~~~~~~~~~~~[m[K
D:/workcode/game/warden/Source/Engine/Source/Common/TSHashTable.h: In instantiation of '[01m[Kclass TSHashTable<CGxSh
ader, HASHKEY_STRI>[m[K':
[01m[KD:/workcode/game/warden/Source/Engine/Source/Gx/CGxDevice.h:81:71:[m[K   required from here
   81 |     TSHashTable<CGxShader, HASHKEY_STRI> m_shaderList[GxShTargets_Last[01;36m[K][m[K;
      |                                                                       [01;36m[K^[m[K
[01m[KD:/workcode/game/warden/Source/Engine/Source/Common/TSHashTable.h:41:28:[m[K [01;31m[Kerror: [m[K'[01m[
Kclass CGxShader[m[K' has no member named '[01m[Km_linktofull[m[K'
   41 |     STORM_EXPLICIT_LIST(T, m_linktofull) m_fulllist;
[01m[KD:/workcode/game/warden/Source/Engine/Source/Common/TSHashTable.h:41:5:[m[K [01;36m[Knote: [m[Kin expansi
on of macro '[01m[KSTORM_EXPLICIT_LIST[m[K'
   41 |     [01;36m[KSTORM_EXPLICIT_LIST[m[K(T, m_linktofull) m_fulllist;
      |     [01;36m[K^~~~~~~~~~~~~~~~~~~[m[K
[01m[KD:/workcode/game/warden/Source/Engine/Source/Common/TSHashTable.h:49:44:[m[K [01;31m[Kerror: [m[K'[01m[
Kclass CGxShader[m[K' has no member named '[01m[Km_linktoslot[m[K'
   49 |     TSGrowableArray<STORM_EXPLICIT_LIST(T, m_linktoslot) > m_slotlistarray;
[01m[KD:/workcode/game/warden/Source/Engine/Source/Common/TSHashTable.h:49:21:[m[K [01;36m[Knote: [m[Kin expans
ion of macro '[01m[KSTORM_EXPLICIT_LIST[m[K'
   49 |     TSGrowableArray<[01;36m[KSTORM_EXPLICIT_LIST[m[K(T, m_linktoslot) > m_slotlistarray;
      |                     [01;36m[K^~~~~~~~~~~~~~~~~~~[m[K
[01m[KD:/workcode/game/warden/Source/Engine/Source/Common/TSHashTable.h:49:44:[m[K [01;31m[Kerror: [m[K'[01m[
Kclass CGxShader[m[K' has no member named '[01m[Km_linktoslot[m[K'
   49 |     TSGrowableArray<STORM_EXPLICIT_LIST(T, m_linktoslot) > m_slotlistarray;
[01m[KD:/workcode/game/warden/Source/Engine/Source/Common/TSHashTable.h:49:21:[m[K [01;36m[Knote: [m[Kin expans
ion of macro '[01m[KSTORM_EXPLICIT_LIST[m[K'
   49 |     TSGrowableArray<[01;36m[KSTORM_EXPLICIT_LIST[m[K(T, m_linktoslot) > m_slotlistarray;
      |                     [01;36m[K^~~~~~~~~~~~~~~~~~~[m[K
mingw32-make[3]: *** [CMakeFiles\warden.dir\build.make:6154: CMakeFiles/warden.dir/Source/UI/CSimpleRender.cpp.obj] Err
or 1
[ 86%] Building CXX object CMakeFiles/warden.dir/Source/UI/CSimpleScrollFrame.cpp.obj
In file included from [01m[KC:/Program Files/JetBrains/CLion 2026.2.1/bin/mingw/x86_64-w64-mingw32/include/stdint.h:3
2[m[K,
                 from [01m[KC:/Program Files/JetBrains/CLion 2026.2.1/bin/mingw/lib/gcc/x86_64-w64-mingw32/15.2.0/inc
lude/stdint.h:11[m[K,
                 from [01m[KC:/Program Files/JetBrains/CLion 2026.2.1/bin/mingw/lib/gcc/x86_64-w64-mingw32/15.2.0/inc
lude/c++/cstdint:47[m[K,
                 from [01m[KD:/workcode/game/warden/Source/UI/Types.h:3[m[K,
                 from [01m[KD:/workcode/game/warden/Source/UI/CSimpleFrame.h:4[m[K,
                 from [01m[KD:\workcode\game\warden\Source\UI\CSimpleScrollFrame.h:3[m[K,
                 from [01m[KD:\workcode\game\warden\Source\UI\CSimpleScrollFrame.cpp:1[m[K:
[01m[KD:/workcode/game/warden/Source/UI/CLayoutFrame.h:143:32:[m[K [01;35m[Kwarning: [m[K'[01m[Koffsetof[m[
K' within non-standard-layout type '[01m[KCLayoutFrame[m[K' is conditionally-supported [[01;35m[K-Winvalid-offset
of[m[K]
  143 |     extern STORM_EXPLICIT_LIST(CLayoutFrame, resizeLink) s_resizePendingList;
[01m[KD:/workcode/game/warden/Source/UI/CLayoutFrame.h:143:12:[m[K [01;36m[Knote: [m[Kin expansion of macro '[
01m[KSTORM_EXPLICIT_LIST[m[K'
  143 |     extern [01;36m[KSTORM_EXPLICIT_LIST[m[K(CLayoutFrame, resizeLink) s_resizePendingList;
      |            [01;36m[K^~~~~~~~~~~~~~~~~~~[m[K
[01m[KD:/workcode/game/warden/Source/UI/CSimpleFrame.h:74:25:[m[K [01;35m[Kwarning: [m[K'[01m[Koffsetof[m[K
' within non-standard-layout type '[01m[KCSimpleRegion[m[K' is conditionally-supported [[01;35m[K-Winvalid-offset
of[m[K]
   74 |     STORM_EXPLICIT_LIST(CSimpleRegion, m_regionLink) m_regions;
[01m[KD:/workcode/game/warden/Source/UI/CSimpleFrame.h:74:5:[m[K [01;36m[Knote: [m[Kin expansion of macro '[01
m[KSTORM_EXPLICIT_LIST[m[K'
   74 |     [01;36m[KSTORM_EXPLICIT_LIST[m[K(CSimpleRegion, m_regionLink) m_regions;
      |     [01;36m[K^~~~~~~~~~~~~~~~~~~[m[K
[01m[KD:/workcode/game/warden/Source/UI/CSimpleFrame.h:75:25:[m[K [01;35m[Kwarning: [m[K'[01m[Koffsetof[m[K
' within non-standard-layout type '[01m[KCSimpleRegion[m[K' is conditionally-supported [[01;35m[K-Winvalid-offset
of[m[K]
   75 |     STORM_EXPLICIT_LIST(CSimpleRegion, m_layerLink) m_drawlayers[NUM_SIMPLEFRAME_DRAWLAYERS];
[01m[KD:/workcode/game/warden/Source/UI/CSimpleFrame.h:75:5:[m[K [01;36m[Knote: [m[Kin expansion of macro '[01
m[KSTORM_EXPLICIT_LIST[m[K'
   75 |     [01;36m[KSTORM_EXPLICIT_LIST[m[K(CSimpleRegion, m_layerLink) m_drawlayers[NUM_SIMPLEFRAME_DRAWLAYERS];
      |     [01;36m[K^~~~~~~~~~~~~~~~~~~[m[K
[01m[KD:/workcode/game/warden/Source/UI/CSimpleFrame.h:78:25:[m[K [01;35m[Kwarning: [m[K'[01m[Koffsetof[m[K
' within non-standard-layout type '[01m[KCRenderBatch[m[K' is conditionally-supported [[01;35m[K-Winvalid-offseto
f[m[K]
   78 |     STORM_EXPLICIT_LIST(CRenderBatch, renderLink) m_renderList;
[01m[KD:/workcode/game/warden/Source/UI/CSimpleFrame.h:78:5:[m[K [01;36m[Knote: [m[Kin expansion of macro '[01
m[KSTORM_EXPLICIT_LIST[m[K'
   78 |     [01;36m[KSTORM_EXPLICIT_LIST[m[K(CRenderBatch, renderLink) m_renderList;
      |     [01;36m[K^~~~~~~~~~~~~~~~~~~[m[K
[ 86%] Building CXX object CMakeFiles/warden.dir/Source/UI/CSimpleScrollFrameScript.cpp.obj
In file included from [01m[KC:/Program Files/JetBrains/CLion 2026.2.1/bin/mingw/x86_64-w64-mingw32/include/stdint.h:3
2[m[K,
                 from [01m[KC:/Program Files/JetBrains/CLion 2026.2.1/bin/mingw/lib/gcc/x86_64-w64-mingw32/15.2.0/inc
lude/stdint.h:11[m[K,
                 from [01m[KC:/Program Files/JetBrains/CLion 2026.2.1/bin/mingw/lib/gcc/x86_64-w64-mingw32/15.2.0/inc
lude/c++/cstdint:47[m[K,
                 from [01m[KD:/workcode/game/warden/Source/UI/FrameScript.h:4[m[K,
                 from [01m[KD:/workcode/game/warden/Source/UI/CSimpleScrollFrameScript.h:3[m[K,
                 from [01m[KD:\workcode\game\warden\Source\UI\CSimpleScrollFrameScript.cpp:1[m[K:
[01m[KD:/workcode/game/warden/Source/UI/CLayoutFrame.h:143:32:[m[K [01;35m[Kwarning: [m[K'[01m[Koffsetof[m[
K' within non-standard-layout type '[01m[KCLayoutFrame[m[K' is conditionally-supported [[01;35m[K-Winvalid-offset
of[m[K]
  143 |     extern STORM_EXPLICIT_LIST(CLayoutFrame, resizeLink) s_resizePendingList;
[01m[KD:/workcode/game/warden/Source/UI/CLayoutFrame.h:143:12:[m[K [01;36m[Knote: [m[Kin expansion of macro '[
01m[KSTORM_EXPLICIT_LIST[m[K'
  143 |     extern [01;36m[KSTORM_EXPLICIT_LIST[m[K(CLayoutFrame, resizeLink) s_resizePendingList;
      |            [01;36m[K^~~~~~~~~~~~~~~~~~~[m[K
[01m[KD:/workcode/game/warden/Source/UI/CSimpleFrame.h:74:25:[m[K [01;35m[Kwarning: [m[K'[01m[Koffsetof[m[K
' within non-standard-layout type '[01m[KCSimpleRegion[m[K' is conditionally-supported [[01;35m[K-Winvalid-offset
of[m[K]
   74 |     STORM_EXPLICIT_LIST(CSimpleRegion, m_regionLink) m_regions;
[01m[KD:/workcode/game/warden/Source/UI/CSimpleFrame.h:74:5:[m[K [01;36m[Knote: [m[Kin expansion of macro '[01
m[KSTORM_EXPLICIT_LIST[m[K'
   74 |     [01;36m[KSTORM_EXPLICIT_LIST[m[K(CSimpleRegion, m_regionLink) m_regions;
      |     [01;36m[K^~~~~~~~~~~~~~~~~~~[m[K
[01m[KD:/workcode/game/warden/Source/UI/CSimpleFrame.h:75:25:[m[K [01;35m[Kwarning: [m[K'[01m[Koffsetof[m[K
' within non-standard-layout type '[01m[KCSimpleRegion[m[K' is conditionally-supported [[01;35m[K-Winvalid-offset
of[m[K]
   75 |     STORM_EXPLICIT_LIST(CSimpleRegion, m_layerLink) m_drawlayers[NUM_SIMPLEFRAME_DRAWLAYERS];
[01m[KD:/workcode/game/warden/Source/UI/CSimpleFrame.h:75:5:[m[K [01;36m[Knote: [m[Kin expansion of macro '[01
m[KSTORM_EXPLICIT_LIST[m[K'
   75 |     [01;36m[KSTORM_EXPLICIT_LIST[m[K(CSimpleRegion, m_layerLink) m_drawlayers[NUM_SIMPLEFRAME_DRAWLAYERS];
      |     [01;36m[K^~~~~~~~~~~~~~~~~~~[m[K
[01m[KD:/workcode/game/warden/Source/UI/CSimpleFrame.h:78:25:[m[K [01;35m[Kwarning: [m[K'[01m[Koffsetof[m[K
' within non-standard-layout type '[01m[KCRenderBatch[m[K' is conditionally-supported [[01;35m[K-Winvalid-offseto
f[m[K]
   78 |     STORM_EXPLICIT_LIST(CRenderBatch, renderLink) m_renderList;
[01m[KD:/workcode/game/warden/Source/UI/CSimpleFrame.h:78:5:[m[K [01;36m[Knote: [m[Kin expansion of macro '[01
m[KSTORM_EXPLICIT_LIST[m[K'
   78 |     [01;36m[KSTORM_EXPLICIT_LIST[m[K(CRenderBatch, renderLink) m_renderList;
      |     [01;36m[K^~~~~~~~~~~~~~~~~~~[m[K
[ 86%] Building CXX object CMakeFiles/warden.dir/Source/UI/CSimpleSlider.cpp.obj
In file included from [01m[KC:/Program Files/JetBrains/CLion 2026.2.1/bin/mingw/x86_64-w64-mingw32/include/stdint.h:3
2[m[K,
                 from [01m[KC:/Program Files/JetBrains/CLion 2026.2.1/bin/mingw/lib/gcc/x86_64-w64-mingw32/15.2.0/inc
lude/stdint.h:11[m[K,
                 from [01m[KC:/Program Files/JetBrains/CLion 2026.2.1/bin/mingw/lib/gcc/x86_64-w64-mingw32/15.2.0/inc
lude/c++/cstdint:47[m[K,
                 from [01m[KD:\workcode\game\warden\Source\UI\Types.h:3[m[K,
                 from [01m[KD:\workcode\game\warden\Source\UI\CSimpleFrame.h:4[m[K,
                 from [01m[KD:\workcode\game\warden\Source\UI\CSimpleSlider.h:3[m[K,
                 from [01m[KD:\workcode\game\warden\Source\UI\CSimpleSlider.cpp:1[m[K:
[01m[KD:/workcode/game/warden/Source/UI/CLayoutFrame.h:143:32:[m[K [01;35m[Kwarning: [m[K'[01m[Koffsetof[m[
K' within non-standard-layout type '[01m[KCLayoutFrame[m[K' is conditionally-supported [[01;35m[K-Winvalid-offset
of[m[K]
  143 |     extern STORM_EXPLICIT_LIST(CLayoutFrame, resizeLink) s_resizePendingList;
[01m[KD:/workcode/game/warden/Source/UI/CLayoutFrame.h:143:12:[m[K [01;36m[Knote: [m[Kin expansion of macro '[
01m[KSTORM_EXPLICIT_LIST[m[K'
  143 |     extern [01;36m[KSTORM_EXPLICIT_LIST[m[K(CLayoutFrame, resizeLink) s_resizePendingList;
      |            [01;36m[K^~~~~~~~~~~~~~~~~~~[m[K
[01m[KD:\workcode\game\warden\Source\UI\CSimpleFrame.h:74:25:[m[K [01;35m[Kwarning: [m[K'[01m[Koffsetof[m[K
' within non-standard-layout type '[01m[KCSimpleRegion[m[K' is conditionally-supported [[01;35m[K-Winvalid-offset
of[m[K]
   74 |     STORM_EXPLICIT_LIST(CSimpleRegion, m_regionLink) m_regions;
[01m[KD:\workcode\game\warden\Source\UI\CSimpleFrame.h:74:5:[m[K [01;36m[Knote: [m[Kin expansion of macro '[01
m[KSTORM_EXPLICIT_LIST[m[K'
   74 |     [01;36m[KSTORM_EXPLICIT_LIST[m[K(CSimpleRegion, m_regionLink) m_regions;
      |     [01;36m[K^~~~~~~~~~~~~~~~~~~[m[K
[01m[KD:\workcode\game\warden\Source\UI\CSimpleFrame.h:75:25:[m[K [01;35m[Kwarning: [m[K'[01m[Koffsetof[m[K
' within non-standard-layout type '[01m[KCSimpleRegion[m[K' is conditionally-supported [[01;35m[K-Winvalid-offset
of[m[K]
   75 |     STORM_EXPLICIT_LIST(CSimpleRegion, m_layerLink) m_drawlayers[NUM_SIMPLEFRAME_DRAWLAYERS];
[01m[KD:\workcode\game\warden\Source\UI\CSimpleFrame.h:75:5:[m[K [01;36m[Knote: [m[Kin expansion of macro '[01
m[KSTORM_EXPLICIT_LIST[m[K'
   75 |     [01;36m[KSTORM_EXPLICIT_LIST[m[K(CSimpleRegion, m_layerLink) m_drawlayers[NUM_SIMPLEFRAME_DRAWLAYERS];
      |     [01;36m[K^~~~~~~~~~~~~~~~~~~[m[K
[01m[KD:\workcode\game\warden\Source\UI\CSimpleFrame.h:78:25:[m[K [01;35m[Kwarning: [m[K'[01m[Koffsetof[m[K
' within non-standard-layout type '[01m[KCRenderBatch[m[K' is conditionally-supported [[01;35m[K-Winvalid-offseto
f[m[K]
   78 |     STORM_EXPLICIT_LIST(CRenderBatch, renderLink) m_renderList;
[01m[KD:\workcode\game\warden\Source\UI\CSimpleFrame.h:78:5:[m[K [01;36m[Knote: [m[Kin expansion of macro '[01
m[KSTORM_EXPLICIT_LIST[m[K'
   78 |     [01;36m[KSTORM_EXPLICIT_LIST[m[K(CRenderBatch, renderLink) m_renderList;
      |     [01;36m[K^~~~~~~~~~~~~~~~~~~[m[K
[ 86%] Building CXX object CMakeFiles/warden.dir/Source/UI/CSimpleSliderScript.cpp.obj
In file included from [01m[KC:/Program Files/JetBrains/CLion 2026.2.1/bin/mingw/x86_64-w64-mingw32/include/stdint.h:3
2[m[K,
                 from [01m[KC:/Program Files/JetBrains/CLion 2026.2.1/bin/mingw/lib/gcc/x86_64-w64-mingw32/15.2.0/inc
lude/stdint.h:11[m[K,
                 from [01m[KC:/Program Files/JetBrains/CLion 2026.2.1/bin/mingw/lib/gcc/x86_64-w64-mingw32/15.2.0/inc
lude/c++/cstdint:47[m[K,
                 from [01m[KD:/workcode/game/warden/Source/UI/FrameScript.h:4[m[K,
                 from [01m[KD:/workcode/game/warden/Source/UI/CSimpleSliderScript.h:3[m[K,
                 from [01m[KD:\workcode\game\warden\Source\UI\CSimpleSliderScript.cpp:1[m[K:
[01m[KD:/workcode/game/warden/Source/UI/CLayoutFrame.h:143:32:[m[K [01;35m[Kwarning: [m[K'[01m[Koffsetof[m[
K' within non-standard-layout type '[01m[KCLayoutFrame[m[K' is conditionally-supported [[01;35m[K-Winvalid-offset
of[m[K]
  143 |     extern STORM_EXPLICIT_LIST(CLayoutFrame, resizeLink) s_resizePendingList;
[01m[KD:/workcode/game/warden/Source/UI/CLayoutFrame.h:143:12:[m[K [01;36m[Knote: [m[Kin expansion of macro '[
01m[KSTORM_EXPLICIT_LIST[m[K'
  143 |     extern [01;36m[KSTORM_EXPLICIT_LIST[m[K(CLayoutFrame, resizeLink) s_resizePendingList;
      |            [01;36m[K^~~~~~~~~~~~~~~~~~~[m[K
[01m[KD:/workcode/game/warden/Source/UI/CSimpleFrame.h:74:25:[m[K [01;35m[Kwarning: [m[K'[01m[Koffsetof[m[K
' within non-standard-layout type '[01m[KCSimpleRegion[m[K' is conditionally-supported [[01;35m[K-Winvalid-offset
of[m[K]
   74 |     STORM_EXPLICIT_LIST(CSimpleRegion, m_regionLink) m_regions;
[01m[KD:/workcode/game/warden/Source/UI/CSimpleFrame.h:74:5:[m[K [01;36m[Knote: [m[Kin expansion of macro '[01
m[KSTORM_EXPLICIT_LIST[m[K'
   74 |     [01;36m[KSTORM_EXPLICIT_LIST[m[K(CSimpleRegion, m_regionLink) m_regions;
      |     [01;36m[K^~~~~~~~~~~~~~~~~~~[m[K
[01m[KD:/workcode/game/warden/Source/UI/CSimpleFrame.h:75:25:[m[K [01;35m[Kwarning: [m[K'[01m[Koffsetof[m[K
' within non-standard-layout type '[01m[KCSimpleRegion[m[K' is conditionally-supported [[01;35m[K-Winvalid-offset
of[m[K]
   75 |     STORM_EXPLICIT_LIST(CSimpleRegion, m_layerLink) m_drawlayers[NUM_SIMPLEFRAME_DRAWLAYERS];
[01m[KD:/workcode/game/warden/Source/UI/CSimpleFrame.h:75:5:[m[K [01;36m[Knote: [m[Kin expansion of macro '[01
m[KSTORM_EXPLICIT_LIST[m[K'
   75 |     [01;36m[KSTORM_EXPLICIT_LIST[m[K(CSimpleRegion, m_layerLink) m_drawlayers[NUM_SIMPLEFRAME_DRAWLAYERS];
      |     [01;36m[K^~~~~~~~~~~~~~~~~~~[m[K
[01m[KD:/workcode/game/warden/Source/UI/CSimpleFrame.h:78:25:[m[K [01;35m[Kwarning: [m[K'[01m[Koffsetof[m[K
' within non-standard-layout type '[01m[KCRenderBatch[m[K' is conditionally-supported [[01;35m[K-Winvalid-offseto
f[m[K]
   78 |     STORM_EXPLICIT_LIST(CRenderBatch, renderLink) m_renderList;
[01m[KD:/workcode/game/warden/Source/UI/CSimpleFrame.h:78:5:[m[K [01;36m[Knote: [m[Kin expansion of macro '[01
m[KSTORM_EXPLICIT_LIST[m[K'
   78 |     [01;36m[KSTORM_EXPLICIT_LIST[m[K(CRenderBatch, renderLink) m_renderList;
      |     [01;36m[K^~~~~~~~~~~~~~~~~~~[m[K
[ 86%] Building CXX object CMakeFiles/warden.dir/Source/UI/CSimpleTexture.cpp.obj
In file included from [01m[KC:/Program Files/JetBrains/CLion 2026.2.1/bin/mingw/x86_64-w64-mingw32/include/stdint.h:3
2[m[K,
                 from [01m[KC:/Program Files/JetBrains/CLion 2026.2.1/bin/mingw/lib/gcc/x86_64-w64-mingw32/15.2.0/inc
lude/stdint.h:11[m[K,
                 from [01m[KC:/Program Files/JetBrains/CLion 2026.2.1/bin/mingw/lib/gcc/x86_64-w64-mingw32/15.2.0/inc
lude/c++/cstdint:47[m[K,
                 from [01m[KD:/workcode/game/warden/Source/Engine/Source/Gx/Types.h:4[m[K,
                 from [01m[KD:/workcode/game/warden/Source/Engine/Source/Gx/Texture.h:3[m[K,
                 from [01m[KD:/workcode/game/warden/Source/UI/CSimpleTexture.h:3[m[K,
                 from [01m[KD:\workcode\game\warden\Source\UI\CSimpleTexture.cpp:1[m[K:
[01m[KD:/workcode/game/warden/Source/UI/CLayoutFrame.h:143:32:[m[K [01;35m[Kwarning: [m[K'[01m[Koffsetof[m[
K' within non-standard-layout type '[01m[KCLayoutFrame[m[K' is conditionally-supported [[01;35m[K-Winvalid-offset
of[m[K]
  143 |     extern STORM_EXPLICIT_LIST(CLayoutFrame, resizeLink) s_resizePendingList;
[01m[KD:/workcode/game/warden/Source/UI/CLayoutFrame.h:143:12:[m[K [01;36m[Knote: [m[Kin expansion of macro '[
01m[KSTORM_EXPLICIT_LIST[m[K'
  143 |     extern [01;36m[KSTORM_EXPLICIT_LIST[m[K(CLayoutFrame, resizeLink) s_resizePendingList;
      |            [01;36m[K^~~~~~~~~~~~~~~~~~~[m[K
[01m[KD:/workcode/game/warden/Source/UI/CSimpleFrame.h:74:25:[m[K [01;35m[Kwarning: [m[K'[01m[Koffsetof[m[K
' within non-standard-layout type '[01m[KCSimpleRegion[m[K' is conditionally-supported [[01;35m[K-Winvalid-offset
of[m[K]
   74 |     STORM_EXPLICIT_LIST(CSimpleRegion, m_regionLink) m_regions;
[01m[KD:/workcode/game/warden/Source/UI/CSimpleFrame.h:74:5:[m[K [01;36m[Knote: [m[Kin expansion of macro '[01
m[KSTORM_EXPLICIT_LIST[m[K'
   74 |     [01;36m[KSTORM_EXPLICIT_LIST[m[K(CSimpleRegion, m_regionLink) m_regions;
      |     [01;36m[K^~~~~~~~~~~~~~~~~~~[m[K
[01m[KD:/workcode/game/warden/Source/UI/CSimpleFrame.h:75:25:[m[K [01;35m[Kwarning: [m[K'[01m[Koffsetof[m[K
' within non-standard-layout type '[01m[KCSimpleRegion[m[K' is conditionally-supported [[01;35m[K-Winvalid-offset
of[m[K]
   75 |     STORM_EXPLICIT_LIST(CSimpleRegion, m_layerLink) m_drawlayers[NUM_SIMPLEFRAME_DRAWLAYERS];
[01m[KD:/workcode/game/warden/Source/UI/CSimpleFrame.h:75:5:[m[K [01;36m[Knote: [m[Kin expansion of macro '[01
m[KSTORM_EXPLICIT_LIST[m[K'
   75 |     [01;36m[KSTORM_EXPLICIT_LIST[m[K(CSimpleRegion, m_layerLink) m_drawlayers[NUM_SIMPLEFRAME_DRAWLAYERS];
      |     [01;36m[K^~~~~~~~~~~~~~~~~~~[m[K
[01m[KD:/workcode/game/warden/Source/UI/CSimpleFrame.h:78:25:[m[K [01;35m[Kwarning: [m[K'[01m[Koffsetof[m[K
' within non-standard-layout type '[01m[KCRenderBatch[m[K' is conditionally-supported [[01;35m[K-Winvalid-offseto
f[m[K]
   78 |     STORM_EXPLICIT_LIST(CRenderBatch, renderLink) m_renderList;
[01m[KD:/workcode/game/warden/Source/UI/CSimpleFrame.h:78:5:[m[K [01;36m[Knote: [m[Kin expansion of macro '[01
m[KSTORM_EXPLICIT_LIST[m[K'
   78 |     [01;36m[KSTORM_EXPLICIT_LIST[m[K(CRenderBatch, renderLink) m_renderList;
      |     [01;36m[K^~~~~~~~~~~~~~~~~~~[m[K
D:/workcode/game/warden/Source/Engine/Source/Common/TSHashTable.h: In instantiation of '[01m[Kclass TSHashTable<CGxSh
ader, HASHKEY_STRI>[m[K':
[01m[KD:/workcode/game/warden/Source/Engine/Source/Gx/CGxDevice.h:81:71:[m[K   required from here
   81 |     TSHashTable<CGxShader, HASHKEY_STRI> m_shaderList[GxShTargets_Last[01;36m[K][m[K;
      |                                                                       [01;36m[K^[m[K
[01m[KD:/workcode/game/warden/Source/Engine/Source/Common/TSHashTable.h:41:28:[m[K [01;31m[Kerror: [m[K'[01m[
Kclass CGxShader[m[K' has no member named '[01m[Km_linktofull[m[K'
   41 |     STORM_EXPLICIT_LIST(T, m_linktofull) m_fulllist;
[01m[KD:/workcode/game/warden/Source/Engine/Source/Common/TSHashTable.h:41:5:[m[K [01;36m[Knote: [m[Kin expansi
on of macro '[01m[KSTORM_EXPLICIT_LIST[m[K'
   41 |     [01;36m[KSTORM_EXPLICIT_LIST[m[K(T, m_linktofull) m_fulllist;
      |     [01;36m[K^~~~~~~~~~~~~~~~~~~[m[K
[01m[KD:/workcode/game/warden/Source/Engine/Source/Common/TSHashTable.h:49:44:[m[K [01;31m[Kerror: [m[K'[01m[
Kclass CGxShader[m[K' has no member named '[01m[Km_linktoslot[m[K'
   49 |     TSGrowableArray<STORM_EXPLICIT_LIST(T, m_linktoslot) > m_slotlistarray;
[01m[KD:/workcode/game/warden/Source/Engine/Source/Common/TSHashTable.h:49:21:[m[K [01;36m[Knote: [m[Kin expans
ion of macro '[01m[KSTORM_EXPLICIT_LIST[m[K'
   49 |     TSGrowableArray<[01;36m[KSTORM_EXPLICIT_LIST[m[K(T, m_linktoslot) > m_slotlistarray;
      |                     [01;36m[K^~~~~~~~~~~~~~~~~~~[m[K
[01m[KD:/workcode/game/warden/Source/Engine/Source/Common/TSHashTable.h:49:44:[m[K [01;31m[Kerror: [m[K'[01m[
Kclass CGxShader[m[K' has no member named '[01m[Km_linktoslot[m[K'
   49 |     TSGrowableArray<STORM_EXPLICIT_LIST(T, m_linktoslot) > m_slotlistarray;
[01m[KD:/workcode/game/warden/Source/Engine/Source/Common/TSHashTable.h:49:21:[m[K [01;36m[Knote: [m[Kin expans
ion of macro '[01m[KSTORM_EXPLICIT_LIST[m[K'
   49 |     TSGrowableArray<[01;36m[KSTORM_EXPLICIT_LIST[m[K(T, m_linktoslot) > m_slotlistarray;
      |                     [01;36m[K^~~~~~~~~~~~~~~~~~~[m[K
mingw32-make[3]: *** [CMakeFiles\warden.dir\build.make:6229: CMakeFiles/warden.dir/Source/UI/CSimpleTexture.cpp.obj] Er
ror 1
[ 86%] Building CXX object CMakeFiles/warden.dir/Source/UI/CSimpleTextureScript.cpp.obj
In file included from [01m[KC:/Program Files/JetBrains/CLion 2026.2.1/bin/mingw/x86_64-w64-mingw32/include/stdint.h:3
2[m[K,
                 from [01m[KC:/Program Files/JetBrains/CLion 2026.2.1/bin/mingw/lib/gcc/x86_64-w64-mingw32/15.2.0/inc
lude/stdint.h:11[m[K,
                 from [01m[KC:/Program Files/JetBrains/CLion 2026.2.1/bin/mingw/lib/gcc/x86_64-w64-mingw32/15.2.0/inc
lude/c++/cstdint:47[m[K,
                 from [01m[KD:/workcode/game/warden/Source/UI/FrameScript.h:4[m[K,
                 from [01m[KD:/workcode/game/warden/Source/UI/CSimpleTextureScript.h:3[m[K,
                 from [01m[KD:\workcode\game\warden\Source\UI\CSimpleTextureScript.cpp:1[m[K:
[01m[KD:/workcode/game/warden/Source/UI/CLayoutFrame.h:143:32:[m[K [01;35m[Kwarning: [m[K'[01m[Koffsetof[m[
K' within non-standard-layout type '[01m[KCLayoutFrame[m[K' is conditionally-supported [[01;35m[K-Winvalid-offset
of[m[K]
  143 |     extern STORM_EXPLICIT_LIST(CLayoutFrame, resizeLink) s_resizePendingList;
[01m[KD:/workcode/game/warden/Source/UI/CLayoutFrame.h:143:12:[m[K [01;36m[Knote: [m[Kin expansion of macro '[
01m[KSTORM_EXPLICIT_LIST[m[K'
  143 |     extern [01;36m[KSTORM_EXPLICIT_LIST[m[K(CLayoutFrame, resizeLink) s_resizePendingList;
      |            [01;36m[K^~~~~~~~~~~~~~~~~~~[m[K
[ 86%] Building CXX object CMakeFiles/warden.dir/Source/UI/CSimpleTop.cpp.obj
In file included from [01m[KC:/Program Files/JetBrains/CLion 2026.2.1/bin/mingw/x86_64-w64-mingw32/include/stdint.h:3
2[m[K,
                 from [01m[KC:/Program Files/JetBrains/CLion 2026.2.1/bin/mingw/lib/gcc/x86_64-w64-mingw32/15.2.0/inc
lude/stdint.h:11[m[K,
                 from [01m[KC:/Program Files/JetBrains/CLion 2026.2.1/bin/mingw/lib/gcc/x86_64-w64-mingw32/15.2.0/inc
lude/c++/cstdint:47[m[K,
                 from [01m[KD:/workcode/game/warden/Source/UI/Types.h:3[m[K,
                 from [01m[KD:\workcode\game\warden\Source\UI\CSimpleTop.cpp:1[m[K:
[01m[KD:/workcode/game/warden/Source/UI/CLayoutFrame.h:143:32:[m[K [01;35m[Kwarning: [m[K'[01m[Koffsetof[m[
K' within non-standard-layout type '[01m[KCLayoutFrame[m[K' is conditionally-supported [[01;35m[K-Winvalid-offset
of[m[K]
  143 |     extern STORM_EXPLICIT_LIST(CLayoutFrame, resizeLink) s_resizePendingList;
[01m[KD:/workcode/game/warden/Source/UI/CLayoutFrame.h:143:12:[m[K [01;36m[Knote: [m[Kin expansion of macro '[
01m[KSTORM_EXPLICIT_LIST[m[K'
  143 |     extern [01;36m[KSTORM_EXPLICIT_LIST[m[K(CLayoutFrame, resizeLink) s_resizePendingList;
      |            [01;36m[K^~~~~~~~~~~~~~~~~~~[m[K
[01m[KD:/workcode/game/warden/Source/UI/CSimpleFrame.h:74:25:[m[K [01;35m[Kwarning: [m[K'[01m[Koffsetof[m[K
' within non-standard-layout type '[01m[KCSimpleRegion[m[K' is conditionally-supported [[01;35m[K-Winvalid-offset
of[m[K]
   74 |     STORM_EXPLICIT_LIST(CSimpleRegion, m_regionLink) m_regions;
[01m[KD:/workcode/game/warden/Source/UI/CSimpleFrame.h:74:5:[m[K [01;36m[Knote: [m[Kin expansion of macro '[01
m[KSTORM_EXPLICIT_LIST[m[K'
   74 |     [01;36m[KSTORM_EXPLICIT_LIST[m[K(CSimpleRegion, m_regionLink) m_regions;
      |     [01;36m[K^~~~~~~~~~~~~~~~~~~[m[K
[01m[KD:/workcode/game/warden/Source/UI/CSimpleFrame.h:75:25:[m[K [01;35m[Kwarning: [m[K'[01m[Koffsetof[m[K
' within non-standard-layout type '[01m[KCSimpleRegion[m[K' is conditionally-supported [[01;35m[K-Winvalid-offset
of[m[K]
   75 |     STORM_EXPLICIT_LIST(CSimpleRegion, m_layerLink) m_drawlayers[NUM_SIMPLEFRAME_DRAWLAYERS];
[01m[KD:/workcode/game/warden/Source/UI/CSimpleFrame.h:75:5:[m[K [01;36m[Knote: [m[Kin expansion of macro '[01
m[KSTORM_EXPLICIT_LIST[m[K'
   75 |     [01;36m[KSTORM_EXPLICIT_LIST[m[K(CSimpleRegion, m_layerLink) m_drawlayers[NUM_SIMPLEFRAME_DRAWLAYERS];
      |     [01;36m[K^~~~~~~~~~~~~~~~~~~[m[K
[01m[KD:/workcode/game/warden/Source/UI/CSimpleFrame.h:78:25:[m[K [01;35m[Kwarning: [m[K'[01m[Koffsetof[m[K
' within non-standard-layout type '[01m[KCRenderBatch[m[K' is conditionally-supported [[01;35m[K-Winvalid-offseto
f[m[K]
   78 |     STORM_EXPLICIT_LIST(CRenderBatch, renderLink) m_renderList;
[01m[KD:/workcode/game/warden/Source/UI/CSimpleFrame.h:78:5:[m[K [01;36m[Knote: [m[Kin expansion of macro '[01
m[KSTORM_EXPLICIT_LIST[m[K'
   78 |     [01;36m[KSTORM_EXPLICIT_LIST[m[K(CRenderBatch, renderLink) m_renderList;
      |     [01;36m[K^~~~~~~~~~~~~~~~~~~[m[K
[01m[KD:/workcode/game/warden/Source/UI/CFrameStrata.h:13:25:[m[K [01;35m[Kwarning: [m[K'[01m[Koffsetof[m[K
' within non-standard-layout type '[01m[KCSimpleFrame[m[K' is conditionally-supported [[01;35m[K-Winvalid-offseto
f[m[K]
   13 |     STORM_EXPLICIT_LIST(CSimpleFrame, m_strataLink) pendingFrames;
[01m[KD:/workcode/game/warden/Source/UI/CFrameStrata.h:13:5:[m[K [01;36m[Knote: [m[Kin expansion of macro '[01
m[KSTORM_EXPLICIT_LIST[m[K'
   13 |     [01;36m[KSTORM_EXPLICIT_LIST[m[K(CSimpleFrame, m_strataLink) pendingFrames;
      |     [01;36m[K^~~~~~~~~~~~~~~~~~~[m[K
[01m[KD:/workcode/game/warden/Source/UI/CFrameStrata.h:14:25:[m[K [01;35m[Kwarning: [m[K'[01m[Koffsetof[m[K
' within non-standard-layout type '[01m[KCSimpleFrame[m[K' is conditionally-supported [[01;35m[K-Winvalid-offseto
f[m[K]
   14 |     STORM_EXPLICIT_LIST(CSimpleFrame, m_strataLink) frames;
[01m[KD:/workcode/game/warden/Source/UI/CFrameStrata.h:14:5:[m[K [01;36m[Knote: [m[Kin expansion of macro '[01
m[KSTORM_EXPLICIT_LIST[m[K'
   14 |     [01;36m[KSTORM_EXPLICIT_LIST[m[K(CSimpleFrame, m_strataLink) frames;
      |     [01;36m[K^~~~~~~~~~~~~~~~~~~[m[K
[01m[KD:/workcode/game/warden/Source/UI/CFrameStrata.h:18:25:[m[K [01;35m[Kwarning: [m[K'[01m[Koffsetof[m[K
' within non-standard-layout type '[01m[KCRenderBatch[m[K' is conditionally-supported [[01;35m[K-Winvalid-offseto
f[m[K]
   18 |     STORM_EXPLICIT_LIST(CRenderBatch, renderLink) renderList;
[01m[KD:/workcode/game/warden/Source/UI/CFrameStrata.h:18:5:[m[K [01;36m[Knote: [m[Kin expansion of macro '[01
m[KSTORM_EXPLICIT_LIST[m[K'
   18 |     [01;36m[KSTORM_EXPLICIT_LIST[m[K(CRenderBatch, renderLink) renderList;
      |     [01;36m[K^~~~~~~~~~~~~~~~~~~[m[K
[01m[KD:/workcode/game/warden/Source/UI/CSimpleTop.h:66:25:[m[K [01;35m[Kwarning: [m[K'[01m[Koffsetof[m[K' 
within non-standard-layout type '[01m[KCSimpleFrame[m[K' is conditionally-supported [[01;35m[K-Winvalid-offsetof
[m[K]
   66 |     STORM_EXPLICIT_LIST(CSimpleFrame, m_framesLink) m_frames;
[01m[KD:/workcode/game/warden/Source/UI/CSimpleTop.h:66:5:[m[K [01;36m[Knote: [m[Kin expansion of macro '[01m
[KSTORM_EXPLICIT_LIST[m[K'
   66 |     [01;36m[KSTORM_EXPLICIT_LIST[m[K(CSimpleFrame, m_framesLink) m_frames;
      |     [01;36m[K^~~~~~~~~~~~~~~~~~~[m[K
[01m[KD:/workcode/game/warden/Source/UI/CSimpleTop.h:67:25:[m[K [01;35m[Kwarning: [m[K'[01m[Koffsetof[m[K' 
within non-standard-layout type '[01m[KCSimpleFrame[m[K' is conditionally-supported [[01;35m[K-Winvalid-offsetof
[m[K]
   67 |     STORM_EXPLICIT_LIST(CSimpleFrame, m_destroyedLink) m_destroyed;
[01m[KD:/workcode/game/warden/Source/UI/CSimpleTop.h:67:5:[m[K [01;36m[Knote: [m[Kin expansion of macro '[01m
[KSTORM_EXPLICIT_LIST[m[K'
   67 |     [01;36m[KSTORM_EXPLICIT_LIST[m[K(CSimpleFrame, m_destroyedLink) m_destroyed;
      |     [01;36m[K^~~~~~~~~~~~~~~~~~~[m[K
D:/workcode/game/warden/Source/Engine/Source/Common/TSHashTable.h: In instantiation of '[01m[Kclass TSHashTable<CGxSh
ader, HASHKEY_STRI>[m[K':
[01m[KD:/workcode/game/warden/Source/Engine/Source/Gx/CGxDevice.h:81:71:[m[K   required from here
   81 |     TSHashTable<CGxShader, HASHKEY_STRI> m_shaderList[GxShTargets_Last[01;36m[K][m[K;
      |                                                                       [01;36m[K^[m[K
[01m[KD:/workcode/game/warden/Source/Engine/Source/Common/TSHashTable.h:41:28:[m[K [01;31m[Kerror: [m[K'[01m[
Kclass CGxShader[m[K' has no member named '[01m[Km_linktofull[m[K'
   41 |     STORM_EXPLICIT_LIST(T, m_linktofull) m_fulllist;
[01m[KD:/workcode/game/warden/Source/Engine/Source/Common/TSHashTable.h:41:5:[m[K [01;36m[Knote: [m[Kin expansi
on of macro '[01m[KSTORM_EXPLICIT_LIST[m[K'
   41 |     [01;36m[KSTORM_EXPLICIT_LIST[m[K(T, m_linktofull) m_fulllist;
      |     [01;36m[K^~~~~~~~~~~~~~~~~~~[m[K
[01m[KD:/workcode/game/warden/Source/Engine/Source/Common/TSHashTable.h:49:44:[m[K [01;31m[Kerror: [m[K'[01m[
Kclass CGxShader[m[K' has no member named '[01m[Km_linktoslot[m[K'
   49 |     TSGrowableArray<STORM_EXPLICIT_LIST(T, m_linktoslot) > m_slotlistarray;
[01m[KD:/workcode/game/warden/Source/Engine/Source/Common/TSHashTable.h:49:21:[m[K [01;36m[Knote: [m[Kin expans
ion of macro '[01m[KSTORM_EXPLICIT_LIST[m[K'
   49 |     TSGrowableArray<[01;36m[KSTORM_EXPLICIT_LIST[m[K(T, m_linktoslot) > m_slotlistarray;
      |                     [01;36m[K^~~~~~~~~~~~~~~~~~~[m[K
[01m[KD:/workcode/game/warden/Source/Engine/Source/Common/TSHashTable.h:49:44:[m[K [01;31m[Kerror: [m[K'[01m[
Kclass CGxShader[m[K' has no member named '[01m[Km_linktoslot[m[K'
   49 |     TSGrowableArray<STORM_EXPLICIT_LIST(T, m_linktoslot) > m_slotlistarray;
[01m[KD:/workcode/game/warden/Source/Engine/Source/Common/TSHashTable.h:49:21:[m[K [01;36m[Knote: [m[Kin expans
ion of macro '[01m[KSTORM_EXPLICIT_LIST[m[K'
   49 |     TSGrowableArray<[01;36m[KSTORM_EXPLICIT_LIST[m[K(T, m_linktoslot) > m_slotlistarray;
      |                     [01;36m[K^~~~~~~~~~~~~~~~~~~[m[K
mingw32-make[3]: *** [CMakeFiles\warden.dir\build.make:6259: CMakeFiles/warden.dir/Source/UI/CSimpleTop.cpp.obj] Error 
1
[ 87%] Building CXX object CMakeFiles/warden.dir/Source/UI/CSkinManager.cpp.obj
[ 87%] Building CXX object CMakeFiles/warden.dir/Source/UI/CSoundManager.cpp.obj
[ 87%] Building CXX object CMakeFiles/warden.dir/Source/UI/CSoundManagerI.cpp.obj
[ 87%] Building CXX object CMakeFiles/warden.dir/Source/UI/CStatBar.cpp.obj
[ 87%] Building CXX object CMakeFiles/warden.dir/Source/UI/CTimeOfDayIndicator.cpp.obj
[ 87%] Building CXX object CMakeFiles/warden.dir/Source/UI/CToolTipWar3.cpp.obj
[ 87%] Building CXX object CMakeFiles/warden.dir/Source/UI/CUnitTip.cpp.obj
[ 87%] Building CXX object CMakeFiles/warden.dir/Source/UI/CUnitUIManager.cpp.obj
[ 87%] Building CXX object CMakeFiles/warden.dir/Source/UI/CUpperButtonBar.cpp.obj
[ 87%] Building CXX object CMakeFiles/warden.dir/Source/UI/CWorldFrameWar3.cpp.obj
[ 89%] Building CXX object CMakeFiles/warden.dir/Source/UI/FrameScript.cpp.obj
In file included from [01m[KC:/Program Files/JetBrains/CLion 2026.2.1/bin/mingw/x86_64-w64-mingw32/include/stdint.h:3
2[m[K,
                 from [01m[KC:/Program Files/JetBrains/CLion 2026.2.1/bin/mingw/lib/gcc/x86_64-w64-mingw32/15.2.0/inc
lude/stdint.h:11[m[K,
                 from [01m[KC:/Program Files/JetBrains/CLion 2026.2.1/bin/mingw/lib/gcc/x86_64-w64-mingw32/15.2.0/inc
lude/c++/cstdint:47[m[K,
                 from [01m[KD:\workcode\game\warden\Source\UI\FrameScript.h:4[m[K,
                 from [01m[KD:\workcode\game\warden\Source\UI\FrameScript.cpp:1[m[K:
D:/workcode/game/warden/Source/Engine/Source/Common/TSHashTable.h: In instantiation of '[01m[Kclass TSHashTable<Frame
Script_EventObject, HASHKEY_STRI>[m[K':
[01m[KD:\workcode\game\warden\Source\UI\FrameScript.cpp:24:65:[m[K   required from here
   24 | TSHashTable<FrameScript_EventObject, HASHKEY_STRI> FrameScript::[01;36m[Ks_scriptEventsHash[m[K;
      |                                                                 [01;36m[K^~~~~~~~~~~~~~~~~~[m[K
[01m[KD:/workcode/game/warden/Source/Engine/Source/Common/TSHashTable.h:41:25:[m[K [01;35m[Kwarning: [m[K'[01m
[Koffsetof[m[K' within non-standard-layout type '[01m[KFrameScript_EventObject[m[K' is conditionally-supported [
[01;35m[K-Winvalid-offsetof[m[K]
   41 |     STORM_EXPLICIT_LIST(T, m_linktofull) m_fulllist;
[01m[KD:/workcode/game/warden/Source/Engine/Source/Common/TSHashTable.h:41:5:[m[K [01;36m[Knote: [m[Kin expansi
on of macro '[01m[KSTORM_EXPLICIT_LIST[m[K'
   41 |     [01;36m[KSTORM_EXPLICIT_LIST[m[K(T, m_linktofull) m_fulllist;
      |     [01;36m[K^~~~~~~~~~~~~~~~~~~[m[K
[01m[KD:/workcode/game/warden/Source/Engine/Source/Common/TSHashTable.h:49:41:[m[K [01;35m[Kwarning: [m[K'[01m
[Koffsetof[m[K' within non-standard-layout type '[01m[KFrameScript_EventObject[m[K' is conditionally-supported [
[01;35m[K-Winvalid-offsetof[m[K]
   49 |     TSGrowableArray<STORM_EXPLICIT_LIST(T, m_linktoslot) > m_slotlistarray;
[01m[KD:/workcode/game/warden/Source/Engine/Source/Common/TSHashTable.h:49:21:[m[K [01;36m[Knote: [m[Kin expans
ion of macro '[01m[KSTORM_EXPLICIT_LIST[m[K'
   49 |     TSGrowableArray<[01;36m[KSTORM_EXPLICIT_LIST[m[K(T, m_linktoslot) > m_slotlistarray;
      |                     [01;36m[K^~~~~~~~~~~~~~~~~~~[m[K
[01m[KD:/workcode/game/warden/Source/Engine/Source/Common/TSHashTable.h:49:41:[m[K [01;35m[Kwarning: [m[K'[01m
[Koffsetof[m[K' within non-standard-layout type '[01m[KFrameScript_EventObject[m[K' is conditionally-supported [
[01;35m[K-Winvalid-offsetof[m[K]
   49 |     TSGrowableArray<STORM_EXPLICIT_LIST(T, m_linktoslot) > m_slotlistarray;
[01m[KD:/workcode/game/warden/Source/Engine/Source/Common/TSHashTable.h:49:21:[m[K [01;36m[Knote: [m[Kin expans
ion of macro '[01m[KSTORM_EXPLICIT_LIST[m[K'
   49 |     TSGrowableArray<[01;36m[KSTORM_EXPLICIT_LIST[m[K(T, m_linktoslot) > m_slotlistarray;
      |                     [01;36m[K^~~~~~~~~~~~~~~~~~~[m[K
[01m[KD:/workcode/game/warden/Source/Engine/Source/Common/TSHashTable.h:49:41:[m[K [01;35m[Kwarning: [m[K'[01m
[Koffsetof[m[K' within non-standard-layout type '[01m[KFrameScript_EventObject[m[K' is conditionally-supported [
[01;35m[K-Winvalid-offsetof[m[K]
   49 |     TSGrowableArray<STORM_EXPLICIT_LIST(T, m_linktoslot) > m_slotlistarray;
[01m[KD:/workcode/game/warden/Source/Engine/Source/Common/TSHashTable.h:49:21:[m[K [01;36m[Knote: [m[Kin expans
ion of macro '[01m[KSTORM_EXPLICIT_LIST[m[K'
   49 |     TSGrowableArray<[01;36m[KSTORM_EXPLICIT_LIST[m[K(T, m_linktoslot) > m_slotlistarray;
      |                     [01;36m[K^~~~~~~~~~~~~~~~~~~[m[K
D:/workcode/game/warden/Source/Engine/Source/Common/TSHashTable.h: In instantiation of '[01m[KT* TSHashTable<T, TKey>
::[01;32m[KInternalNewNode[m[K(uint32_t, size_t, uint32_t) [35m[K[with T = FrameScript_EventObject; TKey = HASHKE
Y_STRI; uint32_t = unsigned int; size_t = long long unsigned int][m[K[m[K':
[01m[KD:/workcode/game/warden/Source/Engine/Source/Common/TSHashTable.h:221:20:[m[K   required from '[01m[KT* TSH
ashTable<T, TKey>::[01;32m[KNew[m[K(uint32_t, const char*, size_t, uint32_t) [35m[K[with T = FrameScript_EventObj
ect; TKey = HASHKEY_STRI; uint32_t = unsigned int; size_t = long long unsigned int][m[K[m[K'
  221 |     T *ptr = [01;36m[Kthis->InternalNewNode[m[K(hashval, extrabytes, flags);
      |              [01;36m[K~~~~~~^~~~~~~~~~~~~~~[m[K
[01m[KD:/workcode/game/warden/Source/Engine/Source/Common/TSHashTable.h:216:21:[m[K   required from '[01m[KT* TSH
ashTable<T, TKey>::[01;32m[KNew[m[K(const char*, size_t, uint32_t) [35m[K[with T = FrameScript_EventObject; TKey 
= HASHKEY_STRI; size_t = long long unsigned int; uint32_t = unsigned int][m[K[m[K'
  216 |     return [01;36m[Kthis->New(hashval, str, extrabytes, flags)[m[K;
      |            [01;36m[K~~~~~~~~~^~~~~~~~~~~~~~~~~~~~~~~~~~~~~~~~~[m[K
[01m[KD:\workcode\game\warden\Source\UI\FrameScript.cpp:148:57:[m[K   required from here
  148 |         auto event = [01;36m[KFrameScript::s_scriptEventsHash.New(names[i], 0, 0)[m[K;
      |                      [01;36m[K~~~~~~~~~~~~~~~~~~~~~~~~~~~~~~~~~~~^~~~~~~~~~~~~~~~[m[K
[01m[KD:/workcode/game/warden/Source/Engine/Source/Common/TSHashTable.h:49:41:[m[K [01;35m[Kwarning: [m[K'[01m
[Koffsetof[m[K' within non-standard-layout type '[01m[KFrameScript_EventObject[m[K' is conditionally-supported [
[01;35m[K-Winvalid-offsetof[m[K]
   49 |     TSGrowableArray<STORM_EXPLICIT_LIST(T, m_linktoslot) > m_slotlistarray;
[01m[KD:/workcode/game/warden/Source/Engine/Source/Common/TSHashTable.h:49:21:[m[K [01;36m[Knote: [m[Kin expans
ion of macro '[01m[KSTORM_EXPLICIT_LIST[m[K'
   49 |     TSGrowableArray<[01;36m[KSTORM_EXPLICIT_LIST[m[K(T, m_linktoslot) > m_slotlistarray;
      |                     [01;36m[K^~~~~~~~~~~~~~~~~~~[m[K
D:/workcode/game/warden/Source/Engine/Source/Common/TSHashTable.h: In instantiation of '[01m[Kvoid TSHashTable<T, TKe
y>::[01;32m[KInitialize[m[K() [35m[K[with T = FrameScript_EventObject; TKey = HASHKEY_STRI][m[K[m[K':
[01m[KD:/workcode/game/warden/Source/Engine/Source/Common/TSHashTable.h:190:15:[m[K   required from '[01m[KT* TSH
ashTable<T, TKey>::[01;32m[KInternalNewNode[m[K(uint32_t, size_t, uint32_t) [35m[K[with T = FrameScript_EventObje
ct; TKey = HASHKEY_STRI; uint32_t = unsigned int; size_t = long long unsigned int][m[K[m[K'
  190 |         [01;36m[Kthis->Initialize[m[K();
      |         [01;36m[K~~~~~~^~~~~~~~~~[m[K
[01m[KD:/workcode/game/warden/Source/Engine/Source/Common/TSHashTable.h:221:20:[m[K   required from '[01m[KT* TSH
ashTable<T, TKey>::[01;32m[KNew[m[K(uint32_t, const char*, size_t, uint32_t) [35m[K[with T = FrameScript_EventObj
ect; TKey = HASHKEY_STRI; uint32_t = unsigned int; size_t = long long unsigned int][m[K[m[K'
  221 |     T *ptr = [01;36m[Kthis->InternalNewNode[m[K(hashval, extrabytes, flags);
      |              [01;36m[K~~~~~~^~~~~~~~~~~~~~~[m[K
[01m[KD:/workcode/game/warden/Source/Engine/Source/Common/TSHashTable.h:216:21:[m[K   required from '[01m[KT* TSH
ashTable<T, TKey>::[01;32m[KNew[m[K(const char*, size_t, uint32_t) [35m[K[with T = FrameScript_EventObject; TKey 
= HASHKEY_STRI; size_t = long long unsigned int; uint32_t = unsigned int][m[K[m[K'
  216 |     return [01;36m[Kthis->New(hashval, str, extrabytes, flags)[m[K;
      |            [01;36m[K~~~~~~~~~^~~~~~~~~~~~~~~~~~~~~~~~~~~~~~~~~[m[K
[01m[KD:\workcode\game\warden\Source\UI\FrameScript.cpp:148:57:[m[K   required from here
  148 |         auto event = [01;36m[KFrameScript::s_scriptEventsHash.New(names[i], 0, 0)[m[K;
      |                      [01;36m[K~~~~~~~~~~~~~~~~~~~~~~~~~~~~~~~~~~~^~~~~~~~~~~~~~~~[m[K
[01m[KD:/workcode/game/warden/Source/Engine/Source/Common/TSHashTable.h:49:41:[m[K [01;35m[Kwarning: [m[K'[01m
[Koffsetof[m[K' within non-standard-layout type '[01m[KFrameScript_EventObject[m[K' is conditionally-supported [
[01;35m[K-Winvalid-offsetof[m[K]
   49 |     TSGrowableArray<STORM_EXPLICIT_LIST(T, m_linktoslot) > m_slotlistarray;
[01m[KD:/workcode/game/warden/Source/Engine/Source/Common/TSHashTable.h:49:21:[m[K [01;36m[Knote: [m[Kin expans
ion of macro '[01m[KSTORM_EXPLICIT_LIST[m[K'
   49 |     TSGrowableArray<[01;36m[KSTORM_EXPLICIT_LIST[m[K(T, m_linktoslot) > m_slotlistarray;
      |                     [01;36m[K^~~~~~~~~~~~~~~~~~~[m[K
D:/workcode/game/warden/Source/Engine/Source/Common/TSHashTable.h: In instantiation of '[01m[KT* TSHashTable<T, TKey>
::[01;32m[KInternalNew[m[K(TSExplicitList<T, offsetof(T, m_linktoslot)>*, size_t, uint32_t) [35m[K[with T = Frame
Script_EventObject; TKey = HASHKEY_STRI; size_t = long long unsigned int; uint32_t = unsigned int][m[K[m[K':
[01m[KD:/workcode/game/warden/Source/Engine/Source/Common/TSHashTable.h:200:19:[m[K   required from '[01m[KT* TSH
ashTable<T, TKey>::[01;32m[KInternalNewNode[m[K(uint32_t, size_t, uint32_t) [35m[K[with T = FrameScript_EventObje
ct; TKey = HASHKEY_STRI; uint32_t = unsigned int; size_t = long long unsigned int][m[K[m[K'
  200 |     T *v8 = [01;36m[Kthis->InternalNew[m[K(v7, extrabytes, flags);
      |             [01;36m[K~~~~~~^~~~~~~~~~~[m[K
[01m[KD:/workcode/game/warden/Source/Engine/Source/Common/TSHashTable.h:221:20:[m[K   required from '[01m[KT* TSH
ashTable<T, TKey>::[01;32m[KNew[m[K(uint32_t, const char*, size_t, uint32_t) [35m[K[with T = FrameScript_EventObj
ect; TKey = HASHKEY_STRI; uint32_t = unsigned int; size_t = long long unsigned int][m[K[m[K'
  221 |     T *ptr = [01;36m[Kthis->InternalNewNode[m[K(hashval, extrabytes, flags);
      |              [01;36m[K~~~~~~^~~~~~~~~~~~~~~[m[K
[01m[KD:/workcode/game/warden/Source/Engine/Source/Common/TSHashTable.h:216:21:[m[K   required from '[01m[KT* TSH
ashTable<T, TKey>::[01;32m[KNew[m[K(const char*, size_t, uint32_t) [35m[K[with T = FrameScript_EventObject; TKey 
= HASHKEY_STRI; size_t = long long unsigned int; uint32_t = unsigned int][m[K[m[K'
  216 |     return [01;36m[Kthis->New(hashval, str, extrabytes, flags)[m[K;
      |            [01;36m[K~~~~~~~~~^~~~~~~~~~~~~~~~~~~~~~~~~~~~~~~~~[m[K
[01m[KD:\workcode\game\warden\Source\UI\FrameScript.cpp:148:57:[m[K   required from here
  148 |         auto event = [01;36m[KFrameScript::s_scriptEventsHash.New(names[i], 0, 0)[m[K;
      |                      [01;36m[K~~~~~~~~~~~~~~~~~~~~~~~~~~~~~~~~~~~^~~~~~~~~~~~~~~~[m[K
[01m[KD:/workcode/game/warden/Source/Engine/Source/Common/TSHashTable.h:49:41:[m[K [01;35m[Kwarning: [m[K'[01m
[Koffsetof[m[K' within non-standard-layout type '[01m[KFrameScript_EventObject[m[K' is conditionally-supported [
[01;35m[K-Winvalid-offsetof[m[K]
   49 |     TSGrowableArray<STORM_EXPLICIT_LIST(T, m_linktoslot) > m_slotlistarray;
[01m[KD:/workcode/game/warden/Source/Engine/Source/Common/TSHashTable.h:49:21:[m[K [01;36m[Knote: [m[Kin expans
ion of macro '[01m[KSTORM_EXPLICIT_LIST[m[K'
   49 |     TSGrowableArray<[01;36m[KSTORM_EXPLICIT_LIST[m[K(T, m_linktoslot) > m_slotlistarray;
      |                     [01;36m[K^~~~~~~~~~~~~~~~~~~[m[K
D:/workcode/game/warden/Source/Engine/Source/Common/TSHashTable.h: In instantiation of '[01m[Kint32_t TSHashTable<T, 
TKey>::[01;32m[KGetLinkOffset[m[K() [35m[K[with T = FrameScript_EventObject; TKey = HASHKEY_STRI; int32_t = int]
[m[K[m[K':
[01m[KD:/workcode/game/warden/Source/Engine/Source/Common/TSHashTable.h:117:29:[m[K   required from '[01m[Kvoid T
SHashTable<T, TKey>::[01;32m[KInitialize[m[K() [35m[K[with T = FrameScript_EventObject; TKey = HASHKEY_STRI][m[
K[m[K'
  117 |     int32_t linkOfs = [01;36m[Kthis->GetLinkOffset[m[K();
      |                       [01;36m[K~~~~~~^~~~~~~~~~~~~[m[K
[01m[KD:/workcode/game/warden/Source/Engine/Source/Common/TSHashTable.h:190:15:[m[K   required from '[01m[KT* TSH
ashTable<T, TKey>::[01;32m[KInternalNewNode[m[K(uint32_t, size_t, uint32_t) [35m[K[with T = FrameScript_EventObje
ct; TKey = HASHKEY_STRI; uint32_t = unsigned int; size_t = long long unsigned int][m[K[m[K'
  190 |         [01;36m[Kthis->Initialize[m[K();
      |         [01;36m[K~~~~~~^~~~~~~~~~[m[K
[01m[KD:/workcode/game/warden/Source/Engine/Source/Common/TSHashTable.h:221:20:[m[K   required from '[01m[KT* TSH
ashTable<T, TKey>::[01;32m[KNew[m[K(uint32_t, const char*, size_t, uint32_t) [35m[K[with T = FrameScript_EventObj
ect; TKey = HASHKEY_STRI; uint32_t = unsigned int; size_t = long long unsigned int][m[K[m[K'
  221 |     T *ptr = [01;36m[Kthis->InternalNewNode[m[K(hashval, extrabytes, flags);
      |              [01;36m[K~~~~~~^~~~~~~~~~~~~~~[m[K
[01m[KD:/workcode/game/warden/Source/Engine/Source/Common/TSHashTable.h:216:21:[m[K   required from '[01m[KT* TSH
ashTable<T, TKey>::[01;32m[KNew[m[K(const char*, size_t, uint32_t) [35m[K[with T = FrameScript_EventObject; TKey 
= HASHKEY_STRI; size_t = long long unsigned int; uint32_t = unsigned int][m[K[m[K'
  216 |     return [01;36m[Kthis->New(hashval, str, extrabytes, flags)[m[K;
      |            [01;36m[K~~~~~~~~~^~~~~~~~~~~~~~~~~~~~~~~~~~~~~~~~~[m[K
[01m[KD:\workcode\game\warden\Source\UI\FrameScript.cpp:148:57:[m[K   required from here
  148 |         auto event = [01;36m[KFrameScript::s_scriptEventsHash.New(names[i], 0, 0)[m[K;
      |                      [01;36m[K~~~~~~~~~~~~~~~~~~~~~~~~~~~~~~~~~~~^~~~~~~~~~~~~~~~[m[K
[01m[KD:/workcode/game/warden/Source/Engine/Source/Common/TSHashTable.h:104:26:[m[K [01;35m[Kwarning: [m[K'[01
m[Koffsetof[m[K' within non-standard-layout type '[01m[KFrameScript_EventObject[m[K' is conditionally-supported 
[[01;35m[K-Winvalid-offsetof[m[K]
  104 |     return STRUCT_OFFSET(T, m_linktoslot);
[01m[KD:/workcode/game/warden/Source/Engine/Source/Common/TSHashTable.h:104:12:[m[K [01;36m[Knote: [m[Kin expan
sion of macro '[01m[KSTRUCT_OFFSET[m[K'
  104 |     return [01;36m[KSTRUCT_OFFSET[m[K(T, m_linktoslot);
      |            [01;36m[K^~~~~~~~~~~~~[m[K
[ 89%] Building CXX object CMakeFiles/warden.dir/Source/UI/FrameScript_Object.cpp.obj
In file included from [01m[KC:/Program Files/JetBrains/CLion 2026.2.1/bin/mingw/x86_64-w64-mingw32/include/stdint.h:3
2[m[K,
                 from [01m[KC:/Program Files/JetBrains/CLion 2026.2.1/bin/mingw/lib/gcc/x86_64-w64-mingw32/15.2.0/inc
lude/stdint.h:11[m[K,
                 from [01m[KC:/Program Files/JetBrains/CLion 2026.2.1/bin/mingw/lib/gcc/x86_64-w64-mingw32/15.2.0/inc
lude/c++/cstdint:47[m[K,
                 from [01m[KD:\workcode\game\warden\Source\UI\FrameScript.h:4[m[K,
                 from [01m[KD:\workcode\game\warden\Source\UI\FrameScript_Object.h:3[m[K,
                 from [01m[KD:\workcode\game\warden\Source\UI\FrameScript_Object.cpp:1[m[K:
D:/workcode/game/warden/Source/Engine/Source/Common/TSHashTable.h: In instantiation of '[01m[Kclass TSHashTable<Frame
Script_EventObject, HASHKEY_STRI>[m[K':
[01m[KD:\workcode\game\warden\Source\UI\FrameScript_Object.cpp:48:49:[m[K   required from here
   48 |     auto event = FrameScript::s_scriptEventsHash[01;36m[K.[m[KPtr(name);
      |                                                 [01;36m[K^[m[K
[01m[KD:/workcode/game/warden/Source/Engine/Source/Common/TSHashTable.h:41:25:[m[K [01;35m[Kwarning: [m[K'[01m
[Koffsetof[m[K' within non-standard-layout type '[01m[KFrameScript_EventObject[m[K' is conditionally-supported [
[01;35m[K-Winvalid-offsetof[m[K]
   41 |     STORM_EXPLICIT_LIST(T, m_linktofull) m_fulllist;
[01m[KD:/workcode/game/warden/Source/Engine/Source/Common/TSHashTable.h:41:5:[m[K [01;36m[Knote: [m[Kin expansi
on of macro '[01m[KSTORM_EXPLICIT_LIST[m[K'
   41 |     [01;36m[KSTORM_EXPLICIT_LIST[m[K(T, m_linktofull) m_fulllist;
      |     [01;36m[K^~~~~~~~~~~~~~~~~~~[m[K
[01m[KD:/workcode/game/warden/Source/Engine/Source/Common/TSHashTable.h:49:41:[m[K [01;35m[Kwarning: [m[K'[01m
[Koffsetof[m[K' within non-standard-layout type '[01m[KFrameScript_EventObject[m[K' is conditionally-supported [
[01;35m[K-Winvalid-offsetof[m[K]
   49 |     TSGrowableArray<STORM_EXPLICIT_LIST(T, m_linktoslot) > m_slotlistarray;
[01m[KD:/workcode/game/warden/Source/Engine/Source/Common/TSHashTable.h:49:21:[m[K [01;36m[Knote: [m[Kin expans
ion of macro '[01m[KSTORM_EXPLICIT_LIST[m[K'
   49 |     TSGrowableArray<[01;36m[KSTORM_EXPLICIT_LIST[m[K(T, m_linktoslot) > m_slotlistarray;
      |                     [01;36m[K^~~~~~~~~~~~~~~~~~~[m[K
[01m[KD:/workcode/game/warden/Source/Engine/Source/Common/TSHashTable.h:49:41:[m[K [01;35m[Kwarning: [m[K'[01m
[Koffsetof[m[K' within non-standard-layout type '[01m[KFrameScript_EventObject[m[K' is conditionally-supported [
[01;35m[K-Winvalid-offsetof[m[K]
   49 |     TSGrowableArray<STORM_EXPLICIT_LIST(T, m_linktoslot) > m_slotlistarray;
[01m[KD:/workcode/game/warden/Source/Engine/Source/Common/TSHashTable.h:49:21:[m[K [01;36m[Knote: [m[Kin expans
ion of macro '[01m[KSTORM_EXPLICIT_LIST[m[K'
   49 |     TSGrowableArray<[01;36m[KSTORM_EXPLICIT_LIST[m[K(T, m_linktoslot) > m_slotlistarray;
      |                     [01;36m[K^~~~~~~~~~~~~~~~~~~[m[K
[01m[KD:/workcode/game/warden/Source/Engine/Source/Common/TSHashTable.h:49:41:[m[K [01;35m[Kwarning: [m[K'[01m
[Koffsetof[m[K' within non-standard-layout type '[01m[KFrameScript_EventObject[m[K' is conditionally-supported [
[01;35m[K-Winvalid-offsetof[m[K]
   49 |     TSGrowableArray<STORM_EXPLICIT_LIST(T, m_linktoslot) > m_slotlistarray;
[01m[KD:/workcode/game/warden/Source/Engine/Source/Common/TSHashTable.h:49:21:[m[K [01;36m[Knote: [m[Kin expans
ion of macro '[01m[KSTORM_EXPLICIT_LIST[m[K'
   49 |     TSGrowableArray<[01;36m[KSTORM_EXPLICIT_LIST[m[K(T, m_linktoslot) > m_slotlistarray;
      |                     [01;36m[K^~~~~~~~~~~~~~~~~~~[m[K
[ 89%] Building CXX object CMakeFiles/warden.dir/Source/UI/FrameXML.cpp.obj
In file included from [01m[KC:/Program Files/JetBrains/CLion 2026.2.1/bin/mingw/x86_64-w64-mingw32/include/stdint.h:3
2[m[K,
                 from [01m[KC:/Program Files/JetBrains/CLion 2026.2.1/bin/mingw/lib/gcc/x86_64-w64-mingw32/15.2.0/inc
lude/stdint.h:11[m[K,
                 from [01m[KC:/Program Files/JetBrains/CLion 2026.2.1/bin/mingw/lib/gcc/x86_64-w64-mingw32/15.2.0/inc
lude/c++/cstdint:47[m[K,
                 from [01m[KD:\workcode\game\warden\Source\UI\FrameXML.h:3[m[K,
                 from [01m[KD:\workcode\game\warden\Source\UI\FrameXML.cpp:1[m[K:
[01m[KD:/workcode/game/warden/Source/UI/CLayoutFrame.h:143:32:[m[K [01;35m[Kwarning: [m[K'[01m[Koffsetof[m[
K' within non-standard-layout type '[01m[KCLayoutFrame[m[K' is conditionally-supported [[01;35m[K-Winvalid-offset
of[m[K]
  143 |     extern STORM_EXPLICIT_LIST(CLayoutFrame, resizeLink) s_resizePendingList;
[01m[KD:/workcode/game/warden/Source/UI/CLayoutFrame.h:143:12:[m[K [01;36m[Knote: [m[Kin expansion of macro '[
01m[KSTORM_EXPLICIT_LIST[m[K'
  143 |     extern [01;36m[KSTORM_EXPLICIT_LIST[m[K(CLayoutFrame, resizeLink) s_resizePendingList;
      |            [01;36m[K^~~~~~~~~~~~~~~~~~~[m[K
[01m[KD:\workcode\game\warden\Source\UI\CSimpleFrame.h:74:25:[m[K [01;35m[Kwarning: [m[K'[01m[Koffsetof[m[K
' within non-standard-layout type '[01m[KCSimpleRegion[m[K' is conditionally-supported [[01;35m[K-Winvalid-offset
of[m[K]
   74 |     STORM_EXPLICIT_LIST(CSimpleRegion, m_regionLink) m_regions;
[01m[KD:\workcode\game\warden\Source\UI\CSimpleFrame.h:74:5:[m[K [01;36m[Knote: [m[Kin expansion of macro '[01
m[KSTORM_EXPLICIT_LIST[m[K'
   74 |     [01;36m[KSTORM_EXPLICIT_LIST[m[K(CSimpleRegion, m_regionLink) m_regions;
      |     [01;36m[K^~~~~~~~~~~~~~~~~~~[m[K
[01m[KD:\workcode\game\warden\Source\UI\CSimpleFrame.h:75:25:[m[K [01;35m[Kwarning: [m[K'[01m[Koffsetof[m[K
' within non-standard-layout type '[01m[KCSimpleRegion[m[K' is conditionally-supported [[01;35m[K-Winvalid-offset
of[m[K]
   75 |     STORM_EXPLICIT_LIST(CSimpleRegion, m_layerLink) m_drawlayers[NUM_SIMPLEFRAME_DRAWLAYERS];
[01m[KD:\workcode\game\warden\Source\UI\CSimpleFrame.h:75:5:[m[K [01;36m[Knote: [m[Kin expansion of macro '[01
m[KSTORM_EXPLICIT_LIST[m[K'
   75 |     [01;36m[KSTORM_EXPLICIT_LIST[m[K(CSimpleRegion, m_layerLink) m_drawlayers[NUM_SIMPLEFRAME_DRAWLAYERS];
      |     [01;36m[K^~~~~~~~~~~~~~~~~~~[m[K
[01m[KD:\workcode\game\warden\Source\UI\CSimpleFrame.h:78:25:[m[K [01;35m[Kwarning: [m[K'[01m[Koffsetof[m[K
' within non-standard-layout type '[01m[KCRenderBatch[m[K' is conditionally-supported [[01;35m[K-Winvalid-offseto
f[m[K]
   78 |     STORM_EXPLICIT_LIST(CRenderBatch, renderLink) m_renderList;
[01m[KD:\workcode\game\warden\Source\UI\CSimpleFrame.h:78:5:[m[K [01;36m[Knote: [m[Kin expansion of macro '[01
m[KSTORM_EXPLICIT_LIST[m[K'
   78 |     [01;36m[KSTORM_EXPLICIT_LIST[m[K(CRenderBatch, renderLink) m_renderList;
      |     [01;36m[K^~~~~~~~~~~~~~~~~~~[m[K
[01m[KD:\workcode\game\warden\Source\UI\CSimpleFont.h:41:25:[m[K [01;35m[Kwarning: [m[K'[01m[Koffsetof[m[K'
 within non-standard-layout type '[01m[KCSimpleFontable[m[K' is conditionally-supported [[01;35m[K-Winvalid-offse
tof[m[K]
   41 |     STORM_EXPLICIT_LIST(CSimpleFontable, m_fontableLink) m_fontableList;
[01m[KD:\workcode\game\warden\Source\UI\CSimpleFont.h:41:5:[m[K [01;36m[Knote: [m[Kin expansion of macro '[01m
[KSTORM_EXPLICIT_LIST[m[K'
   41 |     [01;36m[KSTORM_EXPLICIT_LIST[m[K(CSimpleFontable, m_fontableLink) m_fontableList;
      |     [01;36m[K^~~~~~~~~~~~~~~~~~~[m[K
D:/workcode/game/warden/Source/Engine/Source/Common/TSHashTable.h: In instantiation of '[01m[Kclass TSHashTable<Frame
FactoryNode, HASHKEY_STRI>[m[K':
[01m[KD:\workcode\game\warden\Source\UI\FrameXML.cpp:16:55:[m[K   required from here
   16 | TSHashTable<FrameFactoryNode, HASHKEY_STRI> FrameXML::[01;36m[Ks_factoryHash[m[K;
      |                                                       [01;36m[K^~~~~~~~~~~~~[m[K
[01m[KD:/workcode/game/warden/Source/Engine/Source/Common/TSHashTable.h:41:25:[m[K [01;35m[Kwarning: [m[K'[01m
[Koffsetof[m[K' within non-standard-layout type '[01m[KFrameFactoryNode[m[K' is conditionally-supported [[01;35
m[K-Winvalid-offsetof[m[K]
   41 |     STORM_EXPLICIT_LIST(T, m_linktofull) m_fulllist;
[01m[KD:/workcode/game/warden/Source/Engine/Source/Common/TSHashTable.h:41:5:[m[K [01;36m[Knote: [m[Kin expansi
on of macro '[01m[KSTORM_EXPLICIT_LIST[m[K'
   41 |     [01;36m[KSTORM_EXPLICIT_LIST[m[K(T, m_linktofull) m_fulllist;
      |     [01;36m[K^~~~~~~~~~~~~~~~~~~[m[K
[01m[KD:/workcode/game/warden/Source/Engine/Source/Common/TSHashTable.h:49:41:[m[K [01;35m[Kwarning: [m[K'[01m
[Koffsetof[m[K' within non-standard-layout type '[01m[KFrameFactoryNode[m[K' is conditionally-supported [[01;35
m[K-Winvalid-offsetof[m[K]
   49 |     TSGrowableArray<STORM_EXPLICIT_LIST(T, m_linktoslot) > m_slotlistarray;
[01m[KD:/workcode/game/warden/Source/Engine/Source/Common/TSHashTable.h:49:21:[m[K [01;36m[Knote: [m[Kin expans
ion of macro '[01m[KSTORM_EXPLICIT_LIST[m[K'
   49 |     TSGrowableArray<[01;36m[KSTORM_EXPLICIT_LIST[m[K(T, m_linktoslot) > m_slotlistarray;
      |                     [01;36m[K^~~~~~~~~~~~~~~~~~~[m[K
[01m[KD:/workcode/game/warden/Source/Engine/Source/Common/TSHashTable.h:49:41:[m[K [01;35m[Kwarning: [m[K'[01m
[Koffsetof[m[K' within non-standard-layout type '[01m[KFrameFactoryNode[m[K' is conditionally-supported [[01;35
m[K-Winvalid-offsetof[m[K]
   49 |     TSGrowableArray<STORM_EXPLICIT_LIST(T, m_linktoslot) > m_slotlistarray;
[01m[KD:/workcode/game/warden/Source/Engine/Source/Common/TSHashTable.h:49:21:[m[K [01;36m[Knote: [m[Kin expans
ion of macro '[01m[KSTORM_EXPLICIT_LIST[m[K'
   49 |     TSGrowableArray<[01;36m[KSTORM_EXPLICIT_LIST[m[K(T, m_linktoslot) > m_slotlistarray;
      |                     [01;36m[K^~~~~~~~~~~~~~~~~~~[m[K
[01m[KD:/workcode/game/warden/Source/Engine/Source/Common/TSHashTable.h:49:41:[m[K [01;35m[Kwarning: [m[K'[01m
[Koffsetof[m[K' within non-standard-layout type '[01m[KFrameFactoryNode[m[K' is conditionally-supported [[01;35
m[K-Winvalid-offsetof[m[K]
   49 |     TSGrowableArray<STORM_EXPLICIT_LIST(T, m_linktoslot) > m_slotlistarray;
[01m[KD:/workcode/game/warden/Source/Engine/Source/Common/TSHashTable.h:49:21:[m[K [01;36m[Knote: [m[Kin expans
ion of macro '[01m[KSTORM_EXPLICIT_LIST[m[K'
   49 |     TSGrowableArray<[01;36m[KSTORM_EXPLICIT_LIST[m[K(T, m_linktoslot) > m_slotlistarray;
      |                     [01;36m[K^~~~~~~~~~~~~~~~~~~[m[K
D:/workcode/game/warden/Source/Engine/Source/Common/TSHashTable.h: In instantiation of '[01m[Kclass TSHashTable<Hashe
dNode, HASHKEY_STRI>[m[K':
[01m[KD:\workcode\game\warden\Source\UI\FrameXML.cpp:17:49:[m[K   required from here
   17 | TSHashTable<HashedNode, HASHKEY_STRI> FrameXML::[01;36m[Ks_nodeHash[m[K;
      |                                                 [01;36m[K^~~~~~~~~~[m[K
[01m[KD:/workcode/game/warden/Source/Engine/Source/Common/TSHashTable.h:41:25:[m[K [01;35m[Kwarning: [m[K'[01m
[Koffsetof[m[K' within non-standard-layout type '[01m[KHashedNode[m[K' is conditionally-supported [[01;35m[K-W
invalid-offsetof[m[K]
   41 |     STORM_EXPLICIT_LIST(T, m_linktofull) m_fulllist;
[01m[KD:/workcode/game/warden/Source/Engine/Source/Common/TSHashTable.h:41:5:[m[K [01;36m[Knote: [m[Kin expansi
on of macro '[01m[KSTORM_EXPLICIT_LIST[m[K'
   41 |     [01;36m[KSTORM_EXPLICIT_LIST[m[K(T, m_linktofull) m_fulllist;
      |     [01;36m[K^~~~~~~~~~~~~~~~~~~[m[K
[01m[KD:/workcode/game/warden/Source/Engine/Source/Common/TSHashTable.h:49:41:[m[K [01;35m[Kwarning: [m[K'[01m
[Koffsetof[m[K' within non-standard-layout type '[01m[KHashedNode[m[K' is conditionally-supported [[01;35m[K-W
invalid-offsetof[m[K]
   49 |     TSGrowableArray<STORM_EXPLICIT_LIST(T, m_linktoslot) > m_slotlistarray;
[01m[KD:/workcode/game/warden/Source/Engine/Source/Common/TSHashTable.h:49:21:[m[K [01;36m[Knote: [m[Kin expans
ion of macro '[01m[KSTORM_EXPLICIT_LIST[m[K'
   49 |     TSGrowableArray<[01;36m[KSTORM_EXPLICIT_LIST[m[K(T, m_linktoslot) > m_slotlistarray;
      |                     [01;36m[K^~~~~~~~~~~~~~~~~~~[m[K
[01m[KD:/workcode/game/warden/Source/Engine/Source/Common/TSHashTable.h:49:41:[m[K [01;35m[Kwarning: [m[K'[01m
[Koffsetof[m[K' within non-standard-layout type '[01m[KHashedNode[m[K' is conditionally-supported [[01;35m[K-W
invalid-offsetof[m[K]
   49 |     TSGrowableArray<STORM_EXPLICIT_LIST(T, m_linktoslot) > m_slotlistarray;
[01m[KD:/workcode/game/warden/Source/Engine/Source/Common/TSHashTable.h:49:21:[m[K [01;36m[Knote: [m[Kin expans
ion of macro '[01m[KSTORM_EXPLICIT_LIST[m[K'
   49 |     TSGrowableArray<[01;36m[KSTORM_EXPLICIT_LIST[m[K(T, m_linktoslot) > m_slotlistarray;
      |                     [01;36m[K^~~~~~~~~~~~~~~~~~~[m[K
[01m[KD:/workcode/game/warden/Source/Engine/Source/Common/TSHashTable.h:49:41:[m[K [01;35m[Kwarning: [m[K'[01m
[Koffsetof[m[K' within non-standard-layout type '[01m[KHashedNode[m[K' is conditionally-supported [[01;35m[K-W
invalid-offsetof[m[K]
   49 |     TSGrowableArray<STORM_EXPLICIT_LIST(T, m_linktoslot) > m_slotlistarray;
[01m[KD:/workcode/game/warden/Source/Engine/Source/Common/TSHashTable.h:49:21:[m[K [01;36m[Knote: [m[Kin expans
ion of macro '[01m[KSTORM_EXPLICIT_LIST[m[K'
   49 |     TSGrowableArray<[01;36m[KSTORM_EXPLICIT_LIST[m[K(T, m_linktoslot) > m_slotlistarray;
      |                     [01;36m[K^~~~~~~~~~~~~~~~~~~[m[K
D:/workcode/game/warden/Source/Engine/Source/Common/TSHashTable.h: In instantiation of '[01m[KT* TSHashTable<T, TKey>
::[01;32m[KInternalNewNode[m[K(uint32_t, size_t, uint32_t) [35m[K[with T = FrameFactoryNode; TKey = HASHKEY_STRI;
 uint32_t = unsigned int; size_t = long long unsigned int][m[K[m[K':
[01m[KD:/workcode/game/warden/Source/Engine/Source/Common/TSHashTable.h:221:20:[m[K   required from '[01m[KT* TSH
ashTable<T, TKey>::[01;32m[KNew[m[K(uint32_t, const char*, size_t, uint32_t) [35m[K[with T = FrameFactoryNode; TK
ey = HASHKEY_STRI; uint32_t = unsigned int; size_t = long long unsigned int][m[K[m[K'
  221 |     T *ptr = [01;36m[Kthis->InternalNewNode[m[K(hashval, extrabytes, flags);
      |              [01;36m[K~~~~~~^~~~~~~~~~~~~~~[m[K
[01m[KD:/workcode/game/warden/Source/Engine/Source/Common/TSHashTable.h:216:21:[m[K   required from '[01m[KT* TSH
ashTable<T, TKey>::[01;32m[KNew[m[K(const char*, size_t, uint32_t) [35m[K[with T = FrameFactoryNode; TKey = HASHK
EY_STRI; size_t = long long unsigned int; uint32_t = unsigned int][m[K[m[K'
  216 |     return [01;36m[Kthis->New(hashval, str, extrabytes, flags)[m[K;
      |            [01;36m[K~~~~~~~~~^~~~~~~~~~~~~~~~~~~~~~~~~~~~~~~~~[m[K
[01m[KD:\workcode\game\warden\Source\UI\FrameXML.cpp:530:57:[m[K   required from here
  530 |     FrameFactoryNode *node = [01;36m[KFrameXML::s_factoryHash.New(type, 0, 0)[m[K;
      |                              [01;36m[K~~~~~~~~~~~~~~~~~~~~~~~~~~~^~~~~~~~~~~~[m[K
[01m[KD:/workcode/game/warden/Source/Engine/Source/Common/TSHashTable.h:49:41:[m[K [01;35m[Kwarning: [m[K'[01m
[Koffsetof[m[K' within non-standard-layout type '[01m[KFrameFactoryNode[m[K' is conditionally-supported [[01;35
m[K-Winvalid-offsetof[m[K]
   49 |     TSGrowableArray<STORM_EXPLICIT_LIST(T, m_linktoslot) > m_slotlistarray;
[01m[KD:/workcode/game/warden/Source/Engine/Source/Common/TSHashTable.h:49:21:[m[K [01;36m[Knote: [m[Kin expans
ion of macro '[01m[KSTORM_EXPLICIT_LIST[m[K'
   49 |     TSGrowableArray<[01;36m[KSTORM_EXPLICIT_LIST[m[K(T, m_linktoslot) > m_slotlistarray;
      |                     [01;36m[K^~~~~~~~~~~~~~~~~~~[m[K
D:/workcode/game/warden/Source/Engine/Source/Common/TSHashTable.h: In instantiation of '[01m[KT* TSHashTable<T, TKey>
::[01;32m[KInternalNewNode[m[K(uint32_t, size_t, uint32_t) [35m[K[with T = HashedNode; TKey = HASHKEY_STRI; uint3
2_t = unsigned int; size_t = long long unsigned int][m[K[m[K':
[01m[KD:/workcode/game/warden/Source/Engine/Source/Common/TSHashTable.h:221:20:[m[K   required from '[01m[KT* TSH
ashTable<T, TKey>::[01;32m[KNew[m[K(uint32_t, const char*, size_t, uint32_t) [35m[K[with T = HashedNode; TKey = H
ASHKEY_STRI; uint32_t = unsigned int; size_t = long long unsigned int][m[K[m[K'
  221 |     T *ptr = [01;36m[Kthis->InternalNewNode[m[K(hashval, extrabytes, flags);
      |              [01;36m[K~~~~~~^~~~~~~~~~~~~~~[m[K
[01m[KD:/workcode/game/warden/Source/Engine/Source/Common/TSHashTable.h:216:21:[m[K   required from '[01m[KT* TSH
ashTable<T, TKey>::[01;32m[KNew[m[K(const char*, size_t, uint32_t) [35m[K[with T = HashedNode; TKey = HASHKEY_STR
I; size_t = long long unsigned int; uint32_t = unsigned int][m[K[m[K'
  216 |     return [01;36m[Kthis->New(hashval, str, extrabytes, flags)[m[K;
      |            [01;36m[K~~~~~~~~~^~~~~~~~~~~~~~~~~~~~~~~~~~~~~~~~~[m[K
[01m[KD:\workcode\game\warden\Source\UI\FrameXML.cpp:577:54:[m[K   required from here
  577 |         HashedNode *hashed = [01;36m[KFrameXML::s_nodeHash.New(name, 0, 0)[m[K;
      |                              [01;36m[K~~~~~~~~~~~~~~~~~~~~~~~~^~~~~~~~~~~~[m[K
[01m[KD:/workcode/game/warden/Source/Engine/Source/Common/TSHashTable.h:49:41:[m[K [01;35m[Kwarning: [m[K'[01m
[Koffsetof[m[K' within non-standard-layout type '[01m[KHashedNode[m[K' is conditionally-supported [[01;35m[K-W
invalid-offsetof[m[K]
   49 |     TSGrowableArray<STORM_EXPLICIT_LIST(T, m_linktoslot) > m_slotlistarray;
[01m[KD:/workcode/game/warden/Source/Engine/Source/Common/TSHashTable.h:49:21:[m[K [01;36m[Knote: [m[Kin expans
ion of macro '[01m[KSTORM_EXPLICIT_LIST[m[K'
   49 |     TSGrowableArray<[01;36m[KSTORM_EXPLICIT_LIST[m[K(T, m_linktoslot) > m_slotlistarray;
      |                     [01;36m[K^~~~~~~~~~~~~~~~~~~[m[K
D:/workcode/game/warden/Source/Engine/Source/Common/TSHashTable.h: In instantiation of '[01m[Kvoid TSHashTable<T, TKe
y>::[01;32m[KInitialize[m[K() [35m[K[with T = FrameFactoryNode; TKey = HASHKEY_STRI][m[K[m[K':
[01m[KD:/workcode/game/warden/Source/Engine/Source/Common/TSHashTable.h:190:15:[m[K   required from '[01m[KT* TSH
ashTable<T, TKey>::[01;32m[KInternalNewNode[m[K(uint32_t, size_t, uint32_t) [35m[K[with T = FrameFactoryNode; TKe
y = HASHKEY_STRI; uint32_t = unsigned int; size_t = long long unsigned int][m[K[m[K'
  190 |         [01;36m[Kthis->Initialize[m[K();
      |         [01;36m[K~~~~~~^~~~~~~~~~[m[K
[01m[KD:/workcode/game/warden/Source/Engine/Source/Common/TSHashTable.h:221:20:[m[K   required from '[01m[KT* TSH
ashTable<T, TKey>::[01;32m[KNew[m[K(uint32_t, const char*, size_t, uint32_t) [35m[K[with T = FrameFactoryNode; TK
ey = HASHKEY_STRI; uint32_t = unsigned int; size_t = long long unsigned int][m[K[m[K'
  221 |     T *ptr = [01;36m[Kthis->InternalNewNode[m[K(hashval, extrabytes, flags);
      |              [01;36m[K~~~~~~^~~~~~~~~~~~~~~[m[K
[01m[KD:/workcode/game/warden/Source/Engine/Source/Common/TSHashTable.h:216:21:[m[K   required from '[01m[KT* TSH
ashTable<T, TKey>::[01;32m[KNew[m[K(const char*, size_t, uint32_t) [35m[K[with T = FrameFactoryNode; TKey = HASHK
EY_STRI; size_t = long long unsigned int; uint32_t = unsigned int][m[K[m[K'
  216 |     return [01;36m[Kthis->New(hashval, str, extrabytes, flags)[m[K;
      |            [01;36m[K~~~~~~~~~^~~~~~~~~~~~~~~~~~~~~~~~~~~~~~~~~[m[K
[01m[KD:\workcode\game\warden\Source\UI\FrameXML.cpp:530:57:[m[K   required from here
  530 |     FrameFactoryNode *node = [01;36m[KFrameXML::s_factoryHash.New(type, 0, 0)[m[K;
      |                              [01;36m[K~~~~~~~~~~~~~~~~~~~~~~~~~~~^~~~~~~~~~~~[m[K
[01m[KD:/workcode/game/warden/Source/Engine/Source/Common/TSHashTable.h:49:41:[m[K [01;35m[Kwarning: [m[K'[01m
[Koffsetof[m[K' within non-standard-layout type '[01m[KFrameFactoryNode[m[K' is conditionally-supported [[01;35
m[K-Winvalid-offsetof[m[K]
   49 |     TSGrowableArray<STORM_EXPLICIT_LIST(T, m_linktoslot) > m_slotlistarray;
[01m[KD:/workcode/game/warden/Source/Engine/Source/Common/TSHashTable.h:49:21:[m[K [01;36m[Knote: [m[Kin expans
ion of macro '[01m[KSTORM_EXPLICIT_LIST[m[K'
   49 |     TSGrowableArray<[01;36m[KSTORM_EXPLICIT_LIST[m[K(T, m_linktoslot) > m_slotlistarray;
      |                     [01;36m[K^~~~~~~~~~~~~~~~~~~[m[K
D:/workcode/game/warden/Source/Engine/Source/Common/TSHashTable.h: In instantiation of '[01m[KT* TSHashTable<T, TKey>
::[01;32m[KInternalNew[m[K(TSExplicitList<T, offsetof(T, m_linktoslot)>*, size_t, uint32_t) [35m[K[with T = Frame
FactoryNode; TKey = HASHKEY_STRI; size_t = long long unsigned int; uint32_t = unsigned int][m[K[m[K':
[01m[KD:/workcode/game/warden/Source/Engine/Source/Common/TSHashTable.h:200:19:[m[K   required from '[01m[KT* TSH
ashTable<T, TKey>::[01;32m[KInternalNewNode[m[K(uint32_t, size_t, uint32_t) [35m[K[with T = FrameFactoryNode; TKe
y = HASHKEY_STRI; uint32_t = unsigned int; size_t = long long unsigned int][m[K[m[K'
  200 |     T *v8 = [01;36m[Kthis->InternalNew[m[K(v7, extrabytes, flags);
      |             [01;36m[K~~~~~~^~~~~~~~~~~[m[K
[01m[KD:/workcode/game/warden/Source/Engine/Source/Common/TSHashTable.h:221:20:[m[K   required from '[01m[KT* TSH
ashTable<T, TKey>::[01;32m[KNew[m[K(uint32_t, const char*, size_t, uint32_t) [35m[K[with T = FrameFactoryNode; TK
ey = HASHKEY_STRI; uint32_t = unsigned int; size_t = long long unsigned int][m[K[m[K'
  221 |     T *ptr = [01;36m[Kthis->InternalNewNode[m[K(hashval, extrabytes, flags);
      |              [01;36m[K~~~~~~^~~~~~~~~~~~~~~[m[K
[01m[KD:/workcode/game/warden/Source/Engine/Source/Common/TSHashTable.h:216:21:[m[K   required from '[01m[KT* TSH
ashTable<T, TKey>::[01;32m[KNew[m[K(const char*, size_t, uint32_t) [35m[K[with T = FrameFactoryNode; TKey = HASHK
EY_STRI; size_t = long long unsigned int; uint32_t = unsigned int][m[K[m[K'
  216 |     return [01;36m[Kthis->New(hashval, str, extrabytes, flags)[m[K;
      |            [01;36m[K~~~~~~~~~^~~~~~~~~~~~~~~~~~~~~~~~~~~~~~~~~[m[K
[01m[KD:\workcode\game\warden\Source\UI\FrameXML.cpp:530:57:[m[K   required from here
  530 |     FrameFactoryNode *node = [01;36m[KFrameXML::s_factoryHash.New(type, 0, 0)[m[K;
      |                              [01;36m[K~~~~~~~~~~~~~~~~~~~~~~~~~~~^~~~~~~~~~~~[m[K
[01m[KD:/workcode/game/warden/Source/Engine/Source/Common/TSHashTable.h:49:41:[m[K [01;35m[Kwarning: [m[K'[01m
[Koffsetof[m[K' within non-standard-layout type '[01m[KFrameFactoryNode[m[K' is conditionally-supported [[01;35
m[K-Winvalid-offsetof[m[K]
   49 |     TSGrowableArray<STORM_EXPLICIT_LIST(T, m_linktoslot) > m_slotlistarray;
[01m[KD:/workcode/game/warden/Source/Engine/Source/Common/TSHashTable.h:49:21:[m[K [01;36m[Knote: [m[Kin expans
ion of macro '[01m[KSTORM_EXPLICIT_LIST[m[K'
   49 |     TSGrowableArray<[01;36m[KSTORM_EXPLICIT_LIST[m[K(T, m_linktoslot) > m_slotlistarray;
      |                     [01;36m[K^~~~~~~~~~~~~~~~~~~[m[K
D:/workcode/game/warden/Source/Engine/Source/Common/TSHashTable.h: In instantiation of '[01m[Kvoid TSHashTable<T, TKe
y>::[01;32m[KInitialize[m[K() [35m[K[with T = HashedNode; TKey = HASHKEY_STRI][m[K[m[K':
[01m[KD:/workcode/game/warden/Source/Engine/Source/Common/TSHashTable.h:190:15:[m[K   required from '[01m[KT* TSH
ashTable<T, TKey>::[01;32m[KInternalNewNode[m[K(uint32_t, size_t, uint32_t) [35m[K[with T = HashedNode; TKey = HA
SHKEY_STRI; uint32_t = unsigned int; size_t = long long unsigned int][m[K[m[K'
  190 |         [01;36m[Kthis->Initialize[m[K();
      |         [01;36m[K~~~~~~^~~~~~~~~~[m[K
[01m[KD:/workcode/game/warden/Source/Engine/Source/Common/TSHashTable.h:221:20:[m[K   required from '[01m[KT* TSH
ashTable<T, TKey>::[01;32m[KNew[m[K(uint32_t, const char*, size_t, uint32_t) [35m[K[with T = HashedNode; TKey = H
ASHKEY_STRI; uint32_t = unsigned int; size_t = long long unsigned int][m[K[m[K'
  221 |     T *ptr = [01;36m[Kthis->InternalNewNode[m[K(hashval, extrabytes, flags);
      |              [01;36m[K~~~~~~^~~~~~~~~~~~~~~[m[K
[01m[KD:/workcode/game/warden/Source/Engine/Source/Common/TSHashTable.h:216:21:[m[K   required from '[01m[KT* TSH
ashTable<T, TKey>::[01;32m[KNew[m[K(const char*, size_t, uint32_t) [35m[K[with T = HashedNode; TKey = HASHKEY_STR
I; size_t = long long unsigned int; uint32_t = unsigned int][m[K[m[K'
  216 |     return [01;36m[Kthis->New(hashval, str, extrabytes, flags)[m[K;
      |            [01;36m[K~~~~~~~~~^~~~~~~~~~~~~~~~~~~~~~~~~~~~~~~~~[m[K
[01m[KD:\workcode\game\warden\Source\UI\FrameXML.cpp:577:54:[m[K   required from here
  577 |         HashedNode *hashed = [01;36m[KFrameXML::s_nodeHash.New(name, 0, 0)[m[K;
      |                              [01;36m[K~~~~~~~~~~~~~~~~~~~~~~~~^~~~~~~~~~~~[m[K
[01m[KD:/workcode/game/warden/Source/Engine/Source/Common/TSHashTable.h:49:41:[m[K [01;35m[Kwarning: [m[K'[01m
[Koffsetof[m[K' within non-standard-layout type '[01m[KHashedNode[m[K' is conditionally-supported [[01;35m[K-W
invalid-offsetof[m[K]
   49 |     TSGrowableArray<STORM_EXPLICIT_LIST(T, m_linktoslot) > m_slotlistarray;
[01m[KD:/workcode/game/warden/Source/Engine/Source/Common/TSHashTable.h:49:21:[m[K [01;36m[Knote: [m[Kin expans
ion of macro '[01m[KSTORM_EXPLICIT_LIST[m[K'
   49 |     TSGrowableArray<[01;36m[KSTORM_EXPLICIT_LIST[m[K(T, m_linktoslot) > m_slotlistarray;
      |                     [01;36m[K^~~~~~~~~~~~~~~~~~~[m[K
D:/workcode/game/warden/Source/Engine/Source/Common/TSHashTable.h: In instantiation of '[01m[KT* TSHashTable<T, TKey>
::[01;32m[KInternalNew[m[K(TSExplicitList<T, offsetof(T, m_linktoslot)>*, size_t, uint32_t) [35m[K[with T = Hashe
dNode; TKey = HASHKEY_STRI; size_t = long long unsigned int; uint32_t = unsigned int][m[K[m[K':
[01m[KD:/workcode/game/warden/Source/Engine/Source/Common/TSHashTable.h:200:19:[m[K   required from '[01m[KT* TSH
ashTable<T, TKey>::[01;32m[KInternalNewNode[m[K(uint32_t, size_t, uint32_t) [35m[K[with T = HashedNode; TKey = HA
SHKEY_STRI; uint32_t = unsigned int; size_t = long long unsigned int][m[K[m[K'
  200 |     T *v8 = [01;36m[Kthis->InternalNew[m[K(v7, extrabytes, flags);
      |             [01;36m[K~~~~~~^~~~~~~~~~~[m[K
[01m[KD:/workcode/game/warden/Source/Engine/Source/Common/TSHashTable.h:221:20:[m[K   required from '[01m[KT* TSH
ashTable<T, TKey>::[01;32m[KNew[m[K(uint32_t, const char*, size_t, uint32_t) [35m[K[with T = HashedNode; TKey = H
ASHKEY_STRI; uint32_t = unsigned int; size_t = long long unsigned int][m[K[m[K'
  221 |     T *ptr = [01;36m[Kthis->InternalNewNode[m[K(hashval, extrabytes, flags);
      |              [01;36m[K~~~~~~^~~~~~~~~~~~~~~[m[K
[01m[KD:/workcode/game/warden/Source/Engine/Source/Common/TSHashTable.h:216:21:[m[K   required from '[01m[KT* TSH
ashTable<T, TKey>::[01;32m[KNew[m[K(const char*, size_t, uint32_t) [35m[K[with T = HashedNode; TKey = HASHKEY_STR
I; size_t = long long unsigned int; uint32_t = unsigned int][m[K[m[K'
  216 |     return [01;36m[Kthis->New(hashval, str, extrabytes, flags)[m[K;
      |            [01;36m[K~~~~~~~~~^~~~~~~~~~~~~~~~~~~~~~~~~~~~~~~~~[m[K
[01m[KD:\workcode\game\warden\Source\UI\FrameXML.cpp:577:54:[m[K   required from here
  577 |         HashedNode *hashed = [01;36m[KFrameXML::s_nodeHash.New(name, 0, 0)[m[K;
      |                              [01;36m[K~~~~~~~~~~~~~~~~~~~~~~~~^~~~~~~~~~~~[m[K
[01m[KD:/workcode/game/warden/Source/Engine/Source/Common/TSHashTable.h:49:41:[m[K [01;35m[Kwarning: [m[K'[01m
[Koffsetof[m[K' within non-standard-layout type '[01m[KHashedNode[m[K' is conditionally-supported [[01;35m[K-W
invalid-offsetof[m[K]
   49 |     TSGrowableArray<STORM_EXPLICIT_LIST(T, m_linktoslot) > m_slotlistarray;
[01m[KD:/workcode/game/warden/Source/Engine/Source/Common/TSHashTable.h:49:21:[m[K [01;36m[Knote: [m[Kin expans
ion of macro '[01m[KSTORM_EXPLICIT_LIST[m[K'
   49 |     TSGrowableArray<[01;36m[KSTORM_EXPLICIT_LIST[m[K(T, m_linktoslot) > m_slotlistarray;
      |                     [01;36m[K^~~~~~~~~~~~~~~~~~~[m[K
D:/workcode/game/warden/Source/Engine/Source/Common/TSHashTable.h: In instantiation of '[01m[Kint32_t TSHashTable<T, 
TKey>::[01;32m[KGetLinkOffset[m[K() [35m[K[with T = FrameFactoryNode; TKey = HASHKEY_STRI; int32_t = int][m[K[
m[K':
[01m[KD:/workcode/game/warden/Source/Engine/Source/Common/TSHashTable.h:117:29:[m[K   required from '[01m[Kvoid T
SHashTable<T, TKey>::[01;32m[KInitialize[m[K() [35m[K[with T = FrameFactoryNode; TKey = HASHKEY_STRI][m[K[m[K
'
  117 |     int32_t linkOfs = [01;36m[Kthis->GetLinkOffset[m[K();
      |                       [01;36m[K~~~~~~^~~~~~~~~~~~~[m[K
[01m[KD:/workcode/game/warden/Source/Engine/Source/Common/TSHashTable.h:190:15:[m[K   required from '[01m[KT* TSH
ashTable<T, TKey>::[01;32m[KInternalNewNode[m[K(uint32_t, size_t, uint32_t) [35m[K[with T = FrameFactoryNode; TKe
y = HASHKEY_STRI; uint32_t = unsigned int; size_t = long long unsigned int][m[K[m[K'
  190 |         [01;36m[Kthis->Initialize[m[K();
      |         [01;36m[K~~~~~~^~~~~~~~~~[m[K
[01m[KD:/workcode/game/warden/Source/Engine/Source/Common/TSHashTable.h:221:20:[m[K   required from '[01m[KT* TSH
ashTable<T, TKey>::[01;32m[KNew[m[K(uint32_t, const char*, size_t, uint32_t) [35m[K[with T = FrameFactoryNode; TK
ey = HASHKEY_STRI; uint32_t = unsigned int; size_t = long long unsigned int][m[K[m[K'
  221 |     T *ptr = [01;36m[Kthis->InternalNewNode[m[K(hashval, extrabytes, flags);
      |              [01;36m[K~~~~~~^~~~~~~~~~~~~~~[m[K
[01m[KD:/workcode/game/warden/Source/Engine/Source/Common/TSHashTable.h:216:21:[m[K   required from '[01m[KT* TSH
ashTable<T, TKey>::[01;32m[KNew[m[K(const char*, size_t, uint32_t) [35m[K[with T = FrameFactoryNode; TKey = HASHK
EY_STRI; size_t = long long unsigned int; uint32_t = unsigned int][m[K[m[K'
  216 |     return [01;36m[Kthis->New(hashval, str, extrabytes, flags)[m[K;
      |            [01;36m[K~~~~~~~~~^~~~~~~~~~~~~~~~~~~~~~~~~~~~~~~~~[m[K
[01m[KD:\workcode\game\warden\Source\UI\FrameXML.cpp:530:57:[m[K   required from here
  530 |     FrameFactoryNode *node = [01;36m[KFrameXML::s_factoryHash.New(type, 0, 0)[m[K;
      |                              [01;36m[K~~~~~~~~~~~~~~~~~~~~~~~~~~~^~~~~~~~~~~~[m[K
[01m[KD:/workcode/game/warden/Source/Engine/Source/Common/TSHashTable.h:104:26:[m[K [01;35m[Kwarning: [m[K'[01
m[Koffsetof[m[K' within non-standard-layout type '[01m[KFrameFactoryNode[m[K' is conditionally-supported [[01;3
5m[K-Winvalid-offsetof[m[K]
  104 |     return STRUCT_OFFSET(T, m_linktoslot);
[01m[KD:/workcode/game/warden/Source/Engine/Source/Common/TSHashTable.h:104:12:[m[K [01;36m[Knote: [m[Kin expan
sion of macro '[01m[KSTRUCT_OFFSET[m[K'
  104 |     return [01;36m[KSTRUCT_OFFSET[m[K(T, m_linktoslot);
      |            [01;36m[K^~~~~~~~~~~~~[m[K
D:/workcode/game/warden/Source/Engine/Source/Common/TSHashTable.h: In instantiation of '[01m[Kint32_t TSHashTable<T, 
TKey>::[01;32m[KGetLinkOffset[m[K() [35m[K[with T = HashedNode; TKey = HASHKEY_STRI; int32_t = int][m[K[m[K':
[01m[KD:/workcode/game/warden/Source/Engine/Source/Common/TSHashTable.h:117:29:[m[K   required from '[01m[Kvoid T
SHashTable<T, TKey>::[01;32m[KInitialize[m[K() [35m[K[with T = HashedNode; TKey = HASHKEY_STRI][m[K[m[K'
  117 |     int32_t linkOfs = [01;36m[Kthis->GetLinkOffset[m[K();
      |                       [01;36m[K~~~~~~^~~~~~~~~~~~~[m[K
[01m[KD:/workcode/game/warden/Source/Engine/Source/Common/TSHashTable.h:190:15:[m[K   required from '[01m[KT* TSH
ashTable<T, TKey>::[01;32m[KInternalNewNode[m[K(uint32_t, size_t, uint32_t) [35m[K[with T = HashedNode; TKey = HA
SHKEY_STRI; uint32_t = unsigned int; size_t = long long unsigned int][m[K[m[K'
  190 |         [01;36m[Kthis->Initialize[m[K();
      |         [01;36m[K~~~~~~^~~~~~~~~~[m[K
[01m[KD:/workcode/game/warden/Source/Engine/Source/Common/TSHashTable.h:221:20:[m[K   required from '[01m[KT* TSH
ashTable<T, TKey>::[01;32m[KNew[m[K(uint32_t, const char*, size_t, uint32_t) [35m[K[with T = HashedNode; TKey = H
ASHKEY_STRI; uint32_t = unsigned int; size_t = long long unsigned int][m[K[m[K'
  221 |     T *ptr = [01;36m[Kthis->InternalNewNode[m[K(hashval, extrabytes, flags);
      |              [01;36m[K~~~~~~^~~~~~~~~~~~~~~[m[K
[01m[KD:/workcode/game/warden/Source/Engine/Source/Common/TSHashTable.h:216:21:[m[K   required from '[01m[KT* TSH
ashTable<T, TKey>::[01;32m[KNew[m[K(const char*, size_t, uint32_t) [35m[K[with T = HashedNode; TKey = HASHKEY_STR
I; size_t = long long unsigned int; uint32_t = unsigned int][m[K[m[K'
  216 |     return [01;36m[Kthis->New(hashval, str, extrabytes, flags)[m[K;
      |            [01;36m[K~~~~~~~~~^~~~~~~~~~~~~~~~~~~~~~~~~~~~~~~~~[m[K
[01m[KD:\workcode\game\warden\Source\UI\FrameXML.cpp:577:54:[m[K   required from here
  577 |         HashedNode *hashed = [01;36m[KFrameXML::s_nodeHash.New(name, 0, 0)[m[K;
      |                              [01;36m[K~~~~~~~~~~~~~~~~~~~~~~~~^~~~~~~~~~~~[m[K
[01m[KD:/workcode/game/warden/Source/Engine/Source/Common/TSHashTable.h:104:26:[m[K [01;35m[Kwarning: [m[K'[01
m[Koffsetof[m[K' within non-standard-layout type '[01m[KHashedNode[m[K' is conditionally-supported [[01;35m[K-
Winvalid-offsetof[m[K]
  104 |     return STRUCT_OFFSET(T, m_linktoslot);
[01m[KD:/workcode/game/warden/Source/Engine/Source/Common/TSHashTable.h:104:12:[m[K [01;36m[Knote: [m[Kin expan
sion of macro '[01m[KSTRUCT_OFFSET[m[K'
  104 |     return [01;36m[KSTRUCT_OFFSET[m[K(T, m_linktoslot);
      |            [01;36m[K^~~~~~~~~~~~~[m[K
[ 89%] Building CXX object CMakeFiles/warden.dir/Source/UI/Interface.cpp.obj
[ 89%] Building CXX object CMakeFiles/warden.dir/Source/UI/LoadXML.cpp.obj
In file included from [01m[KC:/Program Files/JetBrains/CLion 2026.2.1/bin/mingw/x86_64-w64-mingw32/include/stdint.h:3
2[m[K,
                 from [01m[KC:/Program Files/JetBrains/CLion 2026.2.1/bin/mingw/lib/gcc/x86_64-w64-mingw32/15.2.0/inc
lude/stdint.h:11[m[K,
                 from [01m[KC:/Program Files/JetBrains/CLion 2026.2.1/bin/mingw/lib/gcc/x86_64-w64-mingw32/15.2.0/inc
lude/c++/cstdint:47[m[K,
                 from [01m[KD:/workcode/game/warden/Source/UI/LoadXML.h:3[m[K,
                 from [01m[KD:\workcode\game\warden\Source\UI\LoadXML.cpp:1[m[K:
[01m[KD:/workcode/game/warden/Source/UI/CLayoutFrame.h:143:32:[m[K [01;35m[Kwarning: [m[K'[01m[Koffsetof[m[
K' within non-standard-layout type '[01m[KCLayoutFrame[m[K' is conditionally-supported [[01;35m[K-Winvalid-offset
of[m[K]
  143 |     extern STORM_EXPLICIT_LIST(CLayoutFrame, resizeLink) s_resizePendingList;
[01m[KD:/workcode/game/warden/Source/UI/CLayoutFrame.h:143:12:[m[K [01;36m[Knote: [m[Kin expansion of macro '[
01m[KSTORM_EXPLICIT_LIST[m[K'
  143 |     extern [01;36m[KSTORM_EXPLICIT_LIST[m[K(CLayoutFrame, resizeLink) s_resizePendingList;
      |            [01;36m[K^~~~~~~~~~~~~~~~~~~[m[K
[ 89%] Building CXX object CMakeFiles/warden.dir/Source/UI/LuaExtraFuncs.cpp.obj
[ 89%] Building CXX object CMakeFiles/warden.dir/Source/UI/LuaMemory.cpp.obj
[ 89%] Building CXX object CMakeFiles/warden.dir/Source/UI/OsGui.cpp.obj
[ 89%] Building CXX object CMakeFiles/warden.dir/Source/UI/ScriptFunctions.cpp.obj
In file included from [01m[KC:/Program Files/JetBrains/CLion 2026.2.1/bin/mingw/x86_64-w64-mingw32/include/stdint.h:3
2[m[K,
                 from [01m[KC:/Program Files/JetBrains/CLion 2026.2.1/bin/mingw/lib/gcc/x86_64-w64-mingw32/15.2.0/inc
lude/stdint.h:11[m[K,
                 from [01m[KC:/Program Files/JetBrains/CLion 2026.2.1/bin/mingw/lib/gcc/x86_64-w64-mingw32/15.2.0/inc
lude/c++/cstdint:47[m[K,
                 from [01m[KD:/workcode/game/warden/Source/UI/Types.h:3[m[K,
                 from [01m[KD:/workcode/game/warden/Source/UI/ScriptFunctions.h:3[m[K,
                 from [01m[KD:\workcode\game\warden\Source\UI\ScriptFunctions.cpp:1[m[K:
[01m[KD:/workcode/game/warden/Source/UI/CLayoutFrame.h:143:32:[m[K [01;35m[Kwarning: [m[K'[01m[Koffsetof[m[
K' within non-standard-layout type '[01m[KCLayoutFrame[m[K' is conditionally-supported [[01;35m[K-Winvalid-offset
of[m[K]
  143 |     extern STORM_EXPLICIT_LIST(CLayoutFrame, resizeLink) s_resizePendingList;
[01m[KD:/workcode/game/warden/Source/UI/CLayoutFrame.h:143:12:[m[K [01;36m[Knote: [m[Kin expansion of macro '[
01m[KSTORM_EXPLICIT_LIST[m[K'
  143 |     extern [01;36m[KSTORM_EXPLICIT_LIST[m[K(CLayoutFrame, resizeLink) s_resizePendingList;
      |            [01;36m[K^~~~~~~~~~~~~~~~~~~[m[K
[01m[KD:/workcode/game/warden/Source/UI/CSimpleFrame.h:74:25:[m[K [01;35m[Kwarning: [m[K'[01m[Koffsetof[m[K
' within non-standard-layout type '[01m[KCSimpleRegion[m[K' is conditionally-supported [[01;35m[K-Winvalid-offset
of[m[K]
   74 |     STORM_EXPLICIT_LIST(CSimpleRegion, m_regionLink) m_regions;
[01m[KD:/workcode/game/warden/Source/UI/CSimpleFrame.h:74:5:[m[K [01;36m[Knote: [m[Kin expansion of macro '[01
m[KSTORM_EXPLICIT_LIST[m[K'
   74 |     [01;36m[KSTORM_EXPLICIT_LIST[m[K(CSimpleRegion, m_regionLink) m_regions;
      |     [01;36m[K^~~~~~~~~~~~~~~~~~~[m[K
[01m[KD:/workcode/game/warden/Source/UI/CSimpleFrame.h:75:25:[m[K [01;35m[Kwarning: [m[K'[01m[Koffsetof[m[K
' within non-standard-layout type '[01m[KCSimpleRegion[m[K' is conditionally-supported [[01;35m[K-Winvalid-offset
of[m[K]
   75 |     STORM_EXPLICIT_LIST(CSimpleRegion, m_layerLink) m_drawlayers[NUM_SIMPLEFRAME_DRAWLAYERS];
[01m[KD:/workcode/game/warden/Source/UI/CSimpleFrame.h:75:5:[m[K [01;36m[Knote: [m[Kin expansion of macro '[01
m[KSTORM_EXPLICIT_LIST[m[K'
   75 |     [01;36m[KSTORM_EXPLICIT_LIST[m[K(CSimpleRegion, m_layerLink) m_drawlayers[NUM_SIMPLEFRAME_DRAWLAYERS];
      |     [01;36m[K^~~~~~~~~~~~~~~~~~~[m[K
[01m[KD:/workcode/game/warden/Source/UI/CSimpleFrame.h:78:25:[m[K [01;35m[Kwarning: [m[K'[01m[Koffsetof[m[K
' within non-standard-layout type '[01m[KCRenderBatch[m[K' is conditionally-supported [[01;35m[K-Winvalid-offseto
f[m[K]
   78 |     STORM_EXPLICIT_LIST(CRenderBatch, renderLink) m_renderList;
[01m[KD:/workcode/game/warden/Source/UI/CSimpleFrame.h:78:5:[m[K [01;36m[Knote: [m[Kin expansion of macro '[01
m[KSTORM_EXPLICIT_LIST[m[K'
   78 |     [01;36m[KSTORM_EXPLICIT_LIST[m[K(CRenderBatch, renderLink) m_renderList;
      |     [01;36m[K^~~~~~~~~~~~~~~~~~~[m[K
[01m[KD:/workcode/game/warden/Source/UI/CSimpleFont.h:41:25:[m[K [01;35m[Kwarning: [m[K'[01m[Koffsetof[m[K'
 within non-standard-layout type '[01m[KCSimpleFontable[m[K' is conditionally-supported [[01;35m[K-Winvalid-offse
tof[m[K]
   41 |     STORM_EXPLICIT_LIST(CSimpleFontable, m_fontableLink) m_fontableList;
[01m[KD:/workcode/game/warden/Source/UI/CSimpleFont.h:41:5:[m[K [01;36m[Knote: [m[Kin expansion of macro '[01m
[KSTORM_EXPLICIT_LIST[m[K'
   41 |     [01;36m[KSTORM_EXPLICIT_LIST[m[K(CSimpleFontable, m_fontableLink) m_fontableList;
      |     [01;36m[K^~~~~~~~~~~~~~~~~~~[m[K
[ 89%] Building CXX object CMakeFiles/warden.dir/Source/UI/ScriptFunctionsCharCreate.cpp.obj
[ 91%] Building CXX object CMakeFiles/warden.dir/Source/UI/ScriptFunctionsCharSelect.cpp.obj
In file included from [01m[KD:/workcode/game/warden/Source/StormMac/db/Db.h:7[m[K,
                 from [01m[KD:\workcode\game\warden\Source\UI\ScriptFunctionsCharSelect.cpp:6[m[K:
[01m[KD:/workcode/game/warden/Source/StormMac/db/WowClientDB.h:90:22:[m[K [01;35m[Kwarning: [m[Kmulti-character
 character constant [[01;35m[K-Wmultichar[m[K]
   90 |     if (signature != [01;35m[K'CBDW'[m[K) {
      |                      [01;35m[K^~~~~~[m[K
In file included from [01m[KC:/Program Files/JetBrains/CLion 2026.2.1/bin/mingw/x86_64-w64-mingw32/include/stdint.h:3
2[m[K,
                 from [01m[KC:/Program Files/JetBrains/CLion 2026.2.1/bin/mingw/lib/gcc/x86_64-w64-mingw32/15.2.0/inc
lude/stdint.h:11[m[K,
                 from [01m[KC:/Program Files/JetBrains/CLion 2026.2.1/bin/mingw/lib/gcc/x86_64-w64-mingw32/15.2.0/inc
lude/c++/cstdint:47[m[K,
                 from [01m[KD:/workcode/game/warden/Source/UI/Types.h:3[m[K,
                 from [01m[KD:/workcode/game/warden/Source/UI/ScriptFunctions.h:3[m[K,
                 from [01m[KD:\workcode\game\warden\Source\UI\ScriptFunctionsCharSelect.cpp:1[m[K:
[01m[KD:/workcode/game/warden/Source/UI/CLayoutFrame.h:143:32:[m[K [01;35m[Kwarning: [m[K'[01m[Koffsetof[m[
K' within non-standard-layout type '[01m[KCLayoutFrame[m[K' is conditionally-supported [[01;35m[K-Winvalid-offset
of[m[K]
  143 |     extern STORM_EXPLICIT_LIST(CLayoutFrame, resizeLink) s_resizePendingList;
[01m[KD:/workcode/game/warden/Source/UI/CLayoutFrame.h:143:12:[m[K [01;36m[Knote: [m[Kin expansion of macro '[
01m[KSTORM_EXPLICIT_LIST[m[K'
  143 |     extern [01;36m[KSTORM_EXPLICIT_LIST[m[K(CLayoutFrame, resizeLink) s_resizePendingList;
      |            [01;36m[K^~~~~~~~~~~~~~~~~~~[m[K
[01m[KD:/workcode/game/warden/Source/UI/CSimpleFrame.h:74:25:[m[K [01;35m[Kwarning: [m[K'[01m[Koffsetof[m[K
' within non-standard-layout type '[01m[KCSimpleRegion[m[K' is conditionally-supported [[01;35m[K-Winvalid-offset
of[m[K]
   74 |     STORM_EXPLICIT_LIST(CSimpleRegion, m_regionLink) m_regions;
[01m[KD:/workcode/game/warden/Source/UI/CSimpleFrame.h:74:5:[m[K [01;36m[Knote: [m[Kin expansion of macro '[01
m[KSTORM_EXPLICIT_LIST[m[K'
   74 |     [01;36m[KSTORM_EXPLICIT_LIST[m[K(CSimpleRegion, m_regionLink) m_regions;
      |     [01;36m[K^~~~~~~~~~~~~~~~~~~[m[K
[01m[KD:/workcode/game/warden/Source/UI/CSimpleFrame.h:75:25:[m[K [01;35m[Kwarning: [m[K'[01m[Koffsetof[m[K
' within non-standard-layout type '[01m[KCSimpleRegion[m[K' is conditionally-supported [[01;35m[K-Winvalid-offset
of[m[K]
   75 |     STORM_EXPLICIT_LIST(CSimpleRegion, m_layerLink) m_drawlayers[NUM_SIMPLEFRAME_DRAWLAYERS];
[01m[KD:/workcode/game/warden/Source/UI/CSimpleFrame.h:75:5:[m[K [01;36m[Knote: [m[Kin expansion of macro '[01
m[KSTORM_EXPLICIT_LIST[m[K'
   75 |     [01;36m[KSTORM_EXPLICIT_LIST[m[K(CSimpleRegion, m_layerLink) m_drawlayers[NUM_SIMPLEFRAME_DRAWLAYERS];
      |     [01;36m[K^~~~~~~~~~~~~~~~~~~[m[K
[01m[KD:/workcode/game/warden/Source/UI/CSimpleFrame.h:78:25:[m[K [01;35m[Kwarning: [m[K'[01m[Koffsetof[m[K
' within non-standard-layout type '[01m[KCRenderBatch[m[K' is conditionally-supported [[01;35m[K-Winvalid-offseto
f[m[K]
   78 |     STORM_EXPLICIT_LIST(CRenderBatch, renderLink) m_renderList;
[01m[KD:/workcode/game/warden/Source/UI/CSimpleFrame.h:78:5:[m[K [01;36m[Knote: [m[Kin expansion of macro '[01
m[KSTORM_EXPLICIT_LIST[m[K'
   78 |     [01;36m[KSTORM_EXPLICIT_LIST[m[K(CRenderBatch, renderLink) m_renderList;
      |     [01;36m[K^~~~~~~~~~~~~~~~~~~[m[K
[01m[KD:\workcode\game\warden\Source\UI\ScriptFunctionsCharSelect.cpp:[m[K In function '[01m[Kint32_t[01;32m[K 
Script_UpdateSelectionCustomizationScene[m[K(lua_State*)[m[K':
[01m[KD:\workcode\game\warden\Source\UI\ScriptFunctionsCharSelect.cpp:68:26:[m[K [01;31m[Kerror: [m[K'[01m[KR
enderPrep[m[K' is not a member of '[01m[KCCharacterSelection[m[K'
   68 |     CCharacterSelection::[01;31m[KRenderPrep[m[K();
      |                          [01;31m[K^~~~~~~~~~[m[K
mingw32-make[3]: *** [CMakeFiles\warden.dir\build.make:6574: CMakeFiles/warden.dir/Source/UI/ScriptFunctionsCharSelect.
cpp.obj] Error 1
[ 91%] Building CXX object CMakeFiles/warden.dir/Source/UI/ScriptFunctionsGlueScriptEvents.cpp.obj
In file included from [01m[KD:/workcode/game/warden/Source/StormMac/db/Db.h:7[m[K,
                 from [01m[KD:\workcode\game\warden\Source\UI\ScriptFunctionsGlueScriptEvents.cpp:7[m[K:
[01m[KD:/workcode/game/warden/Source/StormMac/db/WowClientDB.h:90:22:[m[K [01;35m[Kwarning: [m[Kmulti-character
 character constant [[01;35m[K-Wmultichar[m[K]
   90 |     if (signature != [01;35m[K'CBDW'[m[K) {
      |                      [01;35m[K^~~~~~[m[K
In file included from [01m[KC:/Program Files/JetBrains/CLion 2026.2.1/bin/mingw/x86_64-w64-mingw32/include/stdint.h:3
2[m[K,
                 from [01m[KC:/Program Files/JetBrains/CLion 2026.2.1/bin/mingw/lib/gcc/x86_64-w64-mingw32/15.2.0/inc
lude/stdint.h:11[m[K,
                 from [01m[KC:/Program Files/JetBrains/CLion 2026.2.1/bin/mingw/lib/gcc/x86_64-w64-mingw32/15.2.0/inc
lude/c++/cstdint:47[m[K,
                 from [01m[KD:/workcode/game/warden/Source/UI/Types.h:3[m[K,
                 from [01m[KD:/workcode/game/warden/Source/UI/ScriptFunctions.h:3[m[K,
                 from [01m[KD:\workcode\game\warden\Source\UI\ScriptFunctionsGlueScriptEvents.cpp:1[m[K:
[01m[KD:/workcode/game/warden/Source/UI/CLayoutFrame.h:143:32:[m[K [01;35m[Kwarning: [m[K'[01m[Koffsetof[m[
K' within non-standard-layout type '[01m[KCLayoutFrame[m[K' is conditionally-supported [[01;35m[K-Winvalid-offset
of[m[K]
  143 |     extern STORM_EXPLICIT_LIST(CLayoutFrame, resizeLink) s_resizePendingList;
[01m[KD:/workcode/game/warden/Source/UI/CLayoutFrame.h:143:12:[m[K [01;36m[Knote: [m[Kin expansion of macro '[
01m[KSTORM_EXPLICIT_LIST[m[K'
  143 |     extern [01;36m[KSTORM_EXPLICIT_LIST[m[K(CLayoutFrame, resizeLink) s_resizePendingList;
      |            [01;36m[K^~~~~~~~~~~~~~~~~~~[m[K
[01m[KD:/workcode/game/warden/Source/UI/CSimpleFrame.h:74:25:[m[K [01;35m[Kwarning: [m[K'[01m[Koffsetof[m[K
' within non-standard-layout type '[01m[KCSimpleRegion[m[K' is conditionally-supported [[01;35m[K-Winvalid-offset
of[m[K]
   74 |     STORM_EXPLICIT_LIST(CSimpleRegion, m_regionLink) m_regions;
[01m[KD:/workcode/game/warden/Source/UI/CSimpleFrame.h:74:5:[m[K [01;36m[Knote: [m[Kin expansion of macro '[01
m[KSTORM_EXPLICIT_LIST[m[K'
   74 |     [01;36m[KSTORM_EXPLICIT_LIST[m[K(CSimpleRegion, m_regionLink) m_regions;
      |     [01;36m[K^~~~~~~~~~~~~~~~~~~[m[K
[01m[KD:/workcode/game/warden/Source/UI/CSimpleFrame.h:75:25:[m[K [01;35m[Kwarning: [m[K'[01m[Koffsetof[m[K
' within non-standard-layout type '[01m[KCSimpleRegion[m[K' is conditionally-supported [[01;35m[K-Winvalid-offset
of[m[K]
   75 |     STORM_EXPLICIT_LIST(CSimpleRegion, m_layerLink) m_drawlayers[NUM_SIMPLEFRAME_DRAWLAYERS];
[01m[KD:/workcode/game/warden/Source/UI/CSimpleFrame.h:75:5:[m[K [01;36m[Knote: [m[Kin expansion of macro '[01
m[KSTORM_EXPLICIT_LIST[m[K'
   75 |     [01;36m[KSTORM_EXPLICIT_LIST[m[K(CSimpleRegion, m_layerLink) m_drawlayers[NUM_SIMPLEFRAME_DRAWLAYERS];
      |     [01;36m[K^~~~~~~~~~~~~~~~~~~[m[K
[01m[KD:/workcode/game/warden/Source/UI/CSimpleFrame.h:78:25:[m[K [01;35m[Kwarning: [m[K'[01m[Koffsetof[m[K
' within non-standard-layout type '[01m[KCRenderBatch[m[K' is conditionally-supported [[01;35m[K-Winvalid-offseto
f[m[K]
   78 |     STORM_EXPLICIT_LIST(CRenderBatch, renderLink) m_renderList;
[01m[KD:/workcode/game/warden/Source/UI/CSimpleFrame.h:78:5:[m[K [01;36m[Knote: [m[Kin expansion of macro '[01
m[KSTORM_EXPLICIT_LIST[m[K'
   78 |     [01;36m[KSTORM_EXPLICIT_LIST[m[K(CRenderBatch, renderLink) m_renderList;
      |     [01;36m[K^~~~~~~~~~~~~~~~~~~[m[K
[01m[KD:/workcode/game/warden/Source/UI/CFrameStrata.h:13:25:[m[K [01;35m[Kwarning: [m[K'[01m[Koffsetof[m[K
' within non-standard-layout type '[01m[KCSimpleFrame[m[K' is conditionally-supported [[01;35m[K-Winvalid-offseto
f[m[K]
   13 |     STORM_EXPLICIT_LIST(CSimpleFrame, m_strataLink) pendingFrames;
[01m[KD:/workcode/game/warden/Source/UI/CFrameStrata.h:13:5:[m[K [01;36m[Knote: [m[Kin expansion of macro '[01
m[KSTORM_EXPLICIT_LIST[m[K'
   13 |     [01;36m[KSTORM_EXPLICIT_LIST[m[K(CSimpleFrame, m_strataLink) pendingFrames;
      |     [01;36m[K^~~~~~~~~~~~~~~~~~~[m[K
[01m[KD:/workcode/game/warden/Source/UI/CFrameStrata.h:14:25:[m[K [01;35m[Kwarning: [m[K'[01m[Koffsetof[m[K
' within non-standard-layout type '[01m[KCSimpleFrame[m[K' is conditionally-supported [[01;35m[K-Winvalid-offseto
f[m[K]
   14 |     STORM_EXPLICIT_LIST(CSimpleFrame, m_strataLink) frames;
[01m[KD:/workcode/game/warden/Source/UI/CFrameStrata.h:14:5:[m[K [01;36m[Knote: [m[Kin expansion of macro '[01
m[KSTORM_EXPLICIT_LIST[m[K'
   14 |     [01;36m[KSTORM_EXPLICIT_LIST[m[K(CSimpleFrame, m_strataLink) frames;
      |     [01;36m[K^~~~~~~~~~~~~~~~~~~[m[K
[01m[KD:/workcode/game/warden/Source/UI/CFrameStrata.h:18:25:[m[K [01;35m[Kwarning: [m[K'[01m[Koffsetof[m[K
' within non-standard-layout type '[01m[KCRenderBatch[m[K' is conditionally-supported [[01;35m[K-Winvalid-offseto
f[m[K]
   18 |     STORM_EXPLICIT_LIST(CRenderBatch, renderLink) renderList;
[01m[KD:/workcode/game/warden/Source/UI/CFrameStrata.h:18:5:[m[K [01;36m[Knote: [m[Kin expansion of macro '[01
m[KSTORM_EXPLICIT_LIST[m[K'
   18 |     [01;36m[KSTORM_EXPLICIT_LIST[m[K(CRenderBatch, renderLink) renderList;
      |     [01;36m[K^~~~~~~~~~~~~~~~~~~[m[K
[01m[KD:/workcode/game/warden/Source/UI/CSimpleTop.h:66:25:[m[K [01;35m[Kwarning: [m[K'[01m[Koffsetof[m[K' 
within non-standard-layout type '[01m[KCSimpleFrame[m[K' is conditionally-supported [[01;35m[K-Winvalid-offsetof
[m[K]
   66 |     STORM_EXPLICIT_LIST(CSimpleFrame, m_framesLink) m_frames;
[01m[KD:/workcode/game/warden/Source/UI/CSimpleTop.h:66:5:[m[K [01;36m[Knote: [m[Kin expansion of macro '[01m
[KSTORM_EXPLICIT_LIST[m[K'
   66 |     [01;36m[KSTORM_EXPLICIT_LIST[m[K(CSimpleFrame, m_framesLink) m_frames;
      |     [01;36m[K^~~~~~~~~~~~~~~~~~~[m[K
[01m[KD:/workcode/game/warden/Source/UI/CSimpleTop.h:67:25:[m[K [01;35m[Kwarning: [m[K'[01m[Koffsetof[m[K' 
within non-standard-layout type '[01m[KCSimpleFrame[m[K' is conditionally-supported [[01;35m[K-Winvalid-offsetof
[m[K]
   67 |     STORM_EXPLICIT_LIST(CSimpleFrame, m_destroyedLink) m_destroyed;
[01m[KD:/workcode/game/warden/Source/UI/CSimpleTop.h:67:5:[m[K [01;36m[Knote: [m[Kin expansion of macro '[01m
[KSTORM_EXPLICIT_LIST[m[K'
   67 |     [01;36m[KSTORM_EXPLICIT_LIST[m[K(CSimpleFrame, m_destroyedLink) m_destroyed;
      |     [01;36m[K^~~~~~~~~~~~~~~~~~~[m[K
[ 91%] Building CXX object CMakeFiles/warden.dir/Source/UI/ScriptFunctionsRealmList.cpp.obj
In file included from [01m[KD:/workcode/game/warden/Source/StormMac/db/Db.h:7[m[K,
                 from [01m[KD:\workcode\game\warden\Source\UI\ScriptFunctionsRealmList.cpp:7[m[K:
[01m[KD:/workcode/game/warden/Source/StormMac/db/WowClientDB.h:90:22:[m[K [01;35m[Kwarning: [m[Kmulti-character
 character constant [[01;35m[K-Wmultichar[m[K]
   90 |     if (signature != [01;35m[K'CBDW'[m[K) {
      |                      [01;35m[K^~~~~~[m[K
[01m[KD:\workcode\game\warden\Source\UI\ScriptFunctionsRealmList.cpp:[m[K In function '[01m[Kint32_t[01;32m[K S
cript_GetRealmInfo[m[K(lua_State*)[m[K':
[01m[KD:\workcode\game\warden\Source\UI\ScriptFunctionsRealmList.cpp:73:76:[m[K [01;31m[Kerror: [m[K'[01m[Kst
ruct RealmCategory[m[K' has no member named '[01m[Km_realms[m[K'; did you mean '[01m[Krealms[m[K'?
   73 |             realmInfo = ClientServices::GetRealmInfoByIndex(realmCategory->[01;31m[Km_realms[m[K[realmIndex
]);
      |                                                                            [01;31m[K^~~~~~~~[m[K
      |                                                                            [32m[Krealms[m[K
[01m[KD:\workcode\game\warden\Source\UI\ScriptFunctionsRealmList.cpp:82:84:[m[K [01;31m[Kerror: [m[K'[01m[Kst
ruct RealmCategory[m[K' has no member named '[01m[Km_realms[m[K'; did you mean '[01m[Krealms[m[K'?
   82 |                     realmInfo = ClientServices::GetRealmInfoByIndex(realmCategory->[01;31m[Km_realms[m[K[re
almIndex]);
      |                                                                                    [01;31m[K^~~~~~~~[m[K
      |                                                                                    [32m[Krealms[m[K
[01m[KD:\workcode\game\warden\Source\UI\ScriptFunctionsRealmList.cpp:[m[K In function '[01m[Kint32_t[01;32m[K S
cript_ChangeRealm[m[K(lua_State*)[m[K':
[01m[KD:\workcode\game\warden\Source\UI\ScriptFunctionsRealmList.cpp:204:21:[m[K [01;31m[Kerror: [m[K'[01m[Ks
_selectedCategory[m[K' is not a member of '[01m[KCRealmList[m[K'
  204 |         CRealmList::[01;31m[Ks_selectedCategory[m[K = categoryIndex;
      |                     [01;31m[K^~~~~~~~~~~~~~~~~~[m[K
[01m[KD:\workcode\game\warden\Source\UI\ScriptFunctionsRealmList.cpp:212:76:[m[K [01;31m[Kerror: [m[K'[01m[Ks
truct RealmCategory[m[K' has no member named '[01m[Km_realms[m[K'; did you mean '[01m[Krealms[m[K'?
  212 |             realmInfo = ClientServices::GetRealmInfoByIndex(realmCategory->[01;31m[Km_realms[m[K[realmIndex
]);
      |                                                                            [01;31m[K^~~~~~~~[m[K
      |                                                                            [32m[Krealms[m[K
[01m[KD:\workcode\game\warden\Source\UI\ScriptFunctionsRealmList.cpp:221:84:[m[K [01;31m[Kerror: [m[K'[01m[Ks
truct RealmCategory[m[K' has no member named '[01m[Km_realms[m[K'; did you mean '[01m[Krealms[m[K'?
  221 |                     realmInfo = ClientServices::GetRealmInfoByIndex(realmCategory->[01;31m[Km_realms[m[K[re
almIndex]);
      |                                                                                    [01;31m[K^~~~~~~~[m[K
      |                                                                                    [32m[Krealms[m[K
[01m[KD:\workcode\game\warden\Source\UI\ScriptFunctionsRealmList.cpp:230:25:[m[K [01;31m[Kerror: [m[K'[01m[Ks
_preferredCategory[m[K' is not a member of '[01m[KCRealmList[m[K'
  230 |         if (CRealmList::[01;31m[Ks_preferredCategory[m[K == -1) {
      |                         [01;31m[K^~~~~~~~~~~~~~~~~~~[m[K
[01m[KD:\workcode\game\warden\Source\UI\ScriptFunctionsRealmList.cpp:231:25:[m[K [01;31m[Kerror: [m[K'[01m[Ks
_preferredCategory[m[K' is not a member of '[01m[KCRealmList[m[K'
  231 |             CRealmList::[01;31m[Ks_preferredCategory[m[K = 0;
      |                         [01;31m[K^~~~~~~~~~~~~~~~~~~[m[K
[01m[KD:\workcode\game\warden\Source\UI\ScriptFunctionsRealmList.cpp:234:19:[m[K [01;31m[Kerror: [m[K'[01m[KC
hangeRealm[m[K' is not a member of '[01m[KCGlueMgr[m[K'
  234 |         CGlueMgr::[01;31m[KChangeRealm[m[K(realmInfo);
      |                   [01;31m[K^~~~~~~~~~~[m[K
[01m[KD:\workcode\game\warden\Source\UI\ScriptFunctionsRealmList.cpp:[m[K In function '[01m[Kint32_t[01;32m[K S
cript_SetPreferredInfo[m[K(lua_State*)[m[K':
[01m[KD:\workcode\game\warden\Source\UI\ScriptFunctionsRealmList.cpp:253:17:[m[K [01;31m[Kerror: [m[K'[01m[KS
etPreferredInfo[m[K' is not a member of '[01m[KCRealmList[m[K'
  253 |     CRealmList::[01;31m[KSetPreferredInfo[m[K(index, pvp, rp);
      |                 [01;31m[K^~~~~~~~~~~~~~~~[m[K
[01m[KD:\workcode\game\warden\Source\UI\ScriptFunctionsRealmList.cpp:[m[K In function '[01m[Kint32_t[01;32m[K S
cript_GetSelectedCategory[m[K(lua_State*)[m[K':
[01m[KD:\workcode\game\warden\Source\UI\ScriptFunctionsRealmList.cpp:275:34:[m[K [01;31m[Kerror: [m[K'[01m[Ks
_selectedCategory[m[K' is not a member of '[01m[KCRealmList[m[K'
  275 |             if (i >= CRealmList::[01;31m[Ks_selectedCategory[m[K) {
      |                                  [01;31m[K^~~~~~~~~~~~~~~~~~[m[K
mingw32-make[3]: *** [CMakeFiles\warden.dir\build.make:6604: CMakeFiles/warden.dir/Source/UI/ScriptFunctionsRealmList.c
pp.obj] Error 1
[ 91%] Building CXX object CMakeFiles/warden.dir/Source/UI/ScriptFunctionsShared.cpp.obj
[ 91%] Building CXX object CMakeFiles/warden.dir/Source/UI/ScriptFunctionsSimpleFrame.cpp.obj
In file included from [01m[KC:/Program Files/JetBrains/CLion 2026.2.1/bin/mingw/x86_64-w64-mingw32/include/stdint.h:3
2[m[K,
                 from [01m[KC:/Program Files/JetBrains/CLion 2026.2.1/bin/mingw/lib/gcc/x86_64-w64-mingw32/15.2.0/inc
lude/stdint.h:11[m[K,
                 from [01m[KC:/Program Files/JetBrains/CLion 2026.2.1/bin/mingw/lib/gcc/x86_64-w64-mingw32/15.2.0/inc
lude/c++/cstdint:47[m[K,
                 from [01m[KD:/workcode/game/warden/Source/UI/Types.h:3[m[K,
                 from [01m[KD:/workcode/game/warden/Source/UI/ScriptFunctions.h:3[m[K,
                 from [01m[KD:\workcode\game\warden\Source\UI\ScriptFunctionsSimpleFrame.cpp:1[m[K:
[01m[KD:/workcode/game/warden/Source/UI/CLayoutFrame.h:143:32:[m[K [01;35m[Kwarning: [m[K'[01m[Koffsetof[m[
K' within non-standard-layout type '[01m[KCLayoutFrame[m[K' is conditionally-supported [[01;35m[K-Winvalid-offset
of[m[K]
  143 |     extern STORM_EXPLICIT_LIST(CLayoutFrame, resizeLink) s_resizePendingList;
[01m[KD:/workcode/game/warden/Source/UI/CLayoutFrame.h:143:12:[m[K [01;36m[Knote: [m[Kin expansion of macro '[
01m[KSTORM_EXPLICIT_LIST[m[K'
  143 |     extern [01;36m[KSTORM_EXPLICIT_LIST[m[K(CLayoutFrame, resizeLink) s_resizePendingList;
      |            [01;36m[K^~~~~~~~~~~~~~~~~~~[m[K
[01m[KD:/workcode/game/warden/Source/UI/CSimpleFrame.h:74:25:[m[K [01;35m[Kwarning: [m[K'[01m[Koffsetof[m[K
' within non-standard-layout type '[01m[KCSimpleRegion[m[K' is conditionally-supported [[01;35m[K-Winvalid-offset
of[m[K]
   74 |     STORM_EXPLICIT_LIST(CSimpleRegion, m_regionLink) m_regions;
[01m[KD:/workcode/game/warden/Source/UI/CSimpleFrame.h:74:5:[m[K [01;36m[Knote: [m[Kin expansion of macro '[01
m[KSTORM_EXPLICIT_LIST[m[K'
   74 |     [01;36m[KSTORM_EXPLICIT_LIST[m[K(CSimpleRegion, m_regionLink) m_regions;
      |     [01;36m[K^~~~~~~~~~~~~~~~~~~[m[K
[01m[KD:/workcode/game/warden/Source/UI/CSimpleFrame.h:75:25:[m[K [01;35m[Kwarning: [m[K'[01m[Koffsetof[m[K
' within non-standard-layout type '[01m[KCSimpleRegion[m[K' is conditionally-supported [[01;35m[K-Winvalid-offset
of[m[K]
   75 |     STORM_EXPLICIT_LIST(CSimpleRegion, m_layerLink) m_drawlayers[NUM_SIMPLEFRAME_DRAWLAYERS];
[01m[KD:/workcode/game/warden/Source/UI/CSimpleFrame.h:75:5:[m[K [01;36m[Knote: [m[Kin expansion of macro '[01
m[KSTORM_EXPLICIT_LIST[m[K'
   75 |     [01;36m[KSTORM_EXPLICIT_LIST[m[K(CSimpleRegion, m_layerLink) m_drawlayers[NUM_SIMPLEFRAME_DRAWLAYERS];
      |     [01;36m[K^~~~~~~~~~~~~~~~~~~[m[K
[01m[KD:/workcode/game/warden/Source/UI/CSimpleFrame.h:78:25:[m[K [01;35m[Kwarning: [m[K'[01m[Koffsetof[m[K
' within non-standard-layout type '[01m[KCRenderBatch[m[K' is conditionally-supported [[01;35m[K-Winvalid-offseto
f[m[K]
   78 |     STORM_EXPLICIT_LIST(CRenderBatch, renderLink) m_renderList;
[01m[KD:/workcode/game/warden/Source/UI/CSimpleFrame.h:78:5:[m[K [01;36m[Knote: [m[Kin expansion of macro '[01
m[KSTORM_EXPLICIT_LIST[m[K'
   78 |     [01;36m[KSTORM_EXPLICIT_LIST[m[K(CRenderBatch, renderLink) m_renderList;
      |     [01;36m[K^~~~~~~~~~~~~~~~~~~[m[K
[ 91%] Building CXX object CMakeFiles/warden.dir/Source/UI/ScriptFunctionsSystem.cpp.obj
[ 91%] Building CXX object CMakeFiles/warden.dir/Source/UI/Util.cpp.obj
[ 91%] Building CXX object CMakeFiles/warden.dir/Source/Unit/CAbilityAttack.cpp.obj
[ 91%] Building CXX object CMakeFiles/warden.dir/Source/Unit/CAbilityCouple.cpp.obj
[ 93%] Building CXX object CMakeFiles/warden.dir/Source/Unit/CAbilityCriticalStrike.cpp.obj
[ 93%] Building CXX object CMakeFiles/warden.dir/Source/Unit/CAbilityEvasion.cpp.obj
[ 93%] Building CXX object CMakeFiles/warden.dir/Source/Unit/CAbilityMassTeleport.cpp.obj
[ 93%] Building CXX object CMakeFiles/warden.dir/Source/Unit/CAbilityMove.cpp.obj
[ 93%] Building CXX object CMakeFiles/warden.dir/Source/Unit/CAbilitySilence.cpp.obj
[ 93%] Building CXX object CMakeFiles/warden.dir/Source/Unit/CCustomData.cpp.obj
[ 93%] Building CXX object CMakeFiles/warden.dir/Source/Unit/CDestructable.cpp.obj
[ 93%] Building CXX object CMakeFiles/warden.dir/Source/Unit/CFStringUtilities.cpp.obj
[ 93%] Building CXX object CMakeFiles/warden.dir/Source/Unit/CItem.cpp.obj
[ 93%] Building CXX object CMakeFiles/warden.dir/Source/Unit/CMissile.cpp.obj
[ 94%] Building CXX object CMakeFiles/warden.dir/Source/Unit/CUnit.cpp.obj
[ 94%] Building CXX object CMakeFiles/warden.dir/Source/Unit/CUnitDatabase.cpp.obj
[ 94%] Building CXX object CMakeFiles/warden.dir/Source/Unit/CUnitUI.cpp.obj
[ 94%] Building CXX object CMakeFiles/warden.dir/Source/Unit/CUnit_Enum.cpp.obj
[ 94%] Building CXX object CMakeFiles/warden.dir/Source/Unit/CUnit_Ownership.cpp.obj
[ 94%] Building CXX object CMakeFiles/warden.dir/Source/Unit/CUnit_Visibility.cpp.obj
[ 94%] Building CXX object CMakeFiles/warden.dir/Source/Unit/CUnit_Vision.cpp.obj
[ 94%] Building CXX object CMakeFiles/warden.dir/Source/Unit/CWidget.cpp.obj
[ 94%] Building CXX object CMakeFiles/warden.dir/Source/Unit/NetUnit.cpp.obj
[ 94%] Building CXX object CMakeFiles/warden.dir/Source/World/WorldCampaign.cpp.obj
[ 96%] Building CXX object CMakeFiles/warden.dir/Source/World/WorldLoad.cpp.obj
[ 96%] Building CXX object CMakeFiles/warden.dir/Source/WorldEdit/CRegion.cpp.obj
[ 96%] Building CXX object CMakeFiles/warden.dir/Source/WorldEdit/CTerrain.cpp.obj
[ 96%] Building CXX object CMakeFiles/warden.dir/Source/WorldEdit/CTerrainBlight.cpp.obj
[ 96%] Building CXX object CMakeFiles/warden.dir/Source/WorldEdit/CTerrainBounds.cpp.obj
[ 96%] Building CXX object CMakeFiles/warden.dir/Source/WorldEdit/CTerrainClickEvent.cpp.obj
[ 96%] Building CXX object CMakeFiles/warden.dir/Source/WorldEdit/CTerrainCliff.cpp.obj
[ 96%] Building CXX object CMakeFiles/warden.dir/Source/WorldEdit/CTerrainCliffDoodads.cpp.obj
[ 96%] Building CXX object CMakeFiles/warden.dir/Source/WorldEdit/CTerrainDeformation.cpp.obj
[ 98%] Building CXX object CMakeFiles/warden.dir/Source/WorldEdit/CTerrainHeight.cpp.obj
[ 98%] Building CXX object CMakeFiles/warden.dir/Source/WorldEdit/CTerrainRamp.cpp.obj
[ 98%] Building CXX object CMakeFiles/warden.dir/Source/WorldEdit/CTerrainTextures.cpp.obj
[ 98%] Building CXX object CMakeFiles/warden.dir/Source/WorldEdit/CTerrainUberSplats.cpp.obj
[ 98%] Building CXX object CMakeFiles/warden.dir/Source/WorldEdit/CTerrainVertex.cpp.obj
[ 98%] Building CXX object CMakeFiles/warden.dir/Source/WorldEdit/CTerrainWater.cpp.obj
[ 98%] Building CXX object CMakeFiles/warden.dir/Source/WorldEdit/CWeatherArea.cpp.obj
[ 98%] Building CXX object CMakeFiles/warden.dir/Source/WorldEdit/CWeatherEffects.cpp.obj
[ 98%] Building CXX object CMakeFiles/warden.dir/Source/WorldEdit/CWeatherEmitter.cpp.obj
[ 98%] Building CXX object CMakeFiles/warden.dir/Source/WorldEdit/CWorldObjects.cpp.obj
[100%] Building CXX object CMakeFiles/warden.dir/Source/WorldEdit/CWorldObjectsClippable.cpp.obj
[100%] Building CXX object CMakeFiles/warden.dir/Source/WorldEdit/MapInfoFile.cpp.obj
[100%] Building CXX object CMakeFiles/warden.dir/Source/WorldEdit/TestGameFile.cpp.obj
[100%] Building CXX object CMakeFiles/warden.dir/Source/WorldEdit/TextureUtilities.cpp.obj
[100%] Building CXX object CMakeFiles/warden.dir/Source/WorldEdit/WEPreferences.cpp.obj
[100%] Building CXX object CMakeFiles/warden.dir/Source/WorldEdit/WEUtilities.cpp.obj
mingw32-make[3]: Target 'CMakeFiles/warden.dir/build' not remade because of errors.
mingw32-make[2]: *** [CMakeFiles\Makefile2:384: CMakeFiles/warden.dir/all] Error 2
mingw32-make[1]: *** [CMakeFiles\Makefile2:391: CMakeFiles/warden.dir/rule] Error 2
mingw32-make[1]: Target 'warden' not remade because of errors.
mingw32-make: *** [Makefile:178: warden] Error 2
